ALGO,AENO,LSST,SRNA,ELLT,AMRP,OTCS,HETT,HUXZ,DUCT,SMAH,NPCK,MSDP,EORC,CUBO,HRET,ANSO,DIHO,RTTH,SPLZ,NWIG,MMBT,MDGI,AGVF,RRES,CTGI,ALUT,ACAC,SRTX,GARI,RCRI,ACIX,CCNS,MTNS,IHOZ,NAYO,FWWG,EELT,HRND,AETS,ULXY,BLBT,BENI,ITPA,HTRK,NGTE,ILVX,FCSG,FARS,MHRM,EAFC
100.0,116.51,113.55,134.23,64.12,25.05,14.68,59.24,83.62,19.71,44.08,15.14,34.11,31.68,124.31,52.61,41.73,12.47,39.83,104.33,120.19,78.8,144.6,136.28,37.9,86.48,17.48,73.25,290.79,15.6,54.64,16.33,23.62,22.23,136.17,33.34,36.97,74.85,24.07,42.97,45.25,52.23,32.37,18.82,10.86,52.65,32.58,27.46,66.43,22.41,45.08
98.49,112.94,114.53,133.21,62.74,23.96,14.55,58.28,79.94,19.22,43.44,14.74,34.15,31.79,122.99,52.17,41.68,12.37,39.29,102.81,120.04,75.19,142.6,134.82,37.06,84.27,17.55,74.0,283.39,15.47,54.58,16.11,23.97,21.35,133.47,33.5,37.23,76.08,23.09,41.36,44.12,52.73,32.25,18.41,10.77,49.71,31.66,26.47,64.66,22.1,44.28
97.83,112.7,112.17,132.8,61.61,23.3,14.69,57.97,81.2,19.22,42.87,14.68,33.36,31.55,122.11,53.63,41.74,12.63,39.44,101.34,116.39,69.78,136.02,134.65,36.64,85.52,17.59,71.84,279.44,15.84,53.81,16.26,24.17,21.69,133.36,32.64,37.53,76.36,22.96,39.87,45.66,53.23,32.23,18.22,10.69,50.53,30.84,25.28,64.19,20.87,45.3
98.02,112.26,116.09,133.16,63.55,23.47,14.43,57.02,81.82,19.39,43.37,14.87,32.96,30.92,120.21,53.8,41.83,12.76,38.8,100.05,117.31,73.62,133.85,134.33,36.44,89.13,17.23,72.4,276.45,15.65,54.36,15.86,23.87,21.42,134.19,32.24,38.05,80.89,23.37,41.29,45.71,52.67,32.2,18.22,10.28,51.64,30.95,24.6,62.8,20.95,46.32
99.13,113.59,119.58,137.2,63.64,23.61,14.61,58.78,83.01,19.91,43.64,14.92,34.12,30.97,118.87,54.14,41.77,12.63,38.82,105.26,117.15,73.46,134.42,136.34,36.83,89.09,17.49,74.57,280.34,16.29,54.65,15.92,24.16,21.87,139.1,31.65,37.44,80.64,23.07,41.49,47.14,53.59,32.33,18.25,10.5,53.57,31.49,25.66,63.94,20.72,45.56
98.65,110.95,118.05,136.84,63.1,22.84,14.21,57.64,83.03,19.53,44.25,14.79,33.06,31.39,114.19,52.09,42.35,12.69,39.1,108.31,115.78,70.19,134.41,134.52,36.68,89.01,18.1,73.78,285.4,16.17,54.02,15.94,23.87,22.48,139.17,31.63,37.2,79.68,23.19,42.49,45.23,54.34,31.93,18.1,10.56,54.5,31.38,25.23,63.78,20.45,46.42
99.9,111.0,120.2,136.55,64.33,21.97,14.03,58.18,85.42,19.27,45.65,14.25,33.25,31.67,114.6,50.81,43.3,13.03,40.59,113.39,115.26,75.01,136.58,137.74,38.58,92.2,18.35,72.83,295.06,16.29,56.12,15.7,24.78,22.75,140.22,32.76,37.41,86.78,23.83,41.48,46.16,54.76,32.01,18.38,10.67,53.39,32.06,25.12,62.73,21.22,45.07
99.86,108.46,122.13,136.28,61.58,22.23,13.55,58.44,84.8,18.91,45.11,13.94,33.97,31.7,114.12,52.19,43.32,13.22,42.04,116.11,118.14,80.91,135.96,135.2,38.93,93.06,18.22,70.72,290.5,16.12,55.98,15.72,24.29,22.82,139.04,32.85,37.11,89.5,23.02,41.09,45.36,54.63,31.93,18.59,10.75,53.35,32.4,25.28,63.35,20.56,45.09
98.91,105.48,121.07,135.43,62.62,21.12,13.61,58.93,81.09,18.64,45.41,13.72,34.81,31.28,113.28,51.62,44.09,12.84,41.48,112.17,115.12,78.43,135.08,132.33,38.2,86.57,18.4,70.92,287.99,16.11,55.5,15.7,24.63,22.36,136.79,32.94,37.49,89.46,23.01,40.05,45.87,54.83,31.41,18.71,10.79,53.29,32.26,24.32,63.75,20.97,42.58
98.97,101.95,121.72,136.76,63.73,21.22,13.73,58.89,81.04,18.93,45.42,13.86,35.34,32.03,113.5,50.79,44.57,12.63,40.68,114.73,115.09,76.72,138.9,129.65,38.26,91.08,18.63,71.05,286.78,15.68,54.63,15.69,24.43,22.42,136.48,32.83,38.2,89.06,23.05,38.08,45.86,55.69,31.49,18.81,10.75,53.04,32.89,24.07,64.26,20.52,42.15
100.22,104.09,120.94,136.62,64.42,20.94,13.62,58.43,79.06,19.28,45.03,14.05,35.35,32.42,113.83,50.56,45.76,12.71,42.04,116.15,110.79,83.59,140.36,131.5,40.86,89.5,18.99,70.95,284.63,16.17,57.3,16.18,24.69,21.98,140.54,36.45,38.24,97.27,23.25,37.34,47.35,56.18,31.14,18.77,10.7,54.55,32.54,24.77,63.65,20.55,42.23
101.98,105.58,121.5,139.44,64.92,22.63,14.05,57.96,81.24,19.75,44.88,14.24,36.28,32.61,114.91,52.27,46.62,13.07,44.38,120.9,110.77,79.94,141.52,135.95,41.04,89.57,19.25,71.79,294.72,15.79,61.39,16.26,25.61,21.64,146.64,39.63,39.08,99.18,23.94,37.18,49.28,54.92,31.32,18.86,11.08,53.52,33.14,25.26,62.87,20.89,43.16
101.51,104.65,119.25,139.2,64.7,22.31,13.97,58.76,77.26,19.4,43.82,13.79,38.1,32.61,115.24,53.18,45.45,13.09,42.82,127.02,110.47,79.76,134.63,134.4,42.2,86.48,19.12,69.91,291.69,15.51,63.56,15.98,24.99,21.64,146.71,40.64,38.45,101.03,24.16,37.98,49.39,54.66,31.71,18.38,11.09,53.18,32.98,24.83,61.39,20.67,43.11
102.25,103.7,120.29,139.27,66.15,21.24,14.36,59.25,77.75,20.01,43.8,13.9,38.61,32.91,116.49,52.65,44.1,13.78,42.91,125.72,114.0,85.24,133.16,135.74,41.42,87.37,19.88,70.43,286.67,15.84,66.17,16.12,24.71,21.4,145.63,41.61,39.19,103.19,23.65,38.72,49.06,54.86,31.57,18.64,11.15,53.05,33.79,23.98,62.21,20.11,44.81
101.89,106.12,120.23,137.0,66.68,21.78,14.67,59.15,78.82,20.1,43.75,14.24,37.03,32.23,115.88,51.1,45.95,13.26,41.07,123.73,114.52,83.78,136.46,136.12,41.64,86.69,19.79,69.32,289.88,15.64,65.12,16.12,25.05,21.37,145.02,42.5,39.84,96.09,23.85,37.5,51.54,54.47,31.41,18.51,10.85,52.68,34.56,24.05,61.38,20.06,43.62
102.19,108.67,117.11,137.63,66.28,22.16,15.02,59.33,77.88,20.23,44.22,14.4,37.84,32.28,116.16,50.1,46.39,13.19,40.97,127.3,113.67,86.58,138.16,136.08,42.44,87.78,19.32,71.51,300.04,14.96,65.74,16.17,24.79,21.69,147.78,42.3,38.85,97.5,22.16,37.78,53.56,54.58,31.52,18.47,10.88,52.58,34.82,24.66,62.1,19.38,42.24
102.63,108.13,118.38,136.7,67.22,22.94,15.45,60.48,77.9,20.07,44.7,14.69,36.57,32.44,118.32,49.18,46.42,12.85,41.67,126.96,114.27,86.44,137.04,140.41,41.51,91.47,19.31,73.52,303.87,15.27,61.65,16.27,24.96,22.53,151.04,42.01,38.2,101.16,22.08,37.79,53.83,54.46,31.6,18.48,10.94,52.81,34.65,24.79,62.9,19.75,41.13
102.6,106.24,118.36,136.3,67.05,23.67,15.57,60.55,77.77,19.4,43.75,14.96,35.88,31.28,118.89,50.56,46.39,12.96,43.07,128.99,113.27,89.94,138.29,144.46,41.51,92.25,19.7,73.8,299.68,14.91,62.27,16.32,25.09,22.42,149.08,42.34,37.98,100.55,22.17,37.09,51.08,53.84,31.44,18.62,10.98,54.67,34.35,24.99,61.59,19.29,40.71
102.3,107.24,119.46,136.59,66.12,24.63,16.08,60.73,79.65,19.53,43.32,15.01,34.88,32.18,120.65,50.29,45.46,13.33,43.32,130.4,111.18,89.27,137.4,146.93,41.18,90.97,20.08,72.86,313.1,14.25,58.98,16.02,24.48,22.86,148.85,41.2,37.63,100.1,22.32,35.79,51.89,53.25,31.06,18.71,10.81,53.08,33.79,25.34,60.21,18.76,40.22
102.05,109.94,121.2,134.74,66.01,24.97,15.55,61.29,79.15,19.63,42.17,15.24,35.25,31.73,121.32,50.96,46.8,13.12,41.96,128.74,109.01,92.41,137.09,142.13,40.13,92.59,20.27,72.21,315.1,14.47,57.23,15.9,24.43,22.39,147.13,40.67,37.81,98.85,22.17,34.87,51.32,52.96,31.07,19.11,10.77,53.4,33.01,25.67,61.51,19.11,40.12
101.66,108.4,118.71,133.75,66.55,24.55,15.69,60.62,81.66,19.17,42.75,14.99,35.39,31.47,122.97,49.88,45.61,13.12,42.66,128.89,109.66,99.42,138.65,143.31,41.36,91.61,19.72,70.41,312.42,14.4,56.82,15.95,23.44,21.49,149.86,41.44,38.05,98.75,22.17,35.33,47.04,52.82,30.75,19.23,10.64,51.72,32.9,26.0,60.69,19.17,39.41
100.84,107.0,116.2,129.3,66.97,25.06,15.07,60.64,83.0,19.24,43.81,15.02,35.1,31.2,126.36,49.1,45.36,13.31,42.18,128.4,108.54,103.56,136.4,141.14,39.89,94.43,20.14,69.47,308.65,14.23,54.86,15.59,23.99,21.09,150.32,38.73,37.72,95.6,21.45,34.32,44.35,52.48,30.39,18.94,10.86,50.92,32.98,25.47,60.79,18.62,39.88
101.37,109.07,119.76,128.95,68.64,25.3,15.15,59.92,85.17,19.2,43.61,15.6,35.16,31.54,128.11,50.2,44.26,13.66,43.49,125.61,113.15,106.2,140.33,142.08,40.29,94.16,19.16,70.83,317.95,14.14,55.49,15.77,23.58,20.97,152.91,37.96,37.55,94.11,21.66,33.09,44.17,52.25,30.12,18.61,10.81,51.07,33.09,25.45,60.75,19.38,40.87
102.13,114.54,120.04,128.01,68.15,25.56,14.93,60.58,85.14,19.23,44.06,15.95,36.5,30.29,130.42,50.69,44.74,13.65,44.64,126.54,116.44,103.62,143.41,140.74,39.62,91.46,19.38,72.1,324.93,14.82,55.13,15.82,23.44,21.3,156.23,36.65,38.54,97.76,22.32,33.33,44.27,52.48,30.27,18.56,10.96,50.21,33.24,26.4,61.18,19.95,40.72
101.94,113.41,118.53,130.76,66.77,24.9,14.37,61.08,87.54,19.15,44.57,16.08,36.22,30.59,130.86,51.48,44.5,13.72,46.75,123.4,115.78,108.14,142.24,137.41,39.12,90.14,18.91,71.91,320.32,14.63,54.9,15.79,23.38,21.36,157.57,37.73,38.38,95.72,21.49,33.83,44.3,52.33,30.29,18.29,10.93,49.74,33.53,26.59,61.73,19.51,41.07
101.02,113.49,120.12,129.22,67.79,24.89,14.42,60.46,90.3,19.05,43.37,16.28,36.5,30.16,129.39,50.3,44.21,13.2,46.37,123.7,118.45,104.07,136.21,133.73,37.51,91.44,18.74,71.93,324.27,14.92,54.4,15.49,22.25,20.76,155.64,36.29,38.23,94.31,21.27,32.13,46.53,51.46,30.19,18.13,10.66,47.84,33.35,26.18,61.47,19.57,41.32
101.41,114.12,116.28,128.53,68.72,25.65,14.02,61.83,90.4,19.0,43.87,16.71,36.51,30.43,131.36,50.47,43.41,13.43,44.69,127.89,118.44,108.34,138.6,134.96,37.18,88.94,18.57,71.82,322.85,14.89,52.78,15.72,22.69,21.18,154.77,34.91,38.57,93.08,21.39,35.31,46.74,51.47,30.17,18.55,10.56,48.08,33.04,27.0,62.25,19.36,41.7
101.18,113.79,116.19,126.13,68.21,26.13,13.91,62.15,88.24,18.77,44.83,17.18,35.79,30.37,130.89,49.43,44.94,13.62,44.8,126.36,119.38,100.64,138.49,137.99,36.53,89.28,19.53,72.39,325.06,15.19,50.32,15.46,22.47,21.34,154.29,35.21,37.67,88.95,21.16,36.42,48.86,51.18,29.57,18.5,10.41,47.84,32.61,27.43,60.85,19.28,42.55
101.99,114.82,119.03,125.48,67.7,26.19,14.08,63.03,88.76,18.68,43.92,17.59,35.58,30.62,132.46,49.41,45.16,13.28,46.65,120.34,117.53,109.45,140.25,137.46,37.92,90.66,19.45,74.64,334.66,15.08,49.95,15.6,21.92,21.42,155.95,36.22,36.94,90.14,21.81,37.2,51.36,50.5,29.76,18.69,10.39,49.78,33.1,27.82,60.14,18.79,42.71
101.79,114.49,119.58,123.49,68.45,25.83,14.51,63.59,85.41,18.43,42.61,17.88,35.75,30.24,133.52,49.88,44.22,13.33,46.68,119.26,118.17,109.11,144.13,135.94,37.86,89.9,20.11,74.59,343.73,14.94,49.91,15.27,22.8,21.35,156.24,36.44,37.1,92.09,21.41,35.18,49.56,50.92,29.9,18.39,10.36,47.74,32.55,28.54,59.32,18.94,41.92
102.02,116.64,120.76,125.26,68.12,25.79,15.35,64.61,87.78,18.35,42.1,18.25,34.39,30.72,132.64,49.49,44.47,13.18,45.85,115.93,117.4,110.92,146.33,135.11,38.24,94.12,20.56,74.58,351.95,14.84,49.93,15.29,23.23,21.37,159.41,37.0,36.38,91.04,20.91,34.84,49.01,50.3,29.6,18.13,10.32,48.65,32.85,28.58,59.15,18.39,41.41
103.4,118.18,122.82,123.07,68.81,26.23,15.22,65.41,86.92,18.06,44.02,18.56,34.83,31.5,135.18,49.45,45.88,13.74,50.1,121.47,120.87,112.91,150.6,131.71,39.71,92.07,20.59,75.24,345.96,15.4,50.83,15.7,23.52,21.48,160.67,38.32,36.19,90.99,21.24,37.2,47.37,50.87,29.27,18.16,10.19,49.4,33.13,29.65,59.78,18.64,41.31
103.8,121.59,120.56,122.36,68.71,25.63,15.3,64.85,85.99,18.57,45.07,18.71,34.87,31.99,135.43,50.77,47.33,13.74,48.75,120.72,124.24,117.88,152.14,136.68,40.76,91.38,20.15,75.28,361.25,15.68,50.69,15.56,23.72,21.32,160.15,37.79,36.03,90.38,21.67,36.02,48.08,50.07,29.31,18.48,10.02,49.23,33.32,29.77,59.55,18.65,40.49
102.68,121.8,120.56,120.63,67.02,25.39,15.01,64.13,84.03,18.16,44.14,18.48,34.09,33.49,134.07,48.75,47.4,13.76,46.77,118.05,125.73,108.96,151.1,134.03,37.78,91.98,19.61,76.97,359.01,15.37,50.94,15.47,23.66,21.3,158.54,36.47,35.47,88.35,21.8,38.36,48.65,48.72,29.21,18.49,10.17,49.63,33.37,28.99,59.74,18.74,39.84
103.43,119.91,122.86,120.3,66.56,24.82,15.19,65.37,82.02,18.38,45.41,18.81,35.6,33.45,136.33,48.51,47.92,13.76,46.44,118.09,123.07,106.78,157.64,140.59,37.02,97.67,20.32,76.16,364.39,15.04,53.05,15.04,24.5,21.52,162.56,36.45,35.22,88.46,21.74,40.2,48.41,49.22,29.3,18.6,10.36,50.24,33.43,28.56,59.42,19.0,39.73
101.57,115.84,120.33,120.61,66.11,22.98,15.49,64.14,83.19,17.6,44.94,18.27,35.21,32.04,132.88,47.68,45.98,13.72,43.68,116.33,120.36,103.98,156.85,136.83,36.48,98.93,20.15,72.95,351.09,14.97,52.39,15.05,24.25,21.14,157.4,35.02,34.32,86.94,20.9,38.8,48.43,48.7,29.24,18.75,10.23,49.82,32.85,28.0,58.76,18.81,40.49
101.03,117.51,122.1,120.12,65.98,22.14,16.18,64.57,82.05,18.52,44.27,18.37,34.57,30.94,133.97,46.94,45.31,13.63,42.99,109.81,118.25,105.45,157.46,134.8,36.16,96.58,20.07,72.2,340.32,14.99,51.87,15.08,24.64,20.98,156.2,36.81,33.73,88.09,20.9,38.28,47.68,48.07,29.12,18.73,10.38,51.28,32.72,26.51,56.95,18.78,38.85
101.73,119.04,122.86,118.68,66.95,21.32,16.32,66.11,82.94,18.45,44.98,18.12,35.72,31.65,133.79,47.3,44.79,13.47,43.16,109.26,116.24,109.79,161.0,133.12,37.52,101.54,20.2,73.75,347.55,15.31,52.66,15.4,24.78,21.35,155.22,37.47,33.25,86.78,21.11,35.99,49.75,47.31,28.98,18.68,10.37,53.6,33.21,26.79,56.33,18.46,38.79
102.01,116.88,117.81,118.46,67.9,21.24,17.13,65.83,85.19,18.57,45.72,17.92,36.56,31.58,131.35,46.59,45.15,13.04,44.22,109.95,115.83,107.3,159.24,134.82,38.32,100.51,20.28,74.89,349.64,15.48,53.25,15.38,26.36,21.42,154.77,38.01,33.16,87.51,20.69,36.13,48.46,47.34,29.2,18.41,10.67,52.94,33.0,27.43,56.92,18.8,38.38
101.7,117.64,115.37,117.66,69.18,21.24,17.38,66.69,82.55,18.18,45.9,17.61,35.99,32.06,131.6,46.22,46.0,13.02,43.53,109.23,113.15,104.61,159.93,133.67,38.6,100.28,20.75,76.55,341.37,15.76,54.36,15.22,25.89,20.89,154.89,36.88,32.24,88.26,21.06,35.4,49.94,47.84,29.13,17.94,10.75,52.76,33.37,27.03,55.51,18.88,38.19
102.36,115.39,119.71,120.14,68.9,20.69,17.26,68.92,83.91,18.22,47.26,17.89,36.67,32.22,133.05,47.14,46.71,13.27,43.13,110.88,119.3,103.26,159.52,129.52,38.83,100.12,20.25,78.14,338.34,16.54,54.14,15.61,26.23,21.32,154.73,36.97,32.49,86.92,20.73,34.86,49.45,47.46,29.68,18.4,10.97,55.67,33.32,27.26,54.62,18.51,37.93
101.44,115.7,119.08,118.62,69.79,19.61,16.02,67.88,84.39,17.96,47.21,17.65,36.96,31.86,131.65,46.4,47.38,13.44,43.19,110.59,116.98,102.39,156.38,127.4,38.43,94.78,20.14,76.26,333.05,16.33,54.6,16.15,26.57,20.49,152.66,37.34,32.73,82.26,20.5,33.2,49.42,48.05,29.34,18.71,10.82,54.87,32.81,27.46,56.37,18.82,37.29
101.69,115.11,117.23,119.79,69.27,20.5,15.7,67.0,86.27,18.03,47.74,17.8,37.12,32.1,133.73,47.57,46.67,13.41,43.91,109.22,121.42,100.37,153.0,126.71,39.99,92.69,19.86,74.88,337.27,16.29,56.23,15.81,27.58,20.38,149.2,38.55,33.5,83.2,19.7,33.05,50.82,47.63,29.5,18.96,10.75,56.2,32.92,27.43,54.22,18.76,37.42
102.77,113.98,117.44,120.35,69.09,21.07,15.39,68.65,86.88,18.32,48.07,18.26,37.25,33.04,135.56,48.03,47.53,13.7,45.55,110.52,119.82,101.82,153.54,128.47,41.55,96.43,19.96,77.02,344.77,16.63,54.33,16.27,26.78,20.72,146.44,38.91,33.41,85.19,20.01,32.76,53.26,48.01,29.75,19.46,10.89,56.73,33.82,27.0,54.1,18.43,37.51
102.78,110.38,117.02,119.57,70.09,20.64,15.69,68.39,87.14,18.0,47.64,18.27,38.04,31.76,135.2,46.65,46.61,13.56,46.9,106.54,121.25,105.35,153.21,131.06,40.79,97.74,20.25,75.42,342.66,17.08,53.29,17.07,26.96,20.16,149.04,40.05,33.25,87.58,20.91,32.95,52.07,48.49,29.47,19.74,10.67,54.13,33.66,27.62,53.34,18.38,37.31
102.73,110.0,114.06,119.72,70.59,19.54,15.24,67.92,86.36,17.37,46.53,17.9,37.69,30.78,135.56,47.55,46.2,13.44,46.47,108.06,119.87,108.26,157.53,132.06,40.79,98.91,20.27,75.3,346.17,17.4,54.62,17.62,26.94,19.52,150.63,39.06,34.12,85.64,22.59,34.49,51.89,47.72,29.47,19.43,10.43,52.38,33.76,28.3,52.9,19.08,38.21
101.5,108.98,109.24,118.46,69.54,20.14,14.8,67.6,84.8,17.07,44.82,17.5,38.37,30.64,136.97,48.03,45.94,13.23,47.88,100.11,119.66,105.67,157.69,131.36,41.75,94.22,19.72,75.75,334.52,17.43,52.03,17.1,27.08,19.69,147.64,41.64,33.66,82.15,22.22,32.73,49.12,46.94,29.35,19.64,10.3,51.69,33.24,28.38,52.04,18.72,37.93
100.7,109.47,105.8,115.94,69.97,20.16,14.11,66.67,86.14,16.59,42.92,17.39,37.82,31.08,131.99,47.51,45.4,12.91,48.63,103.13,122.7,105.63,161.67,131.15,40.69,95.26,19.76,74.94,332.35,16.94,50.57,16.98,27.33,19.47,144.68,40.81,33.62,80.16,21.71,32.02,49.87,46.72,28.95,19.99,10.09,51.07,33.1,28.56,51.8,18.55,37.1
98.11,106.83,99.28,112.99,67.79,20.0,13.85,65.75,83.68,16.1,42.18,16.42,37.28,30.58,130.04,45.21,45.78,12.53,46.14,100.56,118.09,97.49,156.53,122.99,39.39,93.63,19.18,74.23,331.88,16.41,50.36,16.66,26.62,18.84,138.85,38.66,33.47,79.63,20.84,31.08,50.15,45.85,28.41,19.58,9.72,50.34,32.45,28.63,51.2,18.26,36.15
97.28,107.28,98.62,112.16,67.04,19.47,13.29,65.22,83.35,15.69,39.92,16.2,37.57,30.3,128.14,46.61,44.97,12.02,46.82,101.53,114.33,93.28,163.63,123.3,37.62,88.31,19.26,74.02,324.35,16.06,49.73,16.84,26.55,18.38,133.65,38.51,33.42,84.05,21.34,30.83,50.05,46.27,28.24,19.67,9.57,49.38,31.99,28.28,52.6,17.99,36.66
95.95,107.02,98.9,111.23,65.89,19.93,13.62,64.55,81.77,15.78,40.12,15.36,37.71,29.83,128.75,47.03,45.21,11.62,47.1,99.68,111.16,88.15,160.17,122.78,38.39,87.05,19.25,74.57,313.48,15.63,48.0,16.5,26.19,18.4,133.44,36.53,32.49,80.41,20.6,29.18,48.09,45.68,27.98,19.73,9.59,48.65,31.66,27.9,52.1,18.26,35.11
96.03,104.44,98.49,113.28,68.35,20.22,13.78,66.29,81.24,16.09,39.95,15.23,38.5,29.31,128.85,47.93,44.63,11.6,47.14,103.81,107.21,84.88,158.28,119.66,37.93,89.48,19.23,73.22,318.51,15.62,50.09,16.59,26.92,18.26,131.95,37.66,32.24,79.04,20.49,29.22,48.39,45.7,27.73,19.25,9.56,47.92,31.41,27.93,53.13,17.72,35.35
96.42,103.19,100.26,112.93,69.35,20.27,13.33,66.7,82.41,16.13,39.73,15.15,39.77,29.29,127.11,47.53,44.65,11.48,46.94,103.31,106.8,86.67,155.98,117.65,37.72,91.32,19.51,74.76,312.67,15.79,49.74,16.91,27.07,18.09,129.05,37.1,33.07,81.78,20.27,29.58,49.96,46.37,27.38,19.6,9.66,47.92,31.26,28.03,53.61,18.52,36.64
95.13,99.92,100.42,112.63,67.95,19.43,12.99,66.37,81.01,15.69,40.37,15.36,37.91,29.03,123.11,45.62,43.88,11.2,45.68,101.44,104.76,85.71,158.82,123.08,38.13,87.83,19.19,73.12,305.11,15.71,52.3,17.01,26.02,17.76,128.63,35.91,32.65,82.06,20.07,29.29,47.95,46.61,26.57,19.35,9.44,46.51,30.84,28.36,53.37,18.21,35.82
95.26,100.29,98.04,114.02,68.74,19.33,13.13,68.46,80.52,15.75,40.39,15.17,38.49,30.17,123.02,46.02,44.11,11.15,46.7,98.73,107.28,84.56,157.99,120.78,38.49,89.51,19.15,72.49,306.87,15.16,51.77,16.84,27.43,17.62,126.9,34.99,32.48,85.93,19.22,27.0,49.44,46.19,26.62,19.53,9.52,47.03,30.91,29.14,53.08,17.53,35.74
97.61,104.2,101.32,117.38,71.13,20.57,13.88,68.68,81.86,16.44,41.68,15.56,38.55,30.24,122.89,45.68,43.67,11.18,50.06,98.59,106.61,86.0,163.18,124.78,39.07,91.5,20.61,74.8,313.12,15.8,53.52,17.29,27.83,17.64,130.95,35.52,32.91,89.36,19.79,28.8,50.64,46.24,27.1,20.0,9.86,48.41,31.84,30.88,51.28,18.19,36.2
97.99,101.42,100.08,116.86,71.72,21.67,13.96,68.98,80.28,16.53,41.51,15.17,38.28,30.3,121.67,44.28,43.81,11.21,50.69,101.01,106.41,83.44,170.04,124.62,39.03,95.09,20.74,73.54,313.48,16.22,54.88,17.47,27.94,18.11,131.7,36.59,32.7,91.81,20.47,28.59,49.58,46.04,26.82,20.45,9.81,50.03,31.86,29.66,51.52,18.2,36.87
97.51,99.89,99.87,116.73,71.04,21.52,13.46,68.93,82.83,16.68,41.33,15.06,37.24,30.23,120.02,43.8,43.8,11.2,50.22,99.54,98.89,82.93,172.67,127.96,38.89,95.75,20.09,73.6,312.83,16.46,56.35,17.37,27.61,18.01,128.75,36.47,31.47,96.95,20.03,27.8,49.7,45.18,27.04,20.48,9.86,50.38,31.73,29.34,50.67,18.26,35.6
97.85,98.56,99.06,113.9,70.26,21.62,13.82,69.62,84.44,16.64,42.4,14.87,37.24,31.52,120.26,43.48,43.85,11.15,48.9,102.91,98.68,83.22,173.36,126.23,38.11,99.09,20.81,72.8,307.2,16.4,57.41,17.38,28.72,18.44,129.71,37.17,31.63,97.1,20.07,28.03,48.33,44.79,27.21,20.68,9.96,50.04,31.87,28.52,52.02,18.34,35.19
97.49,98.82,101.72,115.2,70.98,22.09,13.89,69.39,85.77,16.68,42.64,14.57,36.99,31.51,118.87,44.27,44.63,11.45,46.88,100.92,94.91,83.27,179.08,122.68,37.43,92.98,20.54,72.99,296.56,16.2,57.77,17.32,28.71,18.9,129.41,33.82,31.7,95.22,20.71,27.23,49.13,44.92,27.51,20.67,9.83,50.46,31.73,28.98,52.01,18.86,34.54
98.06,100.29,102.34,113.02,70.99,22.28,13.93,70.11,87.71,16.92,43.46,14.67,36.99,31.9,120.95,45.98,44.39,11.5,46.2,100.19,96.58,80.58,178.56,122.82,37.99,89.22,21.04,73.55,293.95,16.42,59.13,17.47,28.22,19.37,131.74,34.59,32.38,92.37,20.86,27.99,51.71,45.44,28.03,20.97,9.91,50.24,31.84,28.95,52.28,18.76,34.13
98.87,99.76,104.14,115.35,71.81,21.92,14.43,70.59,87.21,16.99,43.52,14.63,36.85,32.12,122.09,47.21,46.37,11.72,45.34,98.25,99.27,84.08,177.29,121.78,38.29,87.1,21.47,73.68,294.61,16.58,59.04,17.7,28.03,19.77,137.25,33.69,32.86,91.0,20.63,28.06,53.97,45.3,28.06,21.18,9.96,51.67,32.54,28.75,52.45,19.65,35.77
97.69,99.58,100.3,112.57,71.23,21.35,13.76,70.62,86.22,17.14,43.03,14.62,36.42,31.85,120.01,46.91,46.53,11.93,43.41,96.7,98.49,82.63,174.12,120.85,36.84,80.19,21.88,74.75,292.51,16.27,58.04,17.69,27.5,19.36,137.2,33.04,32.86,91.79,21.04,27.15,50.64,45.59,27.58,21.17,9.7,50.46,32.11,28.11,52.7,19.83,37.29
96.51,100.57,101.29,114.33,69.89,21.91,13.6,69.81,87.31,16.9,43.13,14.51,35.16,33.04,123.25,47.3,47.05,11.62,41.44,93.51,97.61,82.49,175.74,119.72,34.75,77.2,21.39,73.69,295.33,15.47,56.73,17.56,26.43,19.7,136.04,31.49,32.94,87.1,19.91,25.45,51.44,45.43,27.68,20.89,9.85,51.47,31.89,27.19,52.83,18.68,35.54
97.38,101.6,101.05,114.45,72.02,22.67,13.88,70.7,87.71,17.15,44.49,14.47,35.39,33.0,127.07,48.02,46.97,11.69,40.78,92.36,101.02,80.77,179.2,119.14,34.39,80.38,21.03,75.55,294.21,15.86,59.03,18.23,25.85,19.59,135.94,32.4,33.25,84.18,20.16,24.5,53.53,45.43,28.42,21.27,9.78,52.0,32.13,27.93,53.46,19.05,34.91
98.17,102.68,102.41,115.28,71.16,22.15,14.04,69.61,91.96,17.49,43.97,15.1,35.92,32.27,126.97,47.48,47.44,11.37,42.99,89.91,101.1,86.75,178.57,117.6,35.87,86.2,20.48,77.5,304.41,15.81,62.53,18.38,26.39,20.06,133.55,33.12,32.91,88.62,19.59,24.39,52.79,45.3,28.87,21.15,9.97,51.36,31.96,27.67,53.17,19.44,34.28
97.81,105.13,99.88,119.13,71.41,22.83,13.98,69.38,90.78,17.64,44.72,15.53,34.93,33.67,127.2,47.62,48.49,11.37,42.71,89.51,103.24,76.02,181.03,118.54,36.19,85.39,20.48,78.76,304.63,15.63,60.11,18.23,25.24,20.46,135.02,32.88,31.87,87.57,19.56,24.59,51.38,44.91,29.06,20.86,10.13,51.4,32.28,27.02,52.41,18.4,34.69
98.92,107.1,99.67,120.67,73.43,23.59,14.43,70.17,89.22,17.84,43.18,15.62,34.9,34.31,130.18,48.48,47.42,11.54,41.44,92.69,103.77,77.62,189.19,120.0,36.18,88.39,21.01,79.64,310.26,15.93,59.08,18.78,26.03,21.25,133.83,34.51,32.02,86.3,19.04,24.89,51.96,45.39,29.08,21.36,10.25,53.96,32.48,26.72,51.41,18.79,34.82
98.37,106.43,97.0,122.14,73.26,22.77,13.95,70.11,87.84,17.75,43.23,15.12,34.77,33.66,127.94,48.12,47.6,11.55,39.75,94.02,107.04,79.68,192.3,120.21,36.71,85.83,21.49,77.8,298.49,16.05,59.63,18.79,26.19,20.56,131.21,35.38,31.68,85.34,18.89,24.23,48.31,45.21,28.68,21.38,10.16,54.55,32.17,27.06,51.84,18.97,36.45
98.75,106.95,97.4,121.56,73.59,23.11,13.09,69.1,89.16,17.79,44.6,14.84,34.42,32.64,127.35,47.99,47.78,11.39,40.99,92.4,105.95,84.06,193.41,120.15,38.69,86.72,21.51,78.73,293.53,15.58,61.38,18.7,25.91,20.76,133.87,36.74,31.85,88.99,18.9,23.24,47.79,45.66,28.57,21.58,10.18,54.58,32.4,28.24,51.52,18.97,36.61
99.32,108.16,94.82,121.03,74.32,23.08,13.03,69.99,89.71,17.79,43.67,14.44,33.66,32.63,132.36,48.47,48.7,11.18,41.15,95.58,108.23,85.65,196.52,118.22,39.22,89.9,21.07,78.52,301.78,16.05,60.01,18.6,26.24,20.6,134.43,37.38,32.06,92.83,19.64,24.43,47.17,46.56,28.35,22.13,10.08,53.68,32.76,27.22,51.89,19.54,36.85
100.15,107.58,97.57,120.98,74.04,23.61,13.19,70.42,89.23,18.35,42.6,14.4,32.74,32.07,131.85,47.85,49.71,11.34,42.14,100.95,111.07,86.54,198.68,121.53,39.76,94.3,20.42,79.95,311.61,15.77,59.71,18.26,25.74,20.53,134.7,39.33,32.22,97.85,20.06,24.29,48.2,46.87,28.25,22.06,10.22,55.33,32.79,26.83,52.91,19.87,36.85
100.35,104.78,96.35,120.83,75.2,23.83,13.58,69.76,89.06,18.81,42.98,14.47,32.81,31.46,131.67,46.61,48.51,11.12,44.1,100.67,110.28,87.04,200.64,119.63,41.34,98.56,20.83,76.72,317.94,15.99,56.62,18.5,25.56,20.08,134.85,40.41,32.65,96.31,20.13,24.99,49.47,47.11,27.97,22.29,10.13,55.18,32.44,26.8,53.23,20.01,36.75
99.5,104.63,93.47,120.05,75.99,25.12,13.03,70.1,86.4,18.12,42.56,14.83,33.23,32.2,131.69,45.83,47.91,11.05,42.4,97.48,109.46,81.29,202.99,120.21,40.79,100.43,20.88,77.42,316.35,15.84,56.87,18.31,25.96,20.16,136.2,37.32,32.57,92.65,20.56,23.92,48.69,47.45,27.88,21.67,10.08,54.11,32.38,26.37,52.48,19.56,36.83
98.82,103.32,92.05,119.17,74.75,23.74,12.65,70.18,82.57,17.59,43.09,14.93,33.27,32.66,133.61,45.73,47.58,10.97,41.05,93.37,109.78,76.03,203.67,120.21,41.21,100.03,20.63,77.79,319.61,15.7,56.32,18.27,25.89,19.68,134.16,35.63,32.1,95.13,20.73,23.57,50.71,47.09,27.82,21.58,10.41,53.41,32.35,25.6,53.17,19.67,37.22
98.45,105.2,92.38,117.0,75.65,23.1,12.73,69.7,80.08,18.02,42.71,14.95,33.09,32.27,132.82,44.69,47.29,10.73,42.09,97.22,110.38,73.42,201.7,118.94,41.45,95.06,20.37,76.72,323.02,15.8,53.76,18.27,26.42,19.9,135.44,34.09,33.18,92.84,20.08,23.43,51.78,47.87,28.5,21.69,10.36,54.71,32.79,25.17,52.66,19.36,36.41
98.98,102.67,94.7,116.33,75.79,23.02,12.61,69.73,81.28,18.84,43.43,14.9,33.85,32.15,135.23,43.67,48.03,10.79,41.08,98.62,112.12,74.59,200.97,117.8,41.03,95.33,20.66,76.0,316.62,16.04,54.33,18.77,25.79,19.7,133.8,34.33,33.47,92.75,19.96,23.96,54.28,47.74,28.1,21.88,10.55,55.47,33.08,25.61,54.53,19.97,36.37
99.47,101.98,93.31,113.3,76.97,23.23,13.15,70.24,78.57,19.21,45.2,15.01,33.6,32.57,132.34,44.78,46.94,10.69,43.0,97.45,112.54,79.29,198.4,118.52,41.66,100.94,20.6,74.87,313.41,16.07,57.44,18.54,25.55,19.5,132.4,35.33,34.04,95.45,20.55,24.7,54.97,48.12,27.93,22.0,10.37,56.73,32.48,25.08,53.89,18.98,36.11
98.86,100.02,94.03,112.22,76.93,22.71,13.5,70.59,80.93,18.83,45.29,15.24,34.44,33.73,133.58,42.53,46.88,10.5,41.0,97.37,109.32,82.77,202.13,122.01,41.61,98.17,20.06,74.72,313.78,15.61,56.81,18.55,24.58,19.68,130.52,34.49,33.25,91.26,20.98,26.34,53.47,47.18,27.71,21.8,10.23,55.64,32.44,24.02,52.57,19.05,36.36
97.67,98.46,92.5,110.07,75.57,22.04,13.2,71.98,77.72,18.5,44.46,14.7,34.29,33.62,135.26,41.48,46.49,10.6,42.35,93.17,108.4,82.01,197.24,118.8,42.09,91.55,19.59,74.42,307.07,15.61,53.87,18.61,24.44,19.39,127.64,32.45,33.02,94.63,21.31,26.72,53.65,46.23,27.63,21.46,10.38,54.15,32.18,24.29,52.24,18.64,35.27
98.41,103.91,91.96,110.12,75.06,21.4,13.28,73.39,76.3,18.5,44.15,14.78,34.48,34.2,138.0,43.36,47.2,10.7,44.42,97.23,107.87,81.93,203.31,120.0,41.96,92.44,20.06,73.85,299.43,15.62,56.36,18.63,25.2,19.44,129.48,33.58,33.19,92.11,21.77,26.89,54.59,46.07,27.79,21.28,10.51,53.0,32.05,24.47,52.07,18.5,34.8
98.98,104.65,90.31,113.71,76.64,21.66,13.96,75.67,78.32,18.98,44.46,14.97,34.88,34.58,142.86,43.83,47.9,10.67,40.38,95.31,110.73,85.01,204.24,121.63,42.75,89.15,20.43,73.46,297.72,15.72,56.62,18.23,25.92,19.35,131.94,31.49,34.43,90.3,20.93,25.79,53.75,47.58,28.66,21.96,10.59,54.65,32.66,24.26,51.81,18.57,34.77
99.04,105.34,86.99,112.99,74.99,21.56,13.69,74.79,79.46,18.7,44.66,15.03,34.44,34.07,142.24,42.58,46.95,10.9,40.39,97.33,108.5,87.25,205.94,125.63,42.52,83.59,21.25,74.03,295.21,16.43,56.54,18.35,25.91,19.28,133.18,32.79,34.4,91.49,21.64,25.71,52.46,47.76,28.31,21.86,10.57,54.83,32.36,24.81,52.54,18.94,34.34
97.48,105.36,84.46,110.94,74.43,20.67,13.84,73.5,77.18,18.36,43.92,14.53,33.51,33.74,141.31,41.38,46.39,10.44,38.31,89.94,109.81,83.8,202.71,123.07,41.55,81.78,20.99,72.95,297.87,16.65,55.29,18.09,25.42,18.57,129.91,33.08,34.14,89.59,22.23,24.65,53.85,47.3,27.25,21.26,10.24,56.07,31.98,25.27,52.88,18.58,32.93
98.04,105.47,87.4,112.07,75.25,20.09,13.48,72.77,75.29,18.9,43.35,14.73,33.71,34.39,142.41,40.44,46.52,10.41,39.04,88.03,109.97,87.57,201.4,119.95,41.55,82.69,20.83,74.26,301.53,16.83,56.73,18.09,25.59,18.74,134.44,33.24,33.62,93.02,21.92,25.38,57.26,46.62,27.57,21.5,10.33,55.11,32.13,25.0,51.93,19.11,33.67
97.54,104.43,86.18,111.43,75.23,19.99,14.14,73.23,73.97,18.34,44.13,14.88,33.6,34.18,142.17,38.02,47.07,10.77,40.34,86.69,106.73,87.86,199.99,114.98,42.1,82.44,20.73,72.68,302.63,16.2,56.66,18.13,24.58,19.01,133.67,34.34,33.38,92.48,22.56,24.13,57.01,45.62,27.15,21.64,10.45,56.02,31.67,24.78,50.1,18.33,32.17
96.99,103.48,85.83,108.36,75.46,19.57,13.79,73.3,75.18,18.05,44.01,14.87,34.15,34.16,146.97,38.12,45.35,10.45,40.45,83.38,109.41,93.84,201.8,114.62,42.36,83.67,19.92,69.5,305.14,15.56,54.06,18.11,23.53,18.93,132.5,33.83,33.35,93.66,21.69,23.52,57.72,45.54,27.13,21.57,10.55,56.52,31.72,24.19,50.21,18.28,31.18
98.05,104.71,87.6,112.88,77.42,19.81,13.91,73.17,76.63,18.3,45.94,15.05,34.14,35.12,146.92,38.28,46.15,10.48,41.09,79.87,109.71,89.19,204.86,114.49,44.05,85.41,19.77,71.29,298.36,15.7,54.37,18.06,24.29,19.36,131.14,35.06,33.76,92.21,22.05,23.88,58.93,46.07,27.5,21.93,10.69,57.69,32.22,24.75,51.08,18.28,32.23
98.38,105.01,87.41,114.21,77.09,19.57,13.8,74.98,77.0,18.59,45.66,15.47,34.75,34.72,149.79,36.69,44.33,10.28,41.39,82.34,113.45,89.62,208.01,116.65,42.66,85.2,20.04,72.52,297.13,15.99,54.09,18.27,24.76,20.08,132.96,35.46,34.33,89.84,22.43,23.61,57.51,46.72,27.71,22.1,10.73,57.05,32.64,23.52,51.6,18.43,32.52
98.69,105.82,85.78,117.03,76.6,20.16,14.39,74.97,78.63,18.89,47.16,15.73,35.22,33.78,151.26,37.97,44.57,10.17,40.52,86.68,115.0,94.82,218.21,117.35,41.6,83.9,19.9,71.76,301.46,15.44,50.18,18.5,25.07,20.2,132.73,34.45,35.05,82.02,22.15,23.99,59.34,46.54,27.86,22.53,10.79,57.62,32.9,22.52,51.54,18.21,32.73
99.84,111.02,86.01,119.07,77.27,20.74,14.45,77.21,78.26,18.35,47.32,15.84,35.45,33.5,153.09,37.64,45.51,10.32,41.79,88.29,115.21,98.17,216.91,118.1,41.5,86.31,19.82,74.67,321.81,15.61,53.48,18.2,25.33,20.09,134.09,34.06,34.81,81.32,22.32,24.94,61.15,46.73,28.4,22.62,10.99,58.63,33.1,22.75,51.85,17.94,33.67
98.58,107.66,84.3,119.32,76.12,20.94,14.27,76.94,77.32,18.24,46.59,15.82,34.35,33.38,149.44,37.98,44.75,10.25,41.7,88.6,117.24,90.79,217.48,117.15,40.54,84.37,19.66,70.65,326.66,15.52,51.79,17.74,24.57,19.87,134.83,33.35,33.6,80.87,22.94,24.94,59.94,46.59,28.18,22.41,10.8,57.93,32.87,22.55,51.01,17.35,33.36
99.88,108.73,83.89,119.17,76.92,20.06,14.48,76.48,77.36,18.44,47.39,15.8,35.14,33.64,150.74,38.15,44.57,10.82,40.39,94.38,118.79,88.51,222.82,122.14,42.79,85.32,19.99,69.41,322.63,15.87,54.09,18.12,24.85,20.23,129.45,33.14,34.08,83.91,23.29,23.46,66.7,46.85,28.21,22.7,10.67,58.36,32.96,23.87,52.61,18.21,34.57
100.59,109.73,83.88,118.46,78.95,20.22,14.73,77.92,76.12,18.45,46.81,16.11,35.41,34.46,147.55,38.45,44.75,10.69,40.5,94.86,116.69,86.95,231.9,121.56,44.24,86.17,19.8,71.68,316.82,16.71,54.58,18.45,24.09,20.38,131.86,32.79,33.7,84.36,24.29,25.58,65.15,47.53,28.22,22.88,10.8,59.3,33.11,23.59,52.94,18.84,34.64
99.89,110.14,83.04,120.67,78.55,20.24,14.53,79.02,75.6,18.57,47.24,16.09,35.11,33.83,145.82,39.08,45.55,11.02,40.4,90.11,117.53,88.41,222.02,119.36,43.3,85.12,18.99,72.54,313.23,16.47,54.69,18.12,22.71,20.59,132.19,32.59,33.69,81.85,23.49,25.85,63.83,46.5,28.8,22.85,11.07,57.2,33.81,23.27,52.64,18.88,34.11
99.6,111.67,82.22,117.33,77.02,20.26,14.15,78.76,74.34,18.29,47.35,16.38,33.99,33.7,143.75,38.76,46.98,10.65,39.31,89.71,117.37,94.78,229.44,121.17,43.34,84.08,18.73,73.23,319.56,16.2,55.71,17.95,21.85,20.12,134.45,32.21,33.58,84.62,24.47,25.22,61.98,46.83,28.27,22.52,10.97,55.79,33.98,22.88,51.64,19.03,33.88
98.94,109.47,80.76,119.08,75.16,19.54,13.84,79.42,76.33,18.29,46.46,15.98,33.94,34.08,143.63,38.36,45.44,10.7,38.36,91.67,116.44,92.14,223.66,118.99,42.43,82.79,18.35,72.68,321.45,16.47,56.19,17.57,21.12,20.0,132.97,32.82,34.04,86.24,24.93,25.09,60.41,47.24,28.2,22.26,10.72,56.25,33.82,23.25,52.03,19.08,33.58
98.01,106.98,80.52,117.39,75.56,19.98,13.54,79.23,75.25,18.22,46.59,15.7,33.12,34.19,141.69,38.28,44.79,10.17,38.86,90.83,118.11,92.01,223.15,120.49,42.29,80.73,17.29,71.51,311.69,15.82,57.83,17.62,20.68,19.93,133.61,32.67,34.25,82.42,25.22,24.49,59.23,45.9,28.15,21.97,10.44,55.72,33.8,22.84,52.21,19.09,33.87
98.39,108.78,82.73,116.86,75.96,20.58,13.3,79.88,75.08,18.71,46.91,15.38,33.24,35.23,141.98,36.96,45.88,10.14,39.85,92.3,115.81,93.04,221.23,120.11,43.31,80.51,17.36,71.27,310.87,15.27,60.72,18.13,20.99,19.43,125.77,32.77,34.97,80.85,26.9,25.28,55.75,45.89,28.39,22.24,10.46,56.85,33.88,23.43,53.52,18.21,34.08
98.57,110.21,82.27,118.18,75.75,21.8,13.56,80.98,77.73,18.65,45.73,15.21,33.71,34.68,143.71,37.15,44.88,10.11,40.08,89.78,114.8,93.09,223.56,120.93,42.7,77.11,17.55,71.79,306.51,15.62,57.19,18.4,21.2,19.46,125.16,33.36,34.25,82.47,27.61,25.96,55.27,45.61,28.62,22.17,10.8,56.17,34.2,23.44,52.85,18.16,34.95
98.14,113.4,80.94,116.65,74.87,21.32,13.67,80.39,76.47,18.31,45.16,15.33,34.18,35.34,138.15,37.6,44.6,10.16,40.6,91.03,118.25,83.5,226.4,120.39,43.52,76.94,17.29,70.33,303.78,15.79,57.45,18.28,21.02,19.81,124.91,32.68,34.21,79.72,28.09,26.6,54.43,45.31,28.17,21.9,10.56,55.95,33.91,23.42,53.64,18.32,35.59
97.92,112.52,80.86,120.48,74.8,21.62,14.2,79.48,77.24,17.92,45.08,15.43,34.4,34.6,138.45,37.93,44.77,9.92,38.21,89.44,119.23,80.22,221.13,118.79,43.13,77.9,17.41,71.97,308.62,15.7,53.42,18.64,21.29,19.91,124.08,32.47,34.4,79.92,29.28,25.71,56.04,44.82,28.08,21.67,10.72,55.79,34.12,23.83,53.95,17.77,34.24
98.64,115.52,79.98,118.46,77.13,21.43,14.51,79.79,78.56,18.69,46.41,15.54,33.73,34.91,135.99,37.54,44.95,10.21,36.23,88.26,121.36,80.97,227.11,120.01,43.49,79.4,16.84,71.25,308.04,15.94,54.39,18.75,21.46,20.12,126.51,32.98,35.12,81.53,29.31,26.85,56.57,44.89,27.98,22.36,10.85,56.24,33.5,24.66,53.65,17.55,34.01
97.87,116.2,78.85,115.21,77.8,22.41,15.23,79.0,78.08,18.51,46.08,15.54,33.45,34.27,136.02,36.84,44.65,9.98,35.16,83.95,119.52,82.92,226.22,118.99,42.08,81.51,16.28,70.08,300.71,16.26,53.92,18.65,21.4,19.75,125.93,33.52,35.17,80.91,29.48,25.64,52.96,45.48,27.32,22.1,11.07,54.46,33.61,24.95,53.05,17.18,32.55
97.3,114.82,79.05,112.96,79.93,21.9,15.24,78.89,78.31,18.56,46.03,15.15,32.32,33.63,136.71,37.47,43.91,10.15,33.97,80.74,122.63,82.92,232.31,118.18,41.88,82.58,16.07,70.41,309.4,15.88,52.84,18.39,21.2,19.06,127.7,33.12,34.64,81.23,28.97,24.78,51.13,45.11,27.1,21.93,11.16,54.6,33.51,24.62,52.53,16.98,32.1
98.64,118.35,82.5,113.41,84.14,22.45,15.59,78.93,77.87,19.58,46.43,15.28,32.84,34.63,140.18,38.14,43.76,10.06,33.03,79.18,122.35,80.48,231.99,118.19,41.85,85.81,16.35,70.57,312.14,16.28,55.42,18.37,21.87,19.51,127.91,32.93,35.61,85.97,27.77,27.89,53.91,45.94,27.16,22.06,11.53,54.87,33.96,24.44,53.21,16.85,32.15
98.99,118.52,81.25,111.01,84.78,22.25,15.59,78.03,76.19,19.59,45.78,15.06,33.04,33.93,138.25,37.87,43.81,10.21,32.77,81.02,123.4,80.65,236.37,118.54,43.18,86.28,16.09,70.31,300.78,16.07,56.29,18.39,20.93,19.87,126.95,34.54,35.57,86.34,29.83,29.66,54.8,45.91,27.05,22.41,11.65,56.28,33.95,24.64,52.22,17.39,32.64
99.47,119.65,81.1,112.35,85.67,21.81,15.23,78.08,75.98,19.66,46.29,14.95,34.18,33.63,139.76,37.85,43.67,10.02,32.34,84.2,125.16,79.34,234.06,118.73,41.75,84.86,16.25,72.96,311.26,15.92,57.18,18.79,20.74,20.65,128.71,35.43,36.37,88.55,30.66,29.94,54.26,45.25,27.23,22.38,11.67,55.38,34.29,25.15,52.22,17.49,32.85
97.65,115.75,79.62,109.75,85.55,22.18,14.79,74.8,73.44,18.94,44.59,14.48,33.71,32.28,134.16,37.97,42.99,10.31,32.32,82.5,121.29,80.78,222.12,118.25,41.48,88.42,16.24,70.25,298.73,15.79,58.62,18.06,20.35,19.52,125.4,35.56,35.49,88.95,31.01,28.94,52.48,45.0,26.98,21.7,11.42,54.28,33.5,24.18,51.25,17.41,31.56
95.72,114.54,80.03,109.34,82.4,21.01,14.68,73.15,71.41,18.67,43.82,14.67,33.39,30.96,135.27,37.83,42.77,10.08,31.69,78.62,119.39,72.67,218.56,118.16,38.75,83.57,15.94,68.14,303.96,15.58,53.95,17.47,19.7,19.96,126.0,33.76,35.15,84.95,29.94,28.02,52.8,43.76,27.17,21.49,11.27,56.05,33.39,24.34,50.7,16.82,31.51
94.8,113.57,78.21,110.83,79.45,20.08,15.02,72.12,72.57,19.01,45.16,14.58,33.68,30.39,135.98,37.74,42.85,10.03,30.94,79.46,119.28,74.56,218.41,117.51,38.16,80.37,15.77,66.86,293.88,15.18,52.37,16.89,19.41,19.63,125.17,33.84,34.24,83.1,28.22,27.67,52.09,43.41,27.1,20.95,11.37,56.18,32.86,24.2,49.48,17.02,31.95
94.8,114.56,81.32,110.05,80.31,20.73,15.33,73.48,70.53,19.46,46.31,14.9,32.5,31.13,136.99,38.26,43.41,9.94,30.59,79.01,117.06,72.59,217.53,118.08,36.47,78.36,15.63,68.42,297.67,14.93,48.85,16.6,19.26,19.63,130.47,33.07,33.86,81.27,27.92,27.87,52.38,43.51,27.38,20.63,11.48,56.43,33.7,24.08,49.19,17.08,32.99
95.14,114.52,83.2,108.04,80.6,20.74,15.11,72.05,71.74,19.59,45.75,14.86,33.0,31.67,137.5,38.83,42.85,10.17,31.64,79.81,113.17,77.76,216.27,119.17,37.16,81.28,15.47,66.15,293.81,15.1,48.04,16.54,19.06,19.27,128.92,33.27,34.18,78.37,28.77,29.34,52.58,43.73,27.46,20.59,11.66,57.27,33.53,24.6,49.21,17.12,33.98
97.33,114.39,85.32,108.77,82.17,21.67,14.99,74.08,71.88,19.52,46.3,14.94,32.45,31.8,138.34,41.09,43.19,10.26,33.49,80.17,117.95,83.04,223.42,124.27,39.09,81.5,15.63,66.72,306.76,15.09,51.66,16.69,19.06,19.5,131.06,34.12,34.7,83.96,28.97,29.91,57.01,44.24,27.91,20.91,12.06,58.66,34.49,25.53,49.38,17.96,34.81
99.33,117.53,88.99,111.48,83.75,22.26,15.46,76.05,76.19,20.42,45.75,14.83,33.51,32.48,142.76,41.73,43.12,10.35,34.65,80.91,117.01,81.75,228.68,129.33,39.2,81.22,15.82,68.35,307.19,15.69,55.68,17.21,19.45,20.1,134.86,35.38,35.65,87.03,29.59,29.72,55.75,44.59,28.43,21.11,12.48,59.27,34.81,26.02,50.12,18.8,36.24
99.44,117.2,86.12,108.15,85.83,23.31,15.04,75.41,76.8,20.26,46.57,14.56,33.44,33.48,140.06,42.58,43.76,10.22,34.36,80.18,118.35,80.85,236.4,128.92,39.58,85.39,15.79,68.55,297.07,15.92,52.81,17.46,19.09,20.93,136.85,35.72,35.45,83.87,29.34,29.32,55.52,44.33,28.12,21.27,12.75,60.05,34.64,26.18,49.9,18.64,36.48
99.06,116.99,82.9,103.5,85.07,23.31,14.45,75.17,75.59,20.44,47.08,14.6,33.23,32.8,137.39,42.37,42.96,10.18,33.8,82.79,115.93,79.6,241.0,125.95,40.38,86.18,15.72,66.7,293.27,16.15,51.5,17.62,18.67,20.46,137.09,38.06,35.81,87.97,30.0,29.6,53.3,43.74,27.84,21.41,12.33,58.95,34.25,26.77,49.37,18.67,36.98
99.76,119.84,83.31,103.24,86.01,24.22,14.58,75.34,75.55,20.64,45.91,14.74,33.73,33.07,138.0,42.71,41.54,10.18,34.67,85.16,120.07,78.43,236.43,128.77,41.08,87.66,16.19,67.76,288.63,15.85,51.21,18.2,18.14,20.62,133.66,38.49,36.26,92.32,30.87,30.46,52.17,44.47,28.15,21.55,12.23,61.27,34.85,26.37,49.6,18.46,37.25
99.99,117.52,84.4,102.59,82.53,24.18,15.03,75.11,74.69,21.01,46.57,14.52,34.55,32.91,134.67,42.6,41.46,10.04,35.22,89.67,116.0,85.18,241.74,124.53,42.19,91.72,16.04,68.19,287.71,15.67,53.39,17.95,18.67,20.22,133.33,40.72,35.01,92.18,30.87,29.32,53.64,44.81,27.97,21.51,12.0,59.23,34.66,26.71,48.13,18.58,37.56
99.77,113.84,83.61,101.81,79.07,23.25,15.09,75.57,77.97,20.79,45.68,14.03,34.63,33.05,132.67,42.85,41.76,9.88,33.38,91.28,119.61,85.94,245.06,124.24,40.87,93.14,16.01,66.95,282.06,16.09,51.87,17.82,18.92,19.63,137.53,41.87,34.31,90.28,30.45,29.09,55.07,43.81,28.04,21.51,12.24,59.46,34.35,27.6,47.94,19.46,37.51
98.33,112.24,80.97,101.51,77.96,23.31,15.47,75.59,74.61,20.9,45.23,13.63,33.23,32.56,132.95,42.53,42.21,9.76,32.56,89.79,120.01,82.16,239.41,123.29,40.57,91.41,15.83,66.29,275.43,15.52,51.31,17.56,18.93,19.22,137.83,41.67,34.11,89.52,30.26,27.27,55.25,42.79,27.43,21.13,11.79,59.42,34.53,26.49,46.9,18.45,36.77
97.6,112.39,78.92,103.12,79.02,22.54,16.09,75.05,75.34,20.59,45.3,13.46,32.92,33.14,130.09,42.34,41.59,9.78,32.15,90.79,116.86,82.44,238.13,126.92,40.89,82.44,16.36,64.83,279.43,15.2,51.14,17.63,19.27,18.68,138.53,38.16,33.7,88.92,30.86,26.9,50.99,42.8,27.0,21.0,11.74,58.08,33.83,27.01,47.29,18.65,37.11
96.03,110.76,78.67,103.0,76.79,22.11,15.65,73.75,74.93,20.31,45.53,13.42,31.68,32.91,128.1,42.7,40.84,9.82,34.35,88.03,117.28,78.06,232.53,125.1,40.88,79.8,16.12,63.61,275.74,15.17,50.03,17.61,18.51,17.83,134.03,35.98,33.46,85.35,31.8,25.29,49.37,42.67,26.66,20.62,11.46,56.11,33.44,26.77,46.68,18.38,36.54
95.61,110.18,78.85,104.03,75.43,23.12,15.52,72.88,75.43,19.93,46.25,13.49,30.53,31.67,130.49,42.55,41.24,9.8,34.58,86.66,117.14,73.0,229.68,123.41,41.41,79.44,15.7,62.51,278.7,14.86,51.33,17.1,18.94,18.45,132.82,35.82,33.32,88.72,31.79,25.47,50.3,42.47,27.15,20.06,11.46,55.29,33.05,24.82,47.98,18.37,35.78
97.0,111.11,79.59,104.28,76.6,23.6,16.16,75.01,77.02,19.91,47.83,13.4,30.62,32.57,131.72,43.25,41.8,10.17,32.83,87.5,117.17,77.07,238.13,127.43,43.78,83.39,15.2,62.63,288.49,15.02,52.4,17.37,18.66,18.81,134.11,35.74,33.68,87.96,33.24,25.23,51.81,43.17,27.11,20.32,11.74,54.79,33.49,24.51,47.52,18.28,36.5
97.53,108.63,79.57,105.21,79.3,22.92,16.15,74.49,77.99,20.02,46.62,13.39,30.44,32.36,133.88,43.51,41.6,10.56,33.44,85.5,117.87,77.42,231.2,127.05,45.45,85.65,15.03,63.59,285.55,15.36,54.12,17.7,18.82,18.83,133.3,35.08,33.48,90.6,33.28,25.7,55.51,43.11,27.45,20.87,11.68,53.94,33.63,24.82,46.98,18.31,37.54
98.65,111.67,82.18,105.18,82.06,23.46,16.82,76.64,80.45,20.65,47.5,13.1,30.44,32.68,135.09,43.7,41.53,10.48,35.09,85.95,115.49,75.66,232.31,129.02,47.05,90.81,15.02,64.17,289.59,15.76,53.12,18.07,18.82,18.85,134.11,34.47,34.58,88.42,34.07,27.24,52.0,43.05,27.68,21.3,11.85,54.1,33.92,26.13,47.42,18.12,38.65
99.14,110.38,82.84,105.29,82.83,23.12,16.86,76.73,78.96,20.74,46.19,13.07,30.99,33.75,133.42,43.63,41.31,10.88,35.6,86.9,114.17,76.41,230.71,128.68,46.27,93.75,15.35,64.07,291.56,16.31,54.15,18.4,19.07,19.56,132.84,33.59,35.04,87.07,35.39,27.25,51.24,43.33,27.68,21.29,11.84,53.53,34.62,26.99,48.34,18.46,38.66
98.9,111.75,81.42,105.44,84.1,23.24,17.47,75.77,81.44,20.71,46.14,12.72,30.81,34.13,131.48,43.98,42.19,10.73,34.48,85.66,112.78,78.75,230.17,129.16,44.22,91.23,15.15,63.53,296.79,16.22,54.26,18.49,18.76,19.88,131.99,32.72,34.77,83.77,36.26,27.29,49.47,44.2,27.47,20.99,12.0,55.55,34.5,27.38,48.38,17.89,37.43
99.4,114.34,81.3,104.73,84.72,23.2,18.33,74.19,80.2,21.29,47.84,12.37,30.59,33.84,131.78,44.16,42.55,10.4,33.95,85.67,116.18,82.71,226.63,129.34,45.2,90.7,15.06,63.21,301.26,16.2,52.81,18.29,19.09,20.36,132.57,34.27,35.35,86.23,36.11,27.65,49.95,44.72,27.5,21.05,11.95,55.33,34.32,28.14,48.39,17.8,37.09
98.79,118.07,83.22,105.82,85.52,22.51,17.63,74.08,79.96,21.54,46.72,12.21,29.95,33.9,129.75,42.88,42.84,10.61,32.64,83.69,116.61,84.22,222.44,129.92,42.86,92.83,15.3,62.52,306.13,15.46,50.96,18.09,18.6,20.04,131.19,33.03,34.58,85.83,35.48,27.94,52.11,44.15,27.65,21.15,11.98,55.91,34.59,28.47,47.86,17.55,36.8
99.6,114.11,81.31,108.37,86.72,23.13,17.79,73.82,78.81,22.28,47.55,12.06,28.94,33.49,129.42,43.33,43.59,10.89,32.42,82.7,120.61,81.82,226.65,128.75,42.32,93.44,15.51,60.75,315.3,16.12,52.48,18.44,18.69,20.0,132.64,34.51,34.56,85.55,37.2,28.63,50.79,44.79,27.47,21.18,11.97,58.16,34.86,29.08,48.06,17.67,38.54
100.63,116.61,81.86,107.35,89.82,23.51,18.11,72.45,80.98,22.12,46.66,12.12,28.92,33.44,126.64,45.33,44.85,10.86,32.36,84.01,127.55,86.97,231.07,128.45,42.89,95.36,15.97,60.8,313.66,16.1,53.38,18.31,18.91,19.75,132.26,35.49,35.06,92.53,36.25,30.33,50.11,45.61,27.52,21.45,11.93,57.44,34.76,28.74,48.69,17.75,40.05
101.28,116.27,81.07,108.67,91.66,23.65,18.6,72.26,80.38,22.35,46.13,12.28,28.83,31.46,125.71,46.17,43.68,11.01,33.43,87.68,128.57,92.29,234.88,127.84,43.92,97.86,15.98,61.81,313.14,15.94,52.99,18.38,19.35,19.43,131.36,34.95,34.77,93.99,35.99,30.62,51.7,45.94,27.45,21.91,12.15,57.38,34.45,29.21,48.43,17.93,41.41
101.35,117.38,82.8,108.6,93.8,23.28,18.66,72.4,79.09,22.26,46.54,11.99,28.27,32.32,121.72,47.17,43.53,11.06,32.78,86.53,128.66,96.03,232.15,126.25,44.45,98.5,16.47,62.26,306.48,16.3,54.35,18.27,20.35,19.31,135.5,34.55,34.41,90.16,36.91,29.7,49.62,45.99,27.34,21.7,12.21,56.02,34.37,29.81,48.02,18.53,40.54
101.28,116.95,81.94,110.03,92.37,23.18,18.81,71.44,79.13,22.21,47.92,11.97,27.58,32.81,122.92,48.95,42.95,11.19,33.44,83.7,131.71,99.81,228.85,124.79,45.14,97.74,15.79,61.35,304.48,15.91,52.66,18.26,20.29,19.19,135.32,36.06,34.57,95.01,36.63,29.06,48.27,45.95,27.48,21.68,12.09,55.87,34.25,30.68,47.56,18.44,38.77
103.52,119.54,82.49,114.83,95.65,25.21,18.97,71.76,78.07,22.77,47.58,12.1,28.07,34.69,124.76,48.19,42.47,11.52,35.35,82.14,133.6,102.93,228.42,130.27,46.09,99.65,16.16,63.03,307.91,16.43,53.89,19.22,21.27,19.59,132.57,37.26,35.84,96.17,38.43,29.45,47.52,46.92,27.43,22.53,12.23,57.17,34.92,32.09,48.7,19.33,40.37
103.7,121.46,83.79,117.61,96.54,24.99,19.31,71.29,77.45,22.83,48.22,11.96,28.45,35.32,124.16,49.74,42.21,11.56,34.52,80.88,137.64,101.49,222.17,128.18,44.26,99.89,16.4,62.5,310.05,16.66,53.37,19.09,22.13,19.45,140.23,36.82,35.87,92.1,39.31,29.93,47.0,46.59,27.44,22.67,12.49,56.89,35.09,31.98,48.53,19.32,40.51
104.74,122.15,83.41,121.51,98.79,24.55,18.9,72.87,75.92,22.8,46.92,12.11,28.53,35.04,126.22,50.74,42.27,12.14,34.43,83.89,139.87,107.49,228.12,131.56,44.69,98.59,16.36,61.18,312.98,16.78,54.87,18.94,22.34,19.81,139.46,37.34,36.71,92.87,40.39,31.85,46.47,47.33,27.73,22.74,12.27,57.78,35.77,32.07,49.2,19.64,41.48
104.43,121.28,81.2,123.84,100.21,24.41,19.55,71.95,76.29,23.12,47.15,11.8,27.51,34.16,125.42,50.46,42.48,11.71,34.66,84.36,137.34,109.69,232.1,128.12,45.66,97.65,15.86,61.94,309.8,16.75,54.89,19.18,22.07,19.75,137.67,38.45,35.79,96.35,39.56,32.12,42.56,47.95,27.76,22.53,12.25,57.9,35.22,32.19,48.2,19.58,41.31
103.68,121.68,80.1,123.66,99.7,23.97,19.59,71.22,73.9,22.37,46.43,11.79,27.38,35.55,123.34,48.9,41.76,11.57,34.41,82.97,135.32,106.81,231.26,124.26,45.31,93.81,16.48,63.41,317.83,16.01,53.78,19.45,21.92,19.44,138.92,39.13,35.4,97.63,37.18,31.3,43.66,47.59,27.67,22.82,12.34,58.54,34.96,32.07,47.17,19.2,41.85
102.89,121.76,79.71,121.78,99.49,23.69,18.54,69.33,74.04,22.07,44.68,11.9,28.19,36.14,121.49,48.25,41.51,11.43,35.81,85.08,132.94,106.56,227.13,123.29,44.12,92.04,16.1,61.31,311.58,15.53,51.14,19.13,22.04,19.35,138.22,38.28,35.01,100.04,36.94,30.67,42.09,47.09,27.42,23.12,12.23,58.93,34.7,33.05,47.45,20.4,41.93
103.7,121.64,78.64,122.82,98.34,23.27,17.65,68.57,74.85,21.97,43.83,11.99,27.83,35.9,121.84,49.71,41.95,11.27,35.81,87.13,132.9,113.4,235.68,124.09,43.57,93.63,16.67,62.76,319.59,15.66,50.83,19.49,22.84,19.28,141.44,39.49,34.46,103.78,38.31,33.33,41.38,46.83,27.06,22.84,12.38,59.59,35.2,33.14,46.89,20.29,42.06
104.76,120.83,81.95,125.21,101.61,23.67,18.17,69.0,74.04,23.2,44.83,11.89,27.87,36.54,122.15,48.46,41.71,11.39,36.73,90.79,136.13,116.77,233.33,124.67,43.13,93.13,16.59,63.73,319.9,15.82,52.14,19.56,23.21,19.56,143.0,39.18,34.64,103.78,38.55,32.18,42.05,47.7,27.19,23.34,12.36,61.74,35.61,33.76,46.0,20.68,42.22
103.75,123.0,82.17,126.71,103.57,24.1,18.19,66.2,75.18,23.37,44.55,11.95,27.45,36.09,123.56,49.51,41.76,11.93,35.21,87.58,133.26,108.65,220.78,123.75,40.97,89.47,16.97,64.15,322.18,15.49,47.51,19.48,24.21,19.44,142.71,37.12,33.88,99.28,38.4,32.41,42.46,47.65,26.89,23.24,12.4,61.72,35.46,33.12,47.16,20.14,42.31
102.38,122.87,81.32,124.17,101.9,23.18,17.85,64.69,74.07,22.39,46.04,11.63,27.15,35.09,121.78,47.68,41.41,12.25,35.63,86.32,132.24,110.02,225.66,118.79,41.56,84.89,17.11,64.06,308.59,15.22,46.15,19.23,23.44,18.63,141.97,35.68,34.33,95.47,38.74,33.42,40.04,47.19,26.59,23.35,12.15,58.53,35.45,33.63,46.41,20.2,40.79
100.86,122.17,77.96,120.92,102.33,22.96,17.32,63.6,70.82,21.89,44.66,11.09,27.17,34.12,118.11,47.09,41.0,12.48,36.44,86.06,128.85,112.97,224.43,114.86,39.91,84.41,16.93,64.53,307.06,14.96,44.61,19.24,23.03,17.65,136.97,35.09,33.92,94.1,37.74,33.68,39.5,47.85,25.73,22.95,11.94,57.54,34.35,34.2,46.37,19.3,39.96
99.21,121.37,74.96,119.16,101.45,23.23,17.04,60.43,69.32,21.83,44.4,10.88,25.85,34.41,117.18,46.86,40.85,12.57,34.08,84.58,131.75,109.36,216.39,114.19,39.29,82.13,16.94,63.75,298.42,14.37,43.25,19.4,21.87,17.23,134.16,33.88,33.88,91.19,37.7,32.64,38.92,47.38,25.56,22.75,11.75,55.32,34.28,32.46,46.64,19.49,40.2
99.42,123.47,74.85,120.4,98.66,22.55,16.75,60.47,70.54,22.32,45.76,10.91,25.8,35.62,119.68,47.67,41.27,12.3,35.05,83.37,137.0,105.97,218.52,112.87,38.59,84.39,16.84,66.05,309.02,14.14,43.03,19.58,22.13,17.4,133.72,33.95,34.66,88.99,36.16,31.51,40.54,47.1,26.08,22.74,11.8,56.84,34.32,32.32,45.9,19.08,39.9
99.86,125.93,73.87,120.85,98.17,22.73,17.69,60.66,69.73,22.46,46.1,11.04,26.08,37.12,119.15,47.49,41.56,12.15,33.66,83.3,138.27,107.31,221.31,112.2,38.83,82.18,16.31,66.39,312.73,14.23,41.55,19.28,22.32,17.64,138.15,33.59,34.85,91.44,37.02,32.21,40.55,47.47,25.96,22.67,11.61,58.05,34.7,31.74,44.96,19.7,40.23
98.23,122.7,74.2,116.74,96.26,22.79,17.08,58.61,67.78,21.99,44.84,11.09,24.78,36.75,118.24,46.0,42.1,11.82,31.75,80.39,135.89,111.33,229.0,110.51,37.34,80.74,15.97,65.73,308.91,14.08,40.07,18.87,21.52,17.35,136.4,32.33,34.21,91.73,35.94,31.67,39.85,46.83,25.84,22.65,11.43,56.24,34.41,31.4,44.86,19.06,39.27
98.28,123.55,73.13,115.0,98.86,22.2,17.59,58.55,66.75,21.95,45.4,11.3,25.18,37.85,118.4,45.93,41.72,11.77,32.09,79.38,133.59,109.72,227.33,111.51,36.22,82.23,15.69,65.07,310.61,13.81,39.49,18.92,20.96,17.07,133.13,31.72,34.51,91.96,35.41,33.27,39.92,46.66,25.84,22.84,11.81,58.62,33.55,31.5,44.24,19.71,39.78
99.5,121.37,74.95,114.59,99.03,23.04,17.91,57.62,67.51,22.8,44.71,11.02,26.06,37.56,117.96,45.51,41.74,11.82,32.91,82.98,133.5,120.12,231.23,110.51,36.97,83.58,15.76,65.12,300.63,14.16,40.2,19.03,21.91,16.89,134.15,31.71,35.1,97.84,36.41,35.11,39.97,47.25,25.83,23.34,11.84,59.28,33.11,31.03,43.64,20.66,40.59
98.98,122.99,74.66,113.08,98.69,22.76,17.78,58.4,66.63,23.06,43.21,11.23,25.32,38.48,118.87,43.78,43.38,11.98,32.13,82.21,132.75,119.35,226.82,108.46,35.97,86.39,15.63,65.96,293.65,14.15,41.35,19.19,21.35,16.77,132.11,31.5,34.94,95.19,36.5,32.86,39.21,46.99,25.45,23.06,11.66,58.58,33.22,30.78,43.69,21.1,41.15
100.47,126.46,76.58,116.12,98.5,23.15,18.44,59.12,67.61,23.06,42.75,11.23,25.32,38.5,121.36,46.37,43.79,12.52,33.13,80.83,135.26,124.01,231.65,111.46,35.14,89.25,15.85,65.46,298.67,14.29,42.27,19.36,21.78,16.78,140.08,31.81,35.31,96.76,37.52,33.98,40.03,47.36,25.37,23.17,11.72,60.89,33.93,30.22,44.77,20.75,41.08
98.21,122.07,77.51,114.71,97.41,21.77,18.84,57.65,64.87,22.43,40.85,11.05,25.54,37.83,115.1,45.11,40.66,12.26,32.16,79.35,134.1,122.28,227.64,108.86,34.46,85.21,15.69,62.91,292.69,13.84,41.96,18.88,21.19,16.64,141.34,30.75,34.79,93.06,36.25,33.39,39.02,46.78,25.09,22.82,11.57,58.82,33.66,29.09,43.74,20.18,40.15
97.99,122.45,77.95,113.54,96.73,21.51,18.6,56.54,62.68,22.36,41.71,10.85,25.42,37.05,115.15,45.4,41.48,12.45,30.65,81.06,130.77,129.16,227.92,106.19,36.28,83.45,15.55,63.09,295.18,13.99,41.85,18.92,21.47,16.74,142.35,31.95,34.39,90.16,34.89,33.97,40.3,46.01,25.25,22.47,11.45,57.29,33.56,29.17,43.81,20.11,38.98
97.48,121.39,75.49,115.92,96.19,21.12,19.17,55.79,61.85,22.19,42.46,10.67,25.31,36.89,115.27,45.88,41.43,12.03,29.57,80.86,128.47,126.53,231.27,106.17,36.66,84.8,15.48,61.55,290.01,13.77,40.98,18.69,21.27,16.72,139.29,32.57,33.81,90.64,34.02,34.57,41.12,45.67,25.25,22.31,11.65,57.26,33.44,28.61,41.95,20.18,38.75
97.69,122.33,78.76,119.51,94.44,20.93,20.05,56.23,64.2,22.61,43.77,10.81,24.85,35.38,116.26,47.25,41.5,12.05,27.89,82.13,127.82,123.93,227.04,106.76,36.57,86.88,14.98,61.96,294.31,13.54,39.88,18.2,21.47,17.17,143.6,31.87,33.56,93.67,33.46,35.5,42.84,45.35,25.75,22.0,11.61,57.1,33.64,28.74,42.5,20.04,37.86
99.97,122.78,79.04,121.19,94.92,20.63,20.64,56.91,66.26,23.09,45.3,10.96,25.63,36.18,119.9,48.46,42.63,12.61,28.78,87.0,129.19,121.86,230.67,107.35,37.6,89.28,15.07,62.47,291.96,14.22,41.52,18.27,21.85,17.57,149.06,32.93,34.48,100.73,34.76,36.36,46.23,45.74,26.26,22.06,11.94,58.79,34.34,29.79,43.09,20.71,38.99
100.2,124.86,78.2,121.07,97.31,20.73,20.55,56.61,66.18,22.93,44.77,10.95,25.07,35.62,119.48,49.17,42.19,12.83,29.14,87.74,126.32,128.56,236.14,108.51,37.38,87.52,15.08,61.81,278.99,14.45,42.63,18.52,21.18,17.43,149.35,31.65,34.84,100.06,34.71,35.43,47.46,46.51,26.48,22.35,11.68,58.13,34.17,30.98,44.61,20.88,39.77
100.2,124.44,80.31,120.82,95.11,20.25,20.99,56.02,66.37,22.82,44.23,11.34,25.89,36.49,118.41,48.45,40.71,12.45,29.87,90.73,126.75,139.88,235.26,104.89,37.94,89.74,14.97,62.08,280.62,14.43,43.59,18.34,21.28,17.41,147.5,32.46,34.83,97.66,33.0,34.63,46.1,46.35,25.94,21.92,11.74,56.97,34.24,31.98,45.08,20.65,39.6
98.57,125.27,81.88,118.46,96.6,20.41,20.25,56.03,67.49,22.02,42.92,11.3,25.17,36.09,117.5,46.44,39.21,12.27,31.51,89.95,126.35,135.36,235.75,106.71,36.49,87.25,14.45,61.43,279.4,14.4,40.49,18.34,21.33,16.76,145.46,30.24,33.86,94.87,31.73,35.18,44.06,46.12,25.6,22.23,11.53,54.5,34.15,31.2,44.95,19.6,38.35
98.49,125.1,82.7,116.29,95.39,20.21,21.35,56.42,67.42,21.44,43.93,11.08,24.34,35.58,116.31,47.05,39.15,12.06,30.53,88.11,125.68,142.55,236.74,106.8,38.08,85.25,14.49,60.67,288.61,14.62,40.11,18.32,21.86,16.75,146.4,29.48,33.87,93.66,32.07,34.25,45.17,46.53,25.27,22.56,11.31,53.1,33.59,31.11,44.5,18.94,37.32
99.23,126.22,84.43,117.12,95.12,19.91,20.42,58.43,67.46,21.98,44.25,11.2,23.65,33.97,120.05,46.22,39.99,12.27,30.58,90.83,128.84,154.8,235.94,111.68,39.78,88.19,14.57,60.75,290.44,14.6,41.14,18.45,21.33,16.93,146.69,29.57,34.38,96.48,31.6,32.51,45.42,47.53,25.32,23.01,11.26,54.15,33.54,31.28,45.05,18.5,35.78
99.14,120.64,86.7,118.77,95.46,19.69,20.42,58.82,66.14,21.67,45.01,11.44,24.09,33.4,118.1,44.07,39.86,12.19,32.56,95.92,129.18,157.57,238.57,110.69,40.03,88.25,14.8,61.51,297.9,14.54,41.71,18.4,20.77,16.65,147.44,28.24,33.36,92.85,32.8,31.66,44.76,47.24,24.83,22.91,11.19,52.62,33.11,31.2,45.78,18.73,36.56
97.58,119.03,86.76,119.4,93.13,18.19,20.22,59.32,65.67,21.22,45.05,11.74,23.88,34.0,114.45,46.06,39.68,11.83,32.21,91.91,128.38,152.39,235.22,110.75,40.74,85.62,14.59,60.29,295.4,14.25,40.48,18.43,21.56,16.63,148.59,27.5,31.97,87.9,30.7,30.06,43.1,45.45,24.49,22.36,10.91,51.71,32.64,30.92,45.51,18.59,35.59
98.74,121.03,86.1,121.63,93.79,17.78,20.22,60.74,67.79,21.8,46.31,12.18,24.51,33.94,115.69,46.72,41.37,11.77,33.03,92.28,130.96,160.94,237.89,111.14,41.5,86.83,14.04,62.16,296.98,14.53,40.75,18.29,21.22,16.75,150.78,28.67,32.3,87.47,30.42,29.61,44.21,45.14,24.56,22.05,11.13,53.46,34.26,30.48,46.76,18.59,35.18
99.73,122.81,87.61,123.59,97.37,17.03,20.28,61.02,66.42,21.02,44.49,12.17,24.98,34.04,116.63,46.24,42.2,11.61,34.51,94.19,133.64,165.98,247.36,109.44,42.88,87.69,13.82,64.43,301.72,14.46,41.13,18.59,21.47,16.67,147.64,30.54,32.87,88.19,29.87,31.46,44.98,45.6,24.6,22.42,11.12,51.4,34.76,30.81,48.17,19.35,35.99
98.95,122.59,86.6,121.38,99.92,16.24,20.14,59.65,68.04,21.22,45.05,12.0,24.17,32.81,117.45,44.92,41.79,11.48,34.43,94.82,132.79,153.47,253.47,109.6,43.04,90.81,13.88,62.41,298.85,14.25,40.44,18.13,22.29,16.7,148.02,30.15,32.17,87.3,29.74,30.69,43.34,45.25,24.18,22.17,11.19,52.27,34.58,30.99,46.83,19.15,36.12
98.46,120.04,84.39,122.14,98.69,16.32,19.58,60.03,68.81,20.94,43.72,11.77,23.86,32.37,117.01,44.32,42.53,11.52,34.1,95.8,136.07,151.15,253.39,112.3,43.57,90.35,14.4,62.07,291.12,14.07,39.04,18.06,22.37,16.62,148.46,29.91,32.81,85.14,29.94,30.87,43.18,45.46,24.14,21.97,10.89,52.26,34.27,30.79,46.41,18.73,36.33
98.92,118.17,85.79,120.12,98.62,15.99,18.85,58.96,69.35,20.99,45.45,11.78,24.25,33.55,114.8,44.87,41.73,12.05,34.44,97.13,135.98,158.23,253.21,112.81,44.91,86.15,14.87,61.5,291.58,13.93,39.51,18.52,22.72,16.37,146.03,30.73,33.5,89.03,29.62,31.49,42.87,46.17,24.26,21.87,10.87,53.11,33.9,30.57,46.27,18.28,36.65
100.28,121.69,86.17,121.32,98.04,16.34,18.79,59.21,70.34,21.25,46.76,11.73,24.95,34.22,118.02,46.3,43.02,12.25,35.1,100.52,137.11,179.24,248.37,113.19,43.71,85.73,14.99,62.34,288.26,14.11,39.82,18.59,23.84,16.93,147.32,30.53,32.91,92.91,28.62,30.39,45.34,45.99,24.36,21.87,11.07,51.87,34.55,30.95,46.83,18.44,37.21
101.48,126.82,85.83,122.31,100.04,16.75,18.07,58.24,68.78,21.01,46.44,11.83,25.54,34.42,117.71,47.02,43.75,12.27,38.83,102.57,138.5,178.78,250.31,116.57,44.33,89.31,15.1,61.84,283.55,14.43,41.05,19.1,23.84,16.48,150.23,31.17,33.87,97.14,29.08,30.84,45.09,46.49,24.16,22.31,11.23,53.9,34.39,32.07,47.0,18.85,37.73
102.24,128.17,86.32,121.1,98.52,16.5,17.9,59.98,69.18,21.34,46.99,12.06,25.22,34.76,115.77,48.18,42.28,12.02,38.65,101.97,140.06,184.64,256.12,115.11,45.12,91.22,15.84,62.53,288.49,14.56,42.67,19.39,24.05,16.4,148.61,32.01,34.45,98.9,29.25,31.21,44.9,46.31,24.01,22.2,11.23,54.41,34.9,31.98,46.85,18.84,39.48
102.16,128.37,87.5,121.98,97.7,16.48,18.74,60.19,69.63,21.93,46.64,12.04,26.2,35.51,114.18,47.83,42.69,11.71,37.5,103.49,137.09,185.11,258.95,113.09,44.64,91.12,16.28,61.02,281.83,14.1,41.77,19.69,24.12,16.6,148.37,31.04,34.35,96.0,29.93,30.85,44.22,45.33,24.14,22.16,11.47,56.32,34.99,30.97,47.12,18.51,39.23
103.68,131.42,87.42,122.72,98.58,16.87,18.55,60.34,71.23,22.54,47.47,12.31,26.65,36.21,116.71,49.18,44.26,11.79,37.06,103.01,142.8,188.35,264.13,115.11,44.48,88.28,16.6,62.5,291.3,13.95,43.4,20.06,24.35,16.7,151.55,31.07,34.92,98.17,29.83,31.72,44.17,45.78,24.76,22.9,11.91,56.76,36.16,30.79,47.11,19.55,39.73
102.53,127.75,84.47,121.52,101.72,16.35,18.6,59.51,71.31,22.54,46.25,12.13,26.66,35.94,113.37,48.73,42.71,12.16,35.32,101.56,139.32,185.71,259.96,115.43,42.2,86.45,16.79,63.3,285.24,14.34,44.37,20.06,24.67,16.34,143.49,30.46,34.72,94.37,29.05,30.83,43.56,45.79,24.59,22.87,11.91,55.04,35.68,30.72,48.35,19.47,39.37
101.44,122.37,84.57,120.74,103.91,15.55,18.05,57.98,69.48,21.93,45.89,11.99,26.41,35.61,110.4,47.53,41.74,11.86,34.71,100.95,136.07,188.2,250.95,115.29,42.41,88.07,16.5,63.22,278.46,14.52,46.02,20.13,24.01,15.81,141.92,30.44,35.1,93.54,27.48,31.53,43.08,46.52,23.9,23.33,12.19,53.59,34.79,29.96,48.56,19.27,37.85
101.4,121.68,84.4,123.29,104.74,15.57,18.45,57.44,68.34,22.17,45.86,11.77,26.26,35.16,110.8,47.89,42.41,11.69,35.31,99.27,128.36,188.93,253.45,117.38,42.07,87.92,16.38,62.29,277.74,14.16,47.72,19.98,23.37,16.13,142.35,30.54,34.79,92.16,28.83,31.25,42.58,46.54,24.2,23.24,11.93,52.94,34.2,30.69,48.87,19.76,38.35
103.11,120.65,84.86,124.13,104.65,15.46,19.23,56.4,71.17,23.93,45.13,11.88,26.88,37.17,110.33,48.77,43.39,12.01,36.11,102.6,132.87,191.36,256.83,117.99,42.86,93.72,16.87,62.54,271.56,14.38,50.91,19.75,23.25,16.7,145.83,30.42,35.03,90.75,29.29,32.34,43.45,46.95,23.82,23.58,12.01,55.48,34.76,31.33,50.15,20.21,39.18
102.75,121.35,84.04,123.08,107.09,16.03,19.21,55.91,72.74,24.45,45.28,11.83,27.01,38.5,108.66,48.55,43.87,11.92,34.54,101.74,128.88,184.17,251.85,117.26,42.02,93.02,17.57,63.34,275.87,13.83,51.14,19.44,23.03,16.4,145.71,29.75,34.34,94.35,29.81,31.93,42.11,46.73,23.86,23.06,12.12,55.1,34.42,31.73,48.41,19.61,40.59
103.57,123.0,84.68,125.66,107.44,16.32,19.11,55.91,73.43,24.74,47.89,12.07,28.26,37.71,109.72,50.95,44.51,12.03,33.86,100.74,127.28,183.34,252.09,117.44,41.78,92.36,17.59,64.29,275.69,13.74,51.36,19.42,23.19,16.7,151.42,29.17,34.68,91.73,30.29,32.85,42.79,46.75,23.87,23.74,11.96,56.87,34.87,33.12,48.61,19.62,41.83
104.05,124.81,86.67,128.11,104.15,16.2,19.3,56.84,75.05,25.34,49.87,11.89,28.23,38.25,109.39,51.53,44.3,12.01,32.14,104.19,130.65,183.95,252.1,119.56,41.13,90.9,17.63,64.36,277.61,13.9,48.56,19.54,23.06,16.53,150.41,27.6,34.98,93.53,30.23,35.04,42.25,47.72,24.45,23.79,12.17,59.68,35.44,31.82,49.25,19.96,42.95
103.61,121.71,85.07,128.22,102.02,16.12,18.91,56.77,78.14,25.05,49.4,11.7,28.05,37.53,108.73,52.35,44.73,12.17,32.04,105.29,130.15,184.58,247.02,114.74,40.75,90.76,17.36,64.19,288.72,13.92,47.61,19.84,22.41,16.88,150.76,28.11,34.96,90.02,29.24,34.1,43.12,48.32,24.52,23.87,12.21,59.15,35.96,32.33,48.78,20.2,41.13
103.54,122.33,82.44,130.57,103.07,16.51,18.75,57.63,76.73,24.06,48.26,11.63,27.45,37.77,109.42,52.8,44.39,12.5,33.36,105.75,131.64,189.72,247.0,113.4,41.33,94.02,17.6,63.31,285.63,13.67,49.58,19.55,22.11,17.55,148.92,28.84,34.43,87.04,28.87,34.04,42.81,47.79,24.49,23.38,12.22,59.95,35.38,32.05,49.33,19.38,40.33
104.2,124.71,85.38,134.65,104.14,16.67,19.36,57.04,75.89,23.77,48.53,11.69,27.43,37.7,110.3,52.79,43.95,11.94,34.72,105.65,132.2,181.43,247.25,116.5,41.42,94.54,17.39,63.23,285.85,14.07,53.15,19.78,22.76,17.54,152.5,28.34,34.24,87.97,30.34,34.87,42.3,47.86,24.57,23.51,12.57,59.95,35.86,33.03,49.11,19.44,40.23
105.21,122.8,83.3,136.92,104.33,16.92,19.7,56.85,76.39,24.1,48.4,11.71,28.05,37.69,110.0,52.17,45.34,11.82,34.0,105.53,133.06,182.8,244.94,117.26,43.18,100.1,17.35,61.71,287.48,14.25,54.84,19.96,23.12,17.99,152.4,29.45,34.18,92.87,30.83,35.44,41.93,48.23,25.16,23.96,12.7,62.21,36.56,32.82,49.71,19.73,40.5
106.0,119.81,80.87,135.4,102.63,17.34,19.21,56.18,76.14,24.26,50.91,11.9,28.43,38.74,108.04,50.75,43.7,11.72,35.54,102.74,132.93,192.62,246.73,116.71,44.08,100.03,17.37,62.57,279.16,14.38,57.88,20.42,23.69,18.31,148.74,30.45,34.66,99.01,31.12,34.0,42.24,48.66,25.13,24.45,12.69,64.63,36.81,33.48,49.23,20.36,39.79
107.49,118.68,81.08,138.87,106.26,16.83,19.75,57.02,76.12,24.6,53.54,12.03,28.81,37.67,111.29,50.55,44.74,12.14,36.53,102.06,140.44,185.63,253.36,118.59,43.59,97.95,18.15,63.38,279.08,14.17,58.55,21.19,25.06,18.47,147.21,31.29,34.98,104.75,31.71,34.6,43.78,48.46,25.5,24.56,13.18,66.46,37.35,33.76,48.79,20.62,40.64
107.12,118.94,82.49,139.4,105.1,15.99,19.81,57.64,77.87,23.78,53.34,12.04,27.92,37.26,108.66,50.39,43.64,12.4,36.01,100.23,140.4,181.0,254.56,116.12,44.36,98.87,17.67,64.31,276.47,14.3,59.44,21.09,25.79,18.53,145.55,30.72,34.87,104.25,32.35,33.81,42.79,47.8,25.78,24.88,13.2,65.72,37.37,34.21,49.51,20.9,39.59
106.25,119.97,81.36,137.43,103.35,15.45,19.87,58.1,78.56,23.86,53.89,12.07,28.08,37.46,106.98,52.3,43.6,11.98,34.98,96.94,138.49,182.69,250.04,115.35,44.65,97.65,17.53,64.85,280.61,14.27,58.24,20.66,25.31,18.29,146.08,30.19,33.65,105.14,31.48,32.69,42.43,47.29,25.46,24.36,13.1,65.94,37.98,33.45,47.89,20.07,38.68
107.03,119.06,82.87,139.21,101.89,16.11,19.72,59.09,79.43,23.87,55.13,12.45,28.53,39.73,108.24,52.26,44.4,11.82,35.43,100.92,140.82,175.12,255.6,118.38,44.78,95.05,16.8,69.26,286.02,14.26,57.72,20.61,25.22,18.98,154.3,29.5,33.38,100.58,32.13,33.77,43.96,47.56,25.81,24.48,12.97,67.46,38.44,33.8,46.85,19.94,40.15
108.46,120.31,84.78,142.28,103.78,16.57,19.57,59.69,81.24,24.0,55.49,13.02,29.6,41.01,111.6,54.51,46.24,11.81,35.57,99.74,146.98,178.97,255.6,121.95,44.81,96.62,16.82,72.84,286.37,14.42,56.07,20.43,24.68,19.56,153.7,31.47,33.36,104.54,31.67,33.93,43.56,48.2,26.06,24.68,13.48,69.83,39.25,32.71,46.09,19.47,42.19
107.7,122.16,83.38,142.81,102.93,15.36,19.03,59.59,79.9,23.94,56.46,12.78,29.56,41.01,111.13,53.25,45.58,11.44,36.71,96.8,139.54,181.1,254.17,123.03,45.65,96.69,16.69,72.46,291.67,14.38,55.75,20.48,24.74,19.0,153.44,32.75,33.71,99.51,31.57,34.23,42.72,48.02,25.58,24.77,12.89,67.79,39.23,32.78,45.57,19.53,41.31
109.38,128.77,86.52,144.86,103.15,15.96,19.99,60.1,80.44,24.13,58.45,13.03,30.02,41.67,111.96,53.48,46.97,11.92,35.92,95.77,139.7,175.36,263.28,124.13,46.0,103.83,16.73,74.61,299.61,14.31,54.78,21.16,23.79,20.2,155.78,32.06,34.82,98.41,31.01,35.32,42.21,48.69,26.08,25.87,13.63,69.98,40.6,32.84,46.97,19.88,41.65
111.03,133.52,85.14,151.0,104.11,16.21,20.02,59.67,84.71,24.86,58.66,13.05,30.65,42.53,117.02,53.56,47.94,12.34,36.51,99.94,147.37,185.8,260.05,128.77,46.6,108.32,16.75,75.02,304.28,14.28,55.61,21.2,23.19,20.32,156.12,32.62,34.88,104.47,30.28,35.25,44.55,48.57,26.32,25.95,13.63,68.9,40.97,32.66,47.25,19.79,42.95
112.25,132.26,89.53,152.68,104.31,15.78,19.26,60.78,85.81,24.94,59.85,13.32,30.64,44.29,119.45,54.18,46.9,12.1,37.2,99.18,147.99,193.85,272.3,125.96,47.6,107.73,16.76,75.46,307.76,14.69,58.82,21.4,23.22,20.15,159.32,33.56,34.96,112.93,31.09,33.45,43.93,48.3,26.64,25.73,13.87,70.5,42.11,32.68,47.43,19.83,41.8
113.32,131.83,87.51,154.29,106.18,15.95,19.27,61.04,84.41,25.58,62.34,13.4,30.64,43.98,121.63,56.66,47.76,12.01,38.72,100.19,147.9,211.97,267.68,123.74,48.25,110.93,16.48,75.28,312.69,14.91,60.44,21.03,23.09,20.15,162.36,34.9,35.53,112.55,29.79,33.26,45.86,48.37,26.66,25.83,13.69,71.87,42.46,32.85,47.6,19.35,41.06
113.31,132.46,88.33,152.89,107.22,16.36,19.14,62.4,85.02,25.01,61.96,13.09,31.1,43.25,121.58,56.69,48.2,12.01,36.53,101.57,143.0,216.89,264.49,126.81,46.1,112.23,16.37,77.41,312.07,14.72,60.74,21.45,23.64,20.18,160.14,34.89,35.67,110.49,29.45,33.01,46.41,48.41,26.36,26.2,13.75,72.25,41.64,32.62,47.33,19.87,42.58
113.71,131.8,89.06,156.18,105.39,16.76,19.14,63.45,85.52,25.56,64.66,13.34,31.75,42.86,120.39,58.67,48.97,12.36,36.94,101.61,145.93,206.93,270.39,124.23,45.96,112.73,16.68,79.65,316.88,14.97,59.6,21.86,22.92,20.18,162.19,34.66,36.04,105.48,29.62,32.84,47.53,47.78,26.72,26.2,13.41,73.44,42.4,31.76,48.06,20.31,42.57
114.46,131.15,91.68,159.3,108.78,17.14,20.09,61.59,86.72,26.01,65.06,13.51,31.9,43.03,123.24,60.37,48.91,12.27,36.6,101.31,143.59,201.05,268.82,126.61,48.62,116.94,16.37,78.71,313.35,15.34,59.7,21.86,23.33,20.43,162.18,35.16,35.44,101.35,31.73,33.21,46.33,47.44,27.28,26.28,13.38,72.8,42.89,32.8,48.92,20.49,42.48
114.28,129.75,94.33,157.86,109.26,17.39,20.82,60.88,87.47,25.66,63.13,13.28,32.91,43.93,122.3,59.88,50.25,11.7,37.0,104.57,146.75,202.82,267.93,124.27,48.96,114.93,16.29,79.96,302.47,15.27,58.17,21.49,24.16,20.25,163.06,33.84,34.93,97.54,31.28,33.93,47.12,46.75,27.25,26.52,13.32,72.69,43.25,31.43,48.79,20.78,43.09
113.04,130.62,95.58,159.4,106.16,16.57,19.87,59.95,85.41,25.41,62.51,13.31,32.29,43.88,122.38,59.43,49.68,12.0,37.25,100.59,149.12,195.33,267.32,124.46,48.94,115.24,15.81,76.88,305.66,14.62,58.03,21.31,23.52,19.96,161.3,34.94,34.85,97.01,31.25,35.28,47.11,46.18,26.93,25.53,13.24,72.4,43.21,30.2,48.55,19.61,42.56
115.23,129.6,95.59,164.65,107.73,17.24,20.5,60.72,85.8,26.58,64.17,13.53,33.59,43.92,124.27,60.47,50.27,12.32,38.27,98.26,149.28,204.26,281.02,123.13,49.37,113.2,16.4,76.96,307.31,14.66,59.86,21.45,24.06,20.42,163.63,36.6,35.74,101.81,32.85,36.25,50.13,46.7,27.46,25.72,13.52,73.44,43.93,29.97,48.77,19.93,41.8
115.42,130.66,97.57,166.26,109.19,17.97,20.75,61.02,84.88,26.87,63.83,13.57,32.51,44.45,123.36,59.5,49.46,12.32,37.53,98.07,148.25,198.33,294.11,124.29,49.98,112.38,16.49,79.29,315.72,15.11,57.53,21.72,23.68,20.3,163.88,37.71,35.3,98.91,33.47,35.6,49.43,46.58,27.65,25.85,13.54,75.19,44.45,30.28,47.41,19.39,41.11
115.13,132.21,98.54,165.23,108.34,17.46,20.82,61.9,86.96,27.35,64.59,13.21,31.35,44.92,123.73,59.58,48.42,11.95,37.96,98.13,151.7,205.65,293.38,125.8,48.77,108.75,16.44,77.82,319.15,15.04,57.07,20.97,23.65,19.98,163.5,35.76,34.87,99.74,33.84,35.57,50.32,46.78,27.91,25.25,13.54,74.29,43.89,31.89,46.26,18.67,40.09
113.43,130.35,94.94,165.29,106.6,16.06,19.97,61.96,86.12,26.64,63.39,12.87,31.0,44.03,122.26,56.69,46.43,11.74,38.83,91.83,143.5,208.4,289.68,124.43,48.77,111.39,15.98,76.1,318.36,14.5,55.79,20.35,23.7,19.43,163.23,35.31,34.26,101.75,34.31,33.34,49.63,46.54,27.59,25.27,13.01,72.08,43.88,31.01,45.84,19.18,41.05
111.97,130.44,93.92,163.42,106.71,15.43,20.17,61.81,85.4,26.2,61.82,12.34,30.28,43.54,123.68,57.32,45.61,11.38,36.96,87.07,144.63,208.61,282.93,121.03,48.6,110.95,15.37,75.16,316.51,14.19,57.55,20.05,23.6,18.91,160.29,37.12,33.43,99.34,33.15,31.45,46.89,46.11,27.56,24.88,12.68,74.17,43.53,29.47,44.91,19.52,40.11
111.12,130.44,90.93,163.36,107.31,15.61,20.3,59.63,83.17,26.65,63.33,12.52,29.9,43.52,126.53,57.4,45.63,10.99,35.39,85.92,142.93,207.44,285.18,119.6,48.94,109.99,15.15,77.24,324.28,13.66,54.24,19.45,23.94,18.84,158.14,35.13,33.59,95.26,31.48,32.03,46.62,46.02,27.66,24.45,12.84,75.14,43.65,28.05,45.12,18.8,40.06
110.37,127.28,90.37,161.94,105.25,15.59,19.81,59.44,80.51,25.84,62.68,12.71,28.95,44.38,123.78,59.1,48.09,11.36,34.47,86.32,141.42,207.47,284.52,119.46,47.77,104.87,15.2,75.91,323.74,13.85,53.36,19.36,23.79,18.36,158.59,33.37,33.43,95.73,31.05,32.96,49.26,45.58,27.66,23.97,12.66,74.7,44.08,27.76,44.65,18.2,38.64
111.58,124.53,87.07,164.56,109.99,16.28,20.0,59.49,80.1,24.98,61.38,12.87,28.96,45.1,127.16,60.86,47.94,11.42,34.79,88.61,137.78,208.49,292.37,124.43,48.65,111.32,15.62,74.65,324.67,13.99,56.83,19.38,23.83,18.5,156.27,35.09,33.95,100.54,30.5,34.32,50.64,46.21,27.53,24.05,12.67,76.93,44.64,27.75,44.31,17.95,38.79
110.82,124.07,87.57,164.18,108.15,16.13,20.1,58.74,82.33,24.73,59.93,12.7,29.34,44.17,125.39,62.37,47.18,11.64,35.56,88.66,133.33,210.24,281.96,124.55,47.18,114.25,15.96,73.82,315.27,13.85,60.59,18.77,24.27,18.51,155.61,33.97,33.28,99.41,30.36,34.26,48.99,45.77,27.36,23.87,12.51,75.5,44.41,26.54,44.28,17.68,38.47
111.99,123.76,86.6,165.4,109.85,16.69,20.09,59.18,83.73,24.96,58.72,12.71,30.45,44.98,126.85,63.73,48.61,11.95,36.16,91.39,136.14,211.21,289.91,123.7,47.88,115.54,15.73,73.44,309.86,13.58,60.0,18.92,25.15,19.02,157.2,34.43,33.95,104.22,29.91,34.9,47.24,46.47,27.43,24.39,13.16,75.85,43.9,27.22,44.67,17.46,40.13
110.7,117.25,86.88,161.44,110.07,16.83,20.15,58.56,82.35,24.64,59.45,13.07,30.21,44.08,124.31,63.03,47.92,11.94,34.31,94.25,133.91,210.8,282.87,122.25,46.33,109.03,15.97,75.29,303.92,13.43,58.98,19.03,24.8,18.59,151.71,33.92,33.49,102.78,30.08,33.53,46.37,46.68,27.32,24.0,12.83,75.37,43.17,28.06,43.67,17.71,38.12
109.47,117.69,86.07,160.5,108.85,16.84,19.77,58.9,82.36,23.47,60.72,12.89,29.24,44.3,121.09,60.01,48.22,11.92,35.22,92.45,132.27,205.59,277.07,118.49,46.15,103.06,15.63,75.89,311.92,13.4,56.55,18.9,23.91,18.46,149.59,33.57,33.25,99.52,30.2,32.93,47.21,46.27,27.17,23.56,12.86,75.95,42.71,27.64,43.14,17.98,37.36
109.7,119.86,90.11,161.95,107.23,16.03,19.27,59.07,82.75,23.92,61.69,13.26,29.97,43.42,121.94,63.34,47.37,11.9,34.94,94.51,133.14,208.15,269.52,120.12,45.38,102.67,15.52,76.76,315.19,13.04,57.46,18.96,23.77,18.65,151.39,33.3,33.32,97.0,30.21,32.63,48.05,46.77,27.1,23.0,13.18,77.42,42.98,27.71,42.99,17.88,37.2
107.99,121.12,89.18,159.64,108.09,15.36,18.9,60.17,83.37,24.71,63.8,13.08,29.83,43.6,121.94,62.68,47.31,11.73,33.0,92.19,132.5,189.28,261.7,114.62,43.96,102.36,14.72,75.75,315.21,12.82,54.19,18.38,23.53,18.52,148.51,34.12,32.95,92.76,28.32,33.81,48.07,46.22,27.37,22.52,13.22,78.81,42.41,26.79,42.03,17.58,34.91
107.23,122.27,89.56,155.47,108.51,15.13,18.48,59.81,83.81,23.8,62.83,13.04,29.12,43.73,122.31,63.07,46.32,11.81,33.35,89.48,131.27,179.06,254.59,112.18,43.18,103.13,14.76,77.19,320.08,12.87,53.29,18.46,23.09,18.28,148.27,32.92,32.58,94.38,28.84,32.49,48.65,46.46,27.23,22.74,13.34,77.73,42.35,27.39,40.91,17.51,35.69
107.11,120.06,90.9,159.74,105.45,15.1,18.21,58.8,83.82,23.75,62.18,12.68,28.88,43.49,122.43,64.19,47.26,11.84,32.36,89.39,132.44,175.26,257.47,115.81,41.18,104.58,14.48,79.03,321.54,12.67,51.94,18.7,22.06,18.91,149.46,31.83,33.02,93.33,30.76,32.27,49.48,46.3,27.2,23.23,12.84,77.55,42.9,28.17,40.3,17.56,36.19
107.85,122.46,93.63,161.38,107.84,15.77,18.29,59.39,87.91,23.25,64.67,12.88,28.79,44.58,121.02,66.72,48.0,12.31,31.67,90.73,130.33,170.88,260.77,112.64,42.21,105.8,14.16,79.94,328.56,12.98,52.73,18.88,21.52,18.73,152.17,31.24,33.48,95.32,30.89,31.86,48.62,46.81,27.35,23.79,12.98,75.92,43.17,27.29,40.35,17.43,36.29
107.31,123.19,91.48,160.31,109.67,15.54,18.15,59.78,87.77,22.47,63.59,12.75,28.07,43.51,121.41,65.2,48.69,12.05,31.47,88.84,129.93,157.65,263.12,113.42,42.91,110.15,13.94,79.4,326.32,13.12,52.56,19.24,20.85,18.99,150.92,31.23,33.37,94.31,30.05,32.91,47.65,46.84,27.38,24.04,13.01,77.47,43.4,28.43,40.34,17.31,35.39
110.01,123.53,91.53,162.8,110.33,15.82,19.37,61.63,88.44,23.66,67.1,13.05,28.76,45.47,121.82,65.13,49.9,12.19,33.37,95.36,130.34,163.68,267.02,116.17,41.59,113.53,14.2,81.5,327.08,13.86,57.16,19.54,21.49,19.28,153.85,32.21,34.08,98.99,30.33,35.74,47.5,46.93,27.88,24.56,13.5,74.67,44.82,29.65,40.61,18.17,37.59
111.28,124.32,92.26,162.47,109.58,15.91,18.98,62.2,91.27,23.42,67.84,13.24,28.42,44.51,121.32,64.48,50.48,12.52,37.12,93.82,128.94,170.86,278.51,115.59,42.4,116.75,14.16,80.89,331.22,13.77,57.93,19.63,21.5,19.0,154.78,33.92,34.64,104.3,32.17,35.32,48.08,47.5,28.11,24.21,13.84,76.75,45.16,29.81,40.39,18.29,37.89
111.19,122.83,93.27,161.32,111.61,15.76,19.59,64.96,93.63,23.77,67.25,13.07,28.44,44.09,121.87,66.86,49.23,12.4,35.92,90.5,128.93,165.39,274.95,116.73,41.28,113.19,14.12,81.83,330.79,13.53,55.37,20.16,22.01,18.85,158.07,33.94,34.68,103.02,32.7,34.8,47.75,46.02,28.21,23.83,13.55,79.56,46.64,30.64,40.62,18.3,37.36
112.16,120.5,93.88,161.08,113.13,15.89,19.96,64.61,95.37,23.85,67.12,12.91,29.91,43.77,124.03,65.32,50.33,12.48,38.61,91.2,130.56,167.42,268.8,117.96,41.85,112.8,14.43,82.74,324.69,13.9,57.33,20.39,22.21,18.97,156.11,34.26,34.69,108.97,31.77,36.2,46.43,46.38,28.21,23.88,13.6,80.68,47.64,32.03,40.84,18.54,38.65
112.54,121.72,92.25,159.8,112.9,15.67,20.02,64.14,95.73,23.7,67.92,12.95,29.71,44.11,126.27,65.56,51.12,12.37,38.75,91.7,128.05,162.32,262.87,119.48,41.93,110.43,14.68,82.98,329.73,14.16,57.28,20.19,22.16,18.98,154.22,35.73,35.47,113.46,31.97,36.01,48.57,46.64,28.06,23.64,13.81,81.66,48.15,31.99,42.22,19.27,38.86
110.67,118.43,88.23,155.87,113.97,15.48,19.99,62.88,93.87,23.63,66.35,12.57,28.8,43.01,121.76,62.44,51.42,12.13,38.34,89.01,126.24,158.09,255.45,118.16,40.91,110.62,14.7,82.31,324.14,13.48,55.39,19.68,22.23,18.21,154.27,36.08,35.01,109.49,30.71,36.2,47.6,46.41,27.58,23.83,13.85,78.75,47.96,31.04,42.65,19.51,38.54
112.0,121.11,90.94,156.62,115.21,16.2,20.64,64.79,96.6,23.7,67.42,12.99,29.39,44.05,125.17,61.85,53.38,12.25,37.7,93.05,125.18,154.86,263.33,119.75,40.68,107.46,14.82,82.48,330.75,13.45,54.9,19.75,22.03,18.42,153.61,34.72,35.65,115.41,30.88,37.88,48.47,46.8,27.9,24.18,14.01,77.53,49.94,31.77,42.79,19.2,40.07
113.44,120.94,92.43,156.37,116.85,16.19,20.9,65.32,95.26,22.99,68.02,12.84,30.2,45.19,125.81,61.37,54.6,12.44,40.32,93.93,126.4,162.6,266.76,125.23,42.14,115.08,15.13,81.81,324.43,13.08,56.45,19.73,22.44,17.98,150.92,35.72,36.21,127.72,32.21,36.37,48.93,47.55,27.9,25.09,14.1,74.76,49.73,31.46,41.95,19.74,40.79
112.23,119.99,92.84,158.06,115.55,15.38,21.31,65.62,95.0,22.3,65.59,12.67,30.08,43.55,125.85,61.7,53.03,12.52,40.05,92.41,125.19,150.95,271.92,125.85,41.3,118.71,14.87,83.37,319.86,12.93,56.21,19.78,22.22,18.26,148.95,34.39,35.67,127.2,32.94,34.84,48.34,47.38,27.98,24.74,14.06,72.25,49.23,30.34,41.65,19.32,39.56
111.49,117.31,93.0,160.07,113.92,15.02,21.48,65.76,94.76,22.48,64.97,12.55,29.74,45.06,126.92,61.99,54.98,12.34,40.4,89.16,124.95,149.74,263.62,123.47,40.79,116.62,14.68,81.55,309.91,13.13,57.17,19.25,21.93,18.47,149.87,35.14,35.99,122.24,32.61,35.09,47.37,46.71,28.09,24.71,13.71,72.21,49.55,29.11,41.28,19.17,38.24
110.07,116.51,89.38,156.74,116.07,15.24,21.86,64.88,92.76,22.37,64.35,12.23,29.11,44.09,124.05,62.5,54.19,11.74,40.41,87.67,122.12,156.02,262.41,122.28,42.05,115.71,14.6,80.06,295.42,12.97,56.51,19.2,21.37,18.1,144.97,34.47,34.6,121.15,30.73,33.96,46.05,45.77,27.48,24.14,13.5,71.22,49.19,28.38,40.69,18.97,37.73
110.16,118.86,86.78,158.84,115.38,15.17,21.72,63.04,90.99,22.14,64.03,11.96,28.69,44.51,126.16,62.49,56.61,11.32,38.44,90.03,118.4,168.8,266.42,120.12,41.96,118.46,14.68,80.79,291.93,12.96,56.04,18.99,21.84,18.23,144.9,33.82,33.69,121.82,30.15,34.52,47.29,45.99,26.72,24.06,13.74,71.48,48.87,28.09,40.65,18.97,37.13
110.78,119.43,85.25,155.3,115.5,15.35,20.52,63.11,93.3,21.74,65.95,11.5,28.54,46.26,127.28,61.98,57.87,11.43,38.44,93.63,117.67,183.28,274.12,123.39,40.43,115.19,15.27,81.39,288.37,12.83,55.14,19.48,21.36,18.37,147.76,33.27,33.86,121.52,30.89,33.47,48.79,45.63,26.76,24.02,13.65,71.07,49.65,28.32,39.26,19.55,37.74
111.8,118.88,85.59,155.7,116.47,16.21,20.96,63.41,95.51,21.53,67.21,11.58,27.35,47.59,129.61,63.09,59.72,11.82,37.62,93.64,117.37,175.95,274.4,124.76,41.7,117.32,15.0,82.78,299.98,12.81,56.84,19.87,21.74,18.52,149.57,34.99,33.6,119.91,31.38,34.44,51.47,45.82,26.86,24.01,13.77,71.92,49.53,29.03,39.99,18.7,38.41
111.06,110.09,84.59,152.1,115.32,15.91,21.43,63.89,93.94,21.07,67.67,11.43,27.56,47.11,129.53,63.96,58.78,11.74,35.61,92.64,120.79,170.97,277.5,123.71,42.21,117.51,15.08,82.11,296.55,12.19,54.67,19.64,21.94,18.44,148.01,36.06,33.67,117.56,31.07,34.26,49.7,45.91,26.95,23.88,13.66,72.67,49.01,29.26,40.47,18.97,39.08
111.52,110.94,82.99,151.55,117.17,15.87,21.71,64.25,92.48,21.11,68.52,11.31,27.7,46.95,130.78,65.24,60.34,11.52,36.79,93.32,122.56,167.27,277.74,124.58,43.99,123.15,15.32,81.47,295.96,11.94,53.02,19.45,21.97,18.47,147.16,35.83,33.55,111.97,31.45,36.06,50.46,46.58,27.19,24.74,13.67,72.72,49.12,30.07,40.64,18.93,38.35
112.09,112.03,84.97,150.13,119.08,15.83,22.38,64.97,91.72,20.99,68.98,11.2,27.59,46.79,127.96,64.84,60.42,11.73,39.26,94.54,127.63,179.7,276.48,124.98,45.28,119.27,15.06,82.55,290.64,11.83,53.17,19.56,22.12,18.75,147.72,36.93,33.94,114.38,30.55,33.96,50.26,46.72,27.23,24.82,13.8,73.28,49.17,29.61,40.68,18.41,36.97
109.94,110.87,83.44,146.89,118.12,15.68,21.07,63.86,91.61,20.48,66.12,11.15,26.7,46.37,125.66,62.67,60.88,11.25,38.46,93.93,126.5,182.18,275.02,121.84,46.3,114.33,15.33,79.86,281.16,11.37,51.86,18.71,20.87,18.71,145.74,36.62,33.28,111.02,30.0,33.13,46.9,46.01,26.67,24.23,13.74,71.3,48.61,29.11,39.86,17.89,36.44
107.84,108.07,84.83,143.66,115.18,16.0,21.04,61.97,90.47,20.22,64.25,11.08,25.88,44.99,124.89,61.55,61.1,10.9,38.42,88.13,125.6,170.1,267.63,118.48,45.16,108.51,14.97,80.54,280.14,10.91,48.92,18.48,20.76,18.33,144.35,33.89,33.41,115.09,28.46,31.45,49.7,45.29,26.24,24.13,13.18,70.79,47.63,29.94,39.82,17.0,35.47
109.11,107.17,84.82,144.13,114.39,15.88,21.09,62.93,91.77,20.61,64.45,11.08,27.56,45.19,124.39,61.89,60.44,11.05,39.09,88.76,123.57,165.05,272.78,122.13,45.4,115.65,15.61,80.26,280.8,11.31,51.54,18.65,21.01,18.2,143.47,34.77,34.23,117.84,28.8,32.87,51.92,45.12,25.95,24.4,13.55,73.22,48.5,30.05,39.8,17.61,35.84
107.52,103.57,85.54,139.58,111.34,15.65,20.75,61.38,91.75,20.44,65.31,10.87,26.36,44.95,122.95,61.33,60.44,11.34,38.13,86.11,117.6,157.73,271.17,119.0,44.82,112.2,15.28,75.86,273.3,11.2,50.21,18.55,20.45,18.24,141.84,33.83,33.11,125.01,28.52,33.15,50.21,44.8,26.15,23.61,13.4,71.1,48.07,31.6,39.3,16.86,34.53
107.21,101.06,83.4,139.71,112.91,15.65,20.43,60.44,89.09,19.99,64.87,10.52,25.4,44.63,122.39,62.05,58.12,11.29,38.64,86.05,114.51,166.48,275.15,117.45,44.9,117.71,14.74,75.28,267.52,11.17,48.57,18.57,20.28,18.06,140.7,36.45,32.44,127.46,29.05,33.42,50.49,43.43,26.12,23.4,13.08,70.77,47.6,31.46,39.25,16.72,33.72
107.58,102.91,81.95,142.77,112.17,15.56,20.92,59.81,89.57,19.38,66.38,10.54,25.09,44.26,124.91,62.5,59.34,11.15,38.42,88.7,115.63,177.86,272.46,116.95,45.54,124.04,14.32,77.86,270.75,11.32,49.19,18.38,19.98,18.46,135.96,34.97,32.48,128.83,29.14,32.71,50.08,43.18,26.37,22.94,13.23,69.76,46.24,32.13,38.0,16.35,33.51
108.23,103.53,85.37,141.23,114.01,16.34,21.03,61.55,90.4,19.86,67.12,10.85,24.46,44.44,129.78,63.35,59.9,11.19,37.69,87.98,116.62,175.09,272.6,119.48,45.76,125.55,13.97,78.05,284.07,11.48,49.48,18.01,19.53,18.2,136.86,36.25,32.95,127.39,29.52,33.8,50.43,43.16,26.43,22.71,13.41,70.54,46.63,31.34,37.94,16.24,33.9
107.44,100.13,85.64,140.97,110.61,16.65,20.89,61.36,86.6,19.67,69.29,11.18,23.89,44.58,127.66,63.25,57.88,11.19,37.56,87.66,113.87,168.36,278.22,115.32,43.99,125.68,13.9,77.97,283.9,11.3,50.08,18.14,19.07,18.25,140.81,36.31,33.2,128.6,29.25,33.78,50.37,42.65,26.33,22.61,13.24,68.49,46.72,30.77,37.87,15.52,33.87
105.81,99.32,83.34,138.58,110.23,16.41,20.29,62.03,84.5,19.18,67.17,10.99,23.42,44.28,126.65,62.34,59.41,11.36,34.63,85.47,111.87,160.7,271.01,114.98,43.83,126.7,13.7,77.81,275.47,11.02,46.28,17.82,18.64,17.51,138.27,36.64,33.13,126.19,28.92,32.94,50.96,42.44,26.03,22.33,12.92,69.81,47.46,28.96,38.55,15.26,32.96
105.2,98.99,83.67,136.51,109.9,15.57,20.59,62.29,83.89,18.81,66.12,10.95,22.74,43.52,124.85,63.2,57.19,11.39,33.9,86.07,108.19,165.08,276.7,109.96,43.9,123.78,13.63,79.38,266.61,11.18,43.77,17.9,18.6,17.22,137.19,36.35,32.38,129.13,29.46,34.33,49.48,42.19,25.87,22.81,12.86,66.97,47.55,28.53,39.17,15.11,31.89
106.05,99.26,85.5,137.25,108.57,15.62,21.35,63.63,84.19,18.47,66.23,11.28,22.3,44.83,126.06,65.62,60.51,11.23,33.39,84.95,109.92,158.82,286.08,109.52,43.12,124.42,13.75,81.3,267.28,11.37,43.78,17.87,18.59,17.45,141.39,37.94,32.49,129.82,28.49,34.49,48.93,42.98,26.27,23.11,13.24,68.78,48.25,28.41,38.96,15.15,31.69
105.66,98.78,86.35,138.0,106.22,15.68,21.75,63.31,81.6,19.23,67.72,11.17,22.22,44.51,124.41,66.26,61.61,11.23,33.76,85.31,107.05,159.55,283.51,106.01,41.97,127.87,13.49,78.9,272.16,11.25,41.27,18.27,18.09,17.09,140.67,37.91,32.98,132.15,27.3,32.07,48.66,42.97,26.2,23.07,13.11,71.36,47.74,27.21,39.52,15.31,30.84
104.32,96.23,84.1,135.45,103.58,16.52,22.11,62.07,79.7,19.07,66.65,11.11,21.71,44.48,123.19,64.86,60.46,11.39,33.63,82.88,105.62,156.59,271.9,102.63,39.91,124.73,13.62,76.86,272.28,11.17,41.03,18.13,17.92,17.15,140.1,38.23,32.77,127.49,26.81,32.57,48.3,42.95,26.29,22.8,12.81,70.67,47.9,26.82,39.25,14.9,30.71
106.9,102.16,82.61,136.51,105.98,16.89,22.5,63.77,81.8,20.27,67.62,11.5,22.48,45.28,127.42,64.87,61.41,11.49,36.12,84.45,106.71,163.03,271.05,107.41,40.92,128.12,14.28,76.88,279.98,11.73,42.23,18.58,17.38,17.94,143.51,39.49,33.1,132.34,27.8,33.44,51.03,43.45,26.88,22.7,13.24,73.39,48.62,27.88,39.26,15.16,31.54
105.36,100.98,80.46,131.11,102.95,16.68,21.86,63.51,79.64,19.68,65.37,11.07,21.82,45.74,124.08,62.57,60.84,11.56,36.79,83.9,107.05,156.34,269.97,105.94,39.45,122.74,14.73,76.68,275.54,11.52,41.65,18.45,18.02,17.67,143.22,38.76,32.22,129.64,27.4,33.37,48.39,42.54,26.58,22.21,12.88,74.39,48.14,28.44,39.64,15.68,32.32
104.21,101.56,76.81,131.35,104.39,16.71,21.74,63.59,79.71,19.09,62.27,10.72,21.93,44.56,125.31,60.8,60.6,11.27,38.24,83.25,107.14,148.82,264.6,104.98,39.68,129.8,14.33,73.88,272.44,11.34,41.79,18.34,17.83,17.36,140.0,36.85,32.18,123.72,27.96,33.09,47.77,42.47,26.46,21.79,12.64,75.15,46.95,29.09,39.19,15.48,31.92
104.14,98.26,75.3,129.09,103.48,16.45,21.52,63.35,78.29,19.07,63.53,10.69,22.45,45.29,125.58,60.97,61.22,11.62,39.21,85.01,105.72,144.63,264.64,104.8,40.42,124.18,14.94,73.83,267.16,11.28,43.05,18.71,17.65,17.25,140.83,37.91,31.9,125.1,28.25,32.52,45.41,42.61,26.1,21.98,12.45,76.89,46.6,28.67,39.62,15.65,31.73
104.63,96.55,74.53,128.28,104.63,16.64,21.55,64.17,78.05,18.94,64.53,10.37,23.12,45.43,123.81,60.43,61.1,11.79,39.65,84.38,106.68,144.26,269.94,100.75,42.47,126.5,15.05,73.28,274.49,11.52,43.65,18.91,17.83,17.11,137.58,39.29,32.4,123.28,28.86,33.35,45.46,42.65,25.69,22.06,12.31,76.82,46.85,28.84,40.01,16.03,32.0
105.18,100.56,77.19,130.95,104.95,17.06,21.46,65.66,78.43,19.1,64.76,10.56,23.62,45.5,125.41,61.69,61.42,12.17,37.91,83.03,103.27,145.75,272.3,101.82,43.72,125.38,14.74,74.27,270.68,11.47,45.57,18.69,18.15,17.89,137.75,38.63,33.31,118.9,28.94,33.55,46.06,42.61,25.52,22.57,12.23,76.0,47.42,29.52,39.73,16.06,32.0
105.19,98.93,76.81,130.66,104.43,17.14,22.02,64.33,78.14,19.01,65.26,10.29,23.98,45.41,125.12,62.89,59.87,12.08,38.8,83.55,104.11,138.57,277.82,105.83,45.24,128.2,14.67,73.61,269.59,11.43,43.74,18.77,17.87,17.56,137.32,36.79,33.51,121.15,29.44,35.23,46.68,42.97,25.2,22.88,12.52,72.8,46.86,29.82,39.33,16.31,32.14
104.89,96.54,77.37,127.84,105.9,17.12,22.35,64.47,76.48,18.8,64.52,10.31,24.48,45.05,124.76,60.79,60.22,12.09,39.59,87.37,107.02,133.96,281.36,107.12,45.21,127.36,14.52,73.79,270.41,11.61,43.94,18.66,17.43,17.36,135.0,36.25,33.51,120.96,28.94,34.34,44.82,42.8,25.38,23.34,12.55,72.62,46.86,30.09,38.65,16.32,31.45
104.64,93.73,78.09,129.08,104.45,16.6,22.34,63.48,76.42,19.19,64.04,10.27,24.04,44.45,126.24,59.52,60.37,12.1,39.6,89.63,106.58,132.86,275.29,109.9,44.65,117.23,14.87,72.95,264.99,11.81,42.47,19.37,17.44,17.16,135.62,36.35,34.16,120.63,30.23,35.27,44.17,43.06,25.45,23.71,12.54,71.99,46.96,29.7,38.76,16.64,32.19
105.32,94.49,78.76,131.14,107.74,16.49,22.6,62.48,76.51,19.26,65.65,10.2,24.92,45.19,123.7,59.16,60.09,12.09,39.61,91.83,108.26,128.72,269.1,109.74,44.08,118.01,15.22,74.15,267.16,11.39,42.33,19.61,18.03,17.14,135.68,38.05,34.22,122.03,30.45,35.74,44.35,44.17,25.24,24.13,12.49,74.23,47.93,29.86,38.7,16.55,33.47
104.27,94.65,79.23,130.58,106.81,16.03,23.43,61.47,73.91,18.92,65.19,9.88,25.13,44.31,122.86,60.26,60.72,12.23,38.97,89.73,106.52,128.92,258.64,107.33,43.09,116.75,15.31,73.07,269.16,11.18,42.27,19.41,17.96,16.95,132.61,37.74,33.71,118.82,29.96,35.39,43.04,43.9,24.66,24.13,12.19,72.28,48.38,29.63,38.05,16.41,33.05
105.71,97.35,78.59,133.39,108.86,15.61,23.78,60.98,74.8,19.06,66.94,9.93,26.74,45.59,122.56,63.04,62.33,12.38,40.64,92.83,104.92,124.61,255.71,108.96,43.06,123.19,15.37,71.93,269.91,11.55,43.53,20.16,18.02,17.57,131.71,37.46,34.52,123.64,30.9,34.99,42.74,45.17,24.42,24.99,11.8,73.72,49.06,29.78,38.93,16.83,33.6
106.14,96.52,75.9,132.66,110.87,16.13,23.99,60.81,73.95,19.15,66.26,10.23,26.21,45.13,121.16,63.75,63.63,12.27,40.96,92.4,103.88,132.87,259.19,110.83,41.35,119.69,14.91,70.59,270.89,12.06,41.99,20.68,18.42,17.51,134.46,36.15,34.67,127.3,31.49,36.99,43.19,45.09,24.64,24.81,11.84,75.63,49.57,28.88,38.68,16.95,33.6
104.69,97.58,76.1,128.81,112.06,16.24,23.49,60.11,73.38,18.54,64.93,10.29,25.02,45.64,123.29,63.42,61.32,11.89,39.38,88.59,105.83,130.72,261.78,110.74,40.69,118.44,14.81,69.36,262.81,12.02,42.07,20.71,18.23,17.69,137.37,34.24,34.51,121.72,30.74,35.59,41.98,45.47,24.11,24.33,11.66,73.9,48.84,28.64,38.29,16.3,32.54
105.76,96.54,76.29,130.75,114.52,15.91,24.0,60.57,73.38,18.37,64.18,10.69,25.24,46.89,128.99,63.31,62.4,11.57,37.76,88.24,108.82,134.45,255.9,110.82,42.13,119.85,14.92,72.07,269.29,11.97,40.93,20.54,18.39,18.12,143.24,36.62,35.02,124.89,31.31,37.48,44.09,45.8,24.16,24.53,11.72,72.9,48.31,28.67,38.02,16.16,32.81
107.45,98.93,78.21,129.91,116.44,16.29,24.11,61.53,74.97,18.65,66.95,10.55,25.49,47.01,131.87,61.94,63.15,11.89,38.77,89.34,108.88,137.34,259.16,110.07,44.01,126.52,15.09,71.0,278.72,12.51,41.44,20.57,18.21,18.28,145.59,40.11,35.55,129.87,30.33,39.12,43.43,45.82,24.05,25.0,11.83,75.64,47.61,29.54,38.23,16.72,33.25
109.04,97.97,81.21,131.01,120.1,16.56,23.51,61.99,73.74,18.65,68.71,10.89,26.85,48.42,135.08,61.09,63.77,12.17,38.09,88.55,109.39,146.04,258.4,111.77,43.96,129.38,15.57,70.35,282.98,12.97,41.98,21.15,18.92,18.45,144.43,42.11,36.11,135.2,30.59,40.89,43.37,46.13,24.27,25.06,11.95,76.46,47.82,29.72,38.34,17.05,34.22
109.68,99.15,81.97,134.29,122.84,16.92,23.88,60.99,75.86,19.13,68.41,11.09,26.94,48.65,135.4,60.95,65.4,12.12,38.5,90.69,111.43,140.06,267.37,113.85,42.26,129.47,15.68,69.93,285.19,13.28,40.25,21.41,19.48,18.68,146.4,39.47,36.66,129.46,29.82,42.67,44.39,46.64,24.39,25.44,12.14,77.77,48.42,31.4,38.04,17.13,34.07
108.6,100.07,81.76,132.65,121.25,17.35,23.21,60.91,75.41,18.6,67.43,11.06,27.21,48.52,133.26,60.6,64.1,11.76,37.57,90.95,110.05,139.46,258.71,112.13,41.27,130.04,15.56,68.9,280.48,13.23,40.55,20.78,19.74,18.3,141.2,37.5,36.4,129.46,29.05,45.51,43.24,46.64,24.41,25.37,11.94,78.4,47.29,30.96,37.62,17.22,35.39
108.08,98.5,81.89,133.01,121.68,17.52,23.52,59.98,78.25,18.75,69.94,11.11,26.99,46.56,134.95,62.42,63.43,11.82,34.74,92.45,111.75,132.0,250.29,112.48,40.63,126.73,15.83,67.96,280.94,13.0,40.01,20.48,19.28,18.48,140.63,36.77,36.43,125.11,28.14,46.79,43.65,46.55,24.88,26.09,12.03,76.47,48.4,30.82,37.09,17.31,35.11
108.76,99.58,85.58,134.69,119.08,17.81,25.32,60.81,79.66,19.58,72.04,11.47,27.28,49.85,137.71,63.46,62.67,12.03,32.85,91.85,113.08,132.2,246.36,113.69,39.26,125.92,15.87,67.2,286.04,13.4,37.93,20.46,18.92,18.46,144.67,34.23,36.34,118.64,28.29,46.89,44.34,46.2,24.95,25.94,12.32,77.99,48.95,32.3,37.02,17.79,34.87
109.03,101.52,82.84,134.13,120.28,17.77,25.26,61.48,79.77,19.53,71.94,11.45,26.64,50.87,140.1,61.7,62.8,12.05,33.25,92.52,113.86,127.56,251.13,112.57,38.31,123.71,16.23,66.54,284.6,13.7,35.98,20.82,19.06,18.36,143.96,34.12,36.71,119.32,29.86,48.68,46.58,45.97,25.34,26.06,12.27,78.78,49.26,31.49,37.11,17.44,35.59
107.7,103.79,80.44,132.81,118.51,17.37,24.6,61.48,76.07,19.17,70.11,11.49,26.07,49.94,140.61,61.97,63.45,12.02,31.83,92.1,113.49,126.2,248.34,112.66,37.14,118.09,16.17,66.53,282.28,13.78,33.51,20.79,18.55,17.99,143.43,32.85,37.14,118.48,28.51,48.29,46.33,45.89,25.38,25.93,11.98,78.52,48.7,32.48,36.34,16.99,35.08
107.14,103.81,81.51,133.63,120.57,17.41,23.92,61.3,77.16,18.75,69.55,11.2,25.56,49.45,138.06,61.2,64.74,11.6,32.52,93.59,113.05,124.59,253.71,112.63,35.63,115.48,16.41,68.76,279.82,14.01,32.26,20.94,18.42,17.96,140.16,31.23,35.97,114.8,28.23,46.79,46.66,45.46,25.45,25.9,12.23,78.39,48.35,32.32,36.43,17.08,35.82
107.07,104.05,81.89,136.13,120.73,17.67,24.95,61.62,76.63,18.88,69.36,11.21,26.01,49.24,140.19,62.06,65.57,11.84,31.31,95.15,113.31,114.94,247.32,111.84,35.37,112.76,16.76,69.37,286.09,14.02,30.83,20.99,18.57,18.16,140.23,30.71,35.89,108.36,28.92,45.84,46.69,45.56,25.19,25.51,12.14,78.96,48.41,33.42,36.31,17.51,36.57
106.57,102.64,80.75,134.96,119.84,17.53,25.44,60.44,73.67,18.67,68.55,11.06,25.64,50.87,138.06,59.5,65.87,11.99,31.96,96.39,111.46,114.45,253.56,115.61,34.48,112.75,16.58,66.47,293.05,13.64,31.08,20.88,18.9,18.1,134.93,30.81,35.72,110.43,30.28,43.67,44.03,45.86,24.94,25.16,12.02,77.27,48.4,32.64,36.43,17.93,36.41
106.43,100.29,81.6,134.94,122.64,17.36,25.29,61.24,73.52,18.88,69.03,11.04,25.08,51.69,135.43,58.83,64.52,11.97,32.04,93.88,110.17,116.35,249.37,115.47,34.26,106.4,16.52,67.84,302.73,13.3,28.96,20.6,19.7,18.35,133.58,29.7,35.48,105.24,29.58,44.35,44.39,45.11,25.1,25.04,12.22,80.32,48.94,34.6,36.67,17.91,36.92
107.72,104.24,84.19,139.09,123.03,17.45,25.91,62.21,75.28,19.2,70.86,11.16,26.12,53.13,138.65,58.52,65.86,11.96,32.81,94.43,110.54,115.55,249.51,118.21,35.21,105.88,16.52,68.06,306.52,13.54,28.83,20.8,20.6,18.95,134.31,29.06,35.26,106.76,28.65,47.06,44.48,45.74,25.58,25.02,12.21,80.12,49.64,34.83,36.77,18.74,36.77
105.84,101.61,80.97,132.57,122.87,17.02,25.78,61.61,72.24,18.85,68.97,10.83,25.39,52.12,133.21,55.46,63.66,11.66,31.52,91.8,106.68,114.09,246.89,115.7,36.35,109.61,16.51,66.23,289.57,13.53,29.67,21.38,20.39,18.11,131.86,29.25,35.25,104.07,27.7,44.93,43.73,45.29,24.97,25.38,11.96,77.6,49.16,34.2,36.2,18.73,35.95
105.52,102.92,79.07,132.92,119.14,16.6,26.5,61.05,71.35,18.45,69.82,10.7,24.74,52.33,136.95,55.18,64.11,11.44,31.95,92.49,104.67,113.24,244.55,117.48,36.85,109.48,16.32,64.92,280.54,13.69,29.99,21.04,20.08,18.48,130.24,29.79,34.99,103.01,27.94,45.45,43.34,44.85,24.89,25.3,12.1,76.73,48.75,33.69,36.45,19.36,34.87
104.87,103.95,80.67,135.7,117.4,16.31,26.01,61.4,70.72,18.68,70.9,10.48,24.48,49.44,134.68,56.32,63.73,11.48,30.67,88.28,105.36,116.22,244.98,117.01,37.31,103.66,16.57,64.61,277.5,13.78,29.54,21.26,20.11,18.15,127.63,29.66,34.79,99.72,26.69,47.17,45.58,45.13,24.88,24.98,12.1,77.43,48.85,32.66,35.53,18.64,34.28
104.73,101.56,79.92,134.08,116.1,16.16,25.66,59.88,70.56,18.22,70.06,10.41,24.35,50.15,134.0,53.7,64.07,11.4,32.24,86.21,107.97,117.15,242.39,115.11,38.39,109.94,16.58,64.95,273.91,13.38,30.06,21.19,19.95,18.49,126.88,30.82,34.54,101.31,25.98,46.71,46.73,44.89,24.71,25.43,12.3,75.67,48.7,33.01,35.74,18.37,34.18
102.77,101.85,80.91,130.04,116.03,15.43,25.6,60.37,66.12,17.95,67.75,10.31,23.28,50.27,133.62,53.93,64.58,11.15,30.83,82.32,107.35,115.27,235.38,116.97,36.5,107.6,16.31,64.27,274.65,12.8,30.03,20.75,18.82,18.32,125.96,28.63,33.54,92.59,24.43,46.84,47.36,43.5,24.54,25.25,12.06,76.37,48.17,31.95,34.91,18.29,32.77
103.68,103.69,80.59,131.59,115.91,15.85,25.59,61.35,66.18,18.53,66.73,10.36,23.9,51.64,134.74,52.28,65.37,11.06,31.02,85.44,108.81,119.0,238.79,119.09,37.79,111.46,16.21,64.77,277.71,12.9,29.75,21.14,18.86,17.76,124.77,29.16,33.38,95.03,24.18,47.52,47.64,44.54,24.5,25.64,12.12,77.18,48.09,32.41,35.14,18.11,32.52
103.8,101.68,82.61,129.79,115.99,15.2,25.79,61.19,66.91,18.72,66.02,10.14,24.29,49.63,135.97,52.76,66.74,11.67,30.79,87.17,111.23,120.95,238.08,117.3,38.19,108.8,16.41,65.43,279.73,12.92,29.6,21.32,18.04,17.45,124.45,28.05,33.18,93.15,23.93,47.76,48.24,44.54,24.54,25.55,12.29,78.61,48.22,32.93,35.24,18.39,33.62
103.93,102.58,80.85,129.36,112.96,14.96,25.2,61.36,65.74,18.32,65.67,10.11,24.41,50.7,137.38,53.65,65.36,11.83,32.35,85.88,109.82,135.32,239.17,110.7,38.27,111.32,16.13,64.66,274.12,12.23,30.74,21.74,18.29,17.51,125.37,28.02,32.85,96.32,24.7,46.73,49.04,44.5,24.61,25.55,12.34,78.38,47.79,33.17,35.55,17.58,32.66
106.32,103.12,80.74,131.19,114.78,15.69,26.46,62.17,67.5,18.9,68.11,10.25,25.19,51.4,139.01,56.8,65.28,11.89,32.12,85.59,109.87,135.35,244.78,111.25,40.93,115.37,16.34,67.59,285.36,12.67,33.96,22.48,19.03,18.05,131.03,27.97,33.02,101.85,24.97,47.15,50.22,45.17,24.87,25.86,12.76,82.04,49.24,33.34,36.11,17.9,31.5
105.06,99.98,81.22,130.3,114.81,15.97,26.32,62.31,65.99,18.2,66.68,9.77,25.26,50.77,137.7,53.28,66.34,11.73,31.38,86.2,108.8,139.93,242.06,107.62,41.39,117.11,15.76,65.05,274.04,12.7,34.58,21.64,18.63,17.54,131.23,28.86,31.66,103.82,24.89,43.89,50.04,44.34,25.16,25.32,12.57,80.37,48.77,33.05,35.11,17.24,30.32
104.09,96.44,78.97,132.12,113.66,14.89,26.42,62.43,63.7,17.7,65.74,9.64,25.21,49.06,135.61,55.06,64.67,11.82,31.15,85.72,105.05,138.31,243.27,107.04,42.55,119.7,15.36,63.11,267.3,12.59,34.54,21.8,18.06,17.0,130.82,29.72,31.66,106.95,25.08,41.96,49.41,43.99,24.59,25.46,12.46,78.75,48.28,32.0,35.18,16.78,30.0
103.07,96.77,79.05,133.3,109.88,14.39,27.02,61.65,64.06,17.46,63.92,9.59,24.57,50.21,137.88,56.2,62.56,11.7,30.51,83.5,102.45,138.87,237.75,106.43,41.65,117.16,15.08,60.89,261.86,12.32,34.79,21.61,17.93,17.12,128.54,29.0,31.48,108.25,23.43,41.44,49.01,43.06,24.32,24.99,12.49,77.69,48.97,31.23,34.98,16.94,30.34
103.82,97.11,80.04,134.86,110.58,15.2,27.35,60.86,67.2,17.84,65.08,9.58,24.72,49.0,139.17,57.32,63.14,11.86,30.49,84.87,103.11,138.31,241.5,106.66,41.9,119.44,15.01,60.65,261.31,12.28,35.38,22.18,17.97,17.18,132.16,29.96,31.73,105.25,23.29,41.44,51.36,43.42,24.48,24.68,12.68,78.47,49.77,30.14,35.35,16.98,29.99
104.79,97.41,80.53,136.59,110.08,15.9,27.92,61.72,69.96,17.64,65.49,9.75,24.84,49.03,142.14,58.34,62.58,12.45,30.6,84.54,102.02,128.33,246.56,104.85,42.12,120.28,14.94,58.86,269.44,12.94,36.38,23.01,17.58,17.45,133.11,29.49,32.79,106.13,23.32,43.23,52.68,44.0,24.66,25.21,12.74,78.27,50.44,31.68,36.15,17.17,30.41
103.86,93.76,81.71,135.21,110.14,15.99,28.53,61.56,68.16,17.59,64.44,9.58,25.09,49.25,140.27,57.46,63.61,12.24,31.17,87.12,102.92,124.44,239.25,104.8,41.52,115.97,14.96,58.07,274.95,12.4,37.6,22.87,17.55,17.05,128.73,28.46,32.23,98.34,22.86,44.52,51.25,43.46,24.46,25.52,12.65,78.85,49.17,32.09,34.15,17.06,30.43
103.98,93.48,79.45,133.35,111.56,16.3,28.65,60.67,70.08,16.86,64.99,9.51,25.57,48.6,141.83,57.89,64.12,12.25,31.35,89.46,102.86,129.51,231.16,105.68,42.05,121.54,15.66,55.72,272.17,12.42,39.41,22.57,17.53,17.43,130.06,28.39,32.27,101.91,22.08,42.99,50.94,43.11,24.63,25.24,12.45,77.42,48.97,31.85,33.96,16.87,30.64
105.68,95.16,80.58,133.02,110.42,16.56,29.28,62.02,70.61,17.07,64.86,9.75,25.92,49.63,145.73,58.31,66.43,12.26,32.37,90.18,103.27,136.75,236.67,107.16,42.0,120.55,16.13,58.66,279.87,12.35,39.29,22.8,17.34,18.33,132.73,27.9,32.59,103.47,21.96,43.74,52.72,43.45,25.08,25.77,12.58,80.68,49.3,32.45,34.97,17.42,31.87
105.83,96.0,78.87,133.55,110.59,16.37,29.14,63.13,71.29,16.83,63.77,9.67,25.41,50.18,148.5,59.76,67.9,12.38,32.43,87.86,107.25,130.82,231.64,109.08,42.86,119.12,16.26,58.13,283.69,12.78,39.57,22.58,17.65,18.38,133.9,29.51,32.02,103.64,22.72,42.08,54.31,42.62,25.31,25.59,12.82,79.08,50.01,33.12,35.08,16.77,30.68
106.91,96.83,79.71,136.82,110.58,16.54,28.69,64.26,71.09,17.21,64.43,9.54,25.92,50.24,148.35,60.8,67.34,12.87,33.53,87.12,104.15,141.34,231.58,110.49,44.04,127.03,15.39,59.88,294.51,12.88,40.61,22.98,17.96,18.42,131.56,29.14,32.54,111.07,22.25,41.96,54.64,43.32,25.4,25.8,12.88,78.34,49.64,33.62,36.12,16.11,30.83
106.4,94.11,81.31,134.62,109.46,16.5,30.87,64.15,71.38,16.91,63.31,9.67,26.78,49.34,147.76,58.89,67.06,13.22,35.24,89.36,102.31,133.66,224.93,108.38,44.72,122.4,15.29,58.55,283.1,12.84,39.51,22.55,18.34,18.17,128.65,28.79,32.53,117.99,21.84,42.26,53.81,42.83,25.37,25.48,12.5,81.03,49.03,31.9,35.33,16.05,31.96
106.45,93.49,83.22,135.31,107.39,16.53,29.68,66.12,73.73,17.09,65.8,9.52,26.85,48.18,147.23,59.32,67.01,13.29,33.97,87.85,101.79,128.87,225.26,107.09,45.73,121.8,15.35,58.82,280.64,13.14,39.52,22.07,18.25,18.88,131.09,28.38,32.62,124.25,21.94,41.43,53.66,43.47,25.66,25.44,12.72,82.57,49.61,31.09,35.18,15.88,31.42
105.9,91.03,80.55,131.66,104.62,15.92,30.19,68.72,73.46,17.07,62.43,9.69,26.65,47.08,147.53,60.57,67.71,13.0,33.44,85.6,104.68,137.42,221.98,107.82,44.7,124.37,15.39,57.53,275.19,12.61,38.77,21.93,17.75,18.31,130.96,28.22,32.52,132.15,22.04,40.57,53.72,43.31,26.02,24.85,12.8,81.67,49.49,29.1,34.43,15.72,30.33
106.17,90.13,80.74,130.16,106.31,15.75,31.58,69.22,72.04,17.28,62.1,9.6,25.9,47.17,149.0,59.81,66.86,13.64,33.12,87.22,100.79,141.81,216.03,111.86,44.93,124.83,15.51,57.81,268.77,12.22,39.36,22.47,17.78,19.01,127.97,27.94,32.48,139.83,21.0,40.53,53.74,42.63,26.02,24.49,12.74,82.88,49.42,29.56,34.16,15.3,28.79
107.26,89.61,81.99,130.85,107.54,16.01,31.77,69.28,69.51,17.33,63.74,9.77,26.1,47.94,147.25,59.53,65.57,13.35,31.86,87.04,99.65,144.84,219.23,117.05,45.31,123.44,15.37,58.46,272.1,12.46,40.66,22.98,19.24,18.96,128.08,30.29,33.72,147.22,21.77,40.69,51.3,41.74,26.1,24.76,12.81,85.84,49.93,30.53,34.53,15.34,29.46
105.74,85.17,80.58,127.58,105.49,16.16,32.02,67.96,67.36,17.68,64.23,9.58,25.46,46.62,146.6,60.6,65.06,13.3,32.35,85.69,97.84,140.47,218.81,112.5,44.09,121.63,15.38,58.93,264.41,11.92,38.5,22.87,19.0,18.6,124.21,28.29,32.89,143.05,22.32,40.34,50.61,41.14,25.69,25.06,12.81,82.24,49.27,30.21,34.05,15.12,29.2
105.71,86.03,80.49,126.41,105.45,15.92,34.02,67.51,65.19,17.42,63.63,9.55,24.83,45.97,145.34,60.08,64.89,13.4,32.0,84.89,98.05,138.91,224.95,114.52,44.56,122.84,16.18,58.07,261.56,11.73,40.12,22.61,18.95,19.07,122.16,27.85,33.42,144.28,21.64,38.43,50.35,41.52,25.55,25.54,12.5,81.5,49.88,29.69,33.74,14.79,28.95
106.12,84.35,82.64,127.08,107.68,15.57,33.82,67.43,64.91,17.59,62.91,9.39,25.43,46.17,144.8,61.71,66.07,13.78,31.68,83.71,97.81,143.33,229.47,112.2,44.36,121.95,16.47,58.12,260.14,11.78,41.13,22.58,19.3,19.3,124.65,28.03,33.5,140.67,22.26,38.61,48.88,40.88,25.54,25.77,12.56,83.24,49.56,30.26,33.8,14.41,29.11
105.54,84.16,82.43,123.65,107.26,15.64,34.02,67.6,64.82,17.27,63.78,9.31,26.24,45.61,145.95,60.03,65.76,13.91,30.3,83.48,93.5,145.0,229.51,111.69,44.99,122.71,15.74,56.94,257.94,11.58,39.29,21.78,19.4,19.39,120.61,29.07,32.57,138.49,22.42,39.17,50.34,40.5,25.33,25.61,12.52,81.72,48.37,30.88,33.85,14.31,29.05
105.07,82.05,80.77,121.24,107.56,15.32,33.23,65.91,63.93,16.93,64.43,9.14,26.14,44.25,142.4,60.38,65.73,13.73,29.61,84.98,92.15,147.6,227.73,110.64,45.41,118.52,16.12,55.2,257.17,11.6,38.35,22.38,19.09,19.9,120.72,28.55,31.98,137.67,22.32,39.16,51.66,40.07,24.67,25.98,12.51,82.2,48.0,31.17,34.14,14.69,30.15
106.53,82.85,83.4,122.42,108.64,15.44,34.29,66.31,65.97,17.11,66.57,9.23,26.14,44.61,143.49,60.54,67.42,13.51,29.31,85.34,90.62,161.94,227.55,111.63,46.09,121.69,16.81,56.61,259.78,12.11,40.45,22.69,19.61,20.27,120.06,29.56,32.44,134.9,21.37,41.25,52.52,40.82,24.77,26.26,12.15,79.36,48.62,31.45,34.1,15.18,30.57
105.25,81.13,82.66,120.26,108.27,15.41,33.44,64.88,65.75,16.64,66.5,8.97,25.6,44.99,139.88,59.69,65.68,13.58,29.52,86.06,89.14,160.03,225.36,111.54,46.03,119.36,16.73,56.82,253.72,11.68,41.09,22.78,19.2,20.04,114.53,30.02,31.86,133.39,20.97,41.76,49.2,40.81,24.48,25.87,11.94,78.24,47.99,30.68,34.29,15.45,30.22
105.36,81.7,84.53,122.01,109.43,15.61,33.43,64.03,64.09,16.78,67.42,8.98,25.23,45.37,140.79,59.74,67.85,13.6,31.33,84.8,88.22,154.75,228.11,111.18,45.64,119.88,16.92,57.39,250.28,11.61,40.58,23.32,19.46,20.11,112.95,30.3,31.59,130.08,20.87,41.96,49.53,40.2,24.65,25.94,11.81,78.41,47.21,31.36,33.84,15.52,29.58
106.86,84.07,84.13,121.35,111.04,16.15,33.5,64.32,66.11,17.2,67.91,9.03,26.05,46.04,144.35,57.89,68.94,14.22,32.63,86.09,90.95,157.52,232.01,113.8,46.95,124.43,17.24,59.23,247.96,12.1,41.8,23.15,18.91,20.71,111.64,31.36,31.55,129.86,20.97,40.57,50.64,40.46,24.69,27.03,12.16,80.33,47.8,31.01,33.74,15.88,30.56
108.4,85.08,83.47,116.97,110.79,16.49,33.04,64.63,64.4,17.38,68.97,8.91,26.8,45.94,144.19,58.38,70.2,14.21,33.04,88.6,91.53,175.64,240.72,112.15,48.69,124.72,17.3,59.25,253.99,12.17,44.13,23.35,18.54,20.27,111.87,32.41,31.06,134.61,22.76,41.8,52.15,40.97,24.88,27.24,12.21,81.62,48.66,30.91,33.57,16.33,31.54
106.19,82.22,81.51,114.8,107.57,16.63,31.38,63.44,63.73,16.55,65.63,8.63,26.6,44.22,143.64,58.12,68.97,13.79,33.66,86.85,87.74,174.96,228.95,110.79,47.95,124.36,16.59,58.13,248.77,12.07,43.68,22.97,18.69,19.97,109.48,32.32,30.77,127.32,23.39,41.94,52.75,40.1,24.54,27.04,11.78,80.31,48.1,29.34,33.58,15.83,30.13
106.19,81.63,80.36,115.27,106.22,16.07,31.77,62.72,62.8,16.94,64.64,8.63,26.75,44.7,144.34,58.35,69.71,13.98,31.81,87.3,86.82,166.61,230.07,109.79,48.58,125.1,16.2,56.47,252.01,12.18,44.07,22.99,18.48,19.71,109.28,34.12,30.68,129.9,24.34,41.69,52.78,40.27,24.97,27.17,11.45,79.74,48.79,30.78,33.71,15.81,29.28
105.79,79.28,79.07,112.95,108.27,15.84,32.6,64.31,63.74,16.64,63.54,8.71,26.55,45.64,145.26,59.34,67.34,13.58,32.09,87.12,87.15,169.37,226.29,108.13,46.89,124.94,15.96,54.94,254.43,12.03,43.57,23.01,18.93,19.64,109.07,34.97,30.7,133.44,24.08,40.49,50.23,39.52,24.96,27.07,11.28,77.64,48.87,30.86,33.42,15.39,28.94
104.35,79.17,76.33,112.7,107.14,15.96,30.48,64.86,63.0,16.03,62.53,8.5,26.19,43.38,144.6,57.44,67.61,13.61,31.35,86.32,82.62,165.95,223.23,106.51,47.03,126.62,15.99,56.51,247.22,11.8,43.29,23.39,18.97,19.01,105.89,33.86,30.66,130.36,23.23,40.67,49.91,39.54,24.79,26.87,11.35,75.17,47.61,31.56,33.33,15.36,28.85
103.55,78.32,79.13,111.06,105.31,16.05,30.03,65.61,59.48,15.99,61.23,8.47,26.01,42.22,144.03,56.72,67.72,13.53,32.68,84.63,82.03,161.94,221.1,106.39,48.2,133.73,15.24,55.14,243.61,11.11,43.27,23.21,18.59,19.27,105.48,34.49,29.73,128.77,22.43,39.61,48.82,39.0,24.92,26.62,11.11,74.18,47.88,32.2,32.67,15.43,29.04
103.53,78.0,75.65,108.29,103.62,15.83,31.67,65.59,59.24,15.73,61.78,8.54,27.6,40.67,141.38,57.59,68.86,13.33,34.87,84.02,82.26,170.97,225.65,107.56,47.18,135.5,15.58,55.0,240.21,11.14,43.51,22.7,18.24,19.49,103.53,33.04,28.99,122.24,21.71,40.14,49.16,39.02,24.97,26.34,11.21,72.34,47.64,31.98,32.2,15.42,29.96
105.34,80.47,77.07,107.52,103.53,15.99,31.9,67.07,60.89,15.84,61.85,8.87,28.13,41.27,146.57,60.29,69.97,13.38,37.35,85.38,84.09,175.38,220.23,107.63,50.25,137.89,16.49,56.21,240.96,11.07,43.98,22.78,18.37,19.32,104.43,34.56,29.49,124.71,21.99,40.15,49.5,40.51,25.09,26.62,11.29,73.75,48.74,33.64,32.63,15.74,30.67
106.82,81.99,78.26,107.06,107.12,15.87,31.65,67.58,62.7,16.05,65.37,8.78,28.46,40.95,148.8,60.29,73.05,13.38,38.66,87.72,84.29,174.03,229.1,107.27,51.54,139.16,16.46,56.7,250.99,11.12,44.42,23.69,19.88,19.2,108.04,35.64,29.44,128.74,21.01,38.2,49.58,41.44,25.16,27.07,11.36,76.77,48.71,34.76,32.62,15.86,30.12
105.67,81.17,74.77,105.79,107.15,15.19,29.7,66.2,62.31,15.78,64.21,8.58,28.41,39.87,145.56,59.14,69.03,13.07,36.23,86.22,79.86,180.95,238.73,109.52,50.06,134.52,16.32,55.58,247.98,11.01,44.13,24.1,19.61,18.81,108.08,37.5,30.05,133.34,20.72,38.86,47.63,41.38,24.81,28.25,11.33,73.56,47.14,33.65,32.65,15.95,30.28
107.09,80.12,75.48,106.0,107.86,15.14,30.34,67.49,62.71,16.37,64.48,8.72,28.82,41.31,145.96,60.9,72.97,13.08,39.05,92.44,82.52,178.14,243.11,110.41,51.47,129.01,16.58,57.61,255.63,11.27,44.04,24.58,20.06,19.25,109.49,36.8,30.24,132.46,20.83,39.98,47.52,41.74,25.17,27.87,11.6,73.87,48.73,34.3,32.62,15.92,30.66
106.03,80.25,75.94,104.92,105.56,15.21,30.51,65.78,62.42,16.6,65.31,8.61,28.65,42.3,142.95,61.31,73.1,12.55,38.57,89.4,83.94,180.7,230.37,107.34,50.79,129.34,15.89,57.05,249.73,11.18,42.89,24.36,19.61,19.47,109.71,34.4,30.11,125.76,21.54,37.58,48.08,41.56,24.92,28.02,11.61,75.56,48.5,33.43,31.6,15.81,29.5
105.83,80.63,76.35,106.14,107.23,15.25,30.9,66.74,61.58,16.15,66.45,8.49,27.02,43.03,143.06,61.01,72.14,12.26,38.51,90.32,82.05,177.18,224.4,107.97,50.93,126.37,15.78,56.61,247.86,11.25,43.24,23.84,20.14,19.61,111.72,35.35,30.03,129.15,21.59,36.98,48.16,42.44,24.65,27.86,11.69,74.36,47.8,33.41,32.51,15.48,29.64
105.3,80.88,76.22,105.67,109.39,15.33,30.01,67.03,61.67,16.12,66.79,8.7,26.42,41.72,145.43,59.57,72.7,12.22,35.61,86.8,82.51,173.56,223.41,107.93,49.71,127.09,16.15,57.63,251.49,11.23,44.88,23.62,20.5,19.61,111.81,34.31,29.45,126.66,20.8,38.31,49.63,42.78,24.62,27.71,11.65,72.31,47.77,34.28,31.87,15.29,28.48
104.17,76.72,75.26,101.95,111.13,14.98,28.8,66.23,61.15,15.82,63.5,8.45,26.17,41.55,144.09,58.6,70.78,11.81,35.6,87.42,80.34,166.84,220.77,107.96,51.42,130.28,16.92,58.4,248.19,11.37,44.35,23.32,20.44,19.95,107.84,35.17,28.98,127.79,20.38,38.75,47.24,42.44,24.4,27.31,11.55,68.5,47.4,34.63,32.25,15.22,28.02
103.98,76.4,75.62,101.27,110.98,15.11,28.26,65.88,59.93,16.03,64.3,8.25,26.32,42.2,142.66,58.89,70.16,11.42,37.14,83.67,76.8,167.54,224.79,107.39,54.31,138.37,16.94,56.06,246.12,11.26,43.69,23.09,19.89,19.57,104.7,36.23,28.35,123.09,20.5,37.72,51.04,41.64,24.58,26.66,11.58,70.61,46.63,33.98,31.36,14.67,28.29
103.95,74.26,75.3,101.7,109.59,15.08,27.76,65.37,60.54,16.31,62.83,8.14,26.32,41.43,143.39,59.81,70.72,11.28,39.16,85.59,77.16,170.64,224.35,105.16,56.25,133.17,16.79,57.37,243.02,11.42,45.19,22.97,19.64,19.77,103.2,35.57,28.73,125.76,19.22,36.04,50.39,41.86,25.11,26.53,11.48,72.64,46.86,34.46,31.25,14.74,28.11
105.98,74.28,76.94,101.14,113.08,15.56,27.9,66.69,63.3,16.36,64.9,8.16,27.06,41.83,148.81,58.84,69.56,11.58,38.91,87.36,80.69,165.79,232.33,106.2,56.41,135.47,17.29,58.94,254.51,11.63,45.31,23.95,20.04,19.8,107.73,35.92,28.82,130.89,20.51,37.26,51.69,42.66,25.65,26.77,11.98,75.56,47.55,36.13,31.42,15.3,29.28
104.7,73.74,77.07,99.81,114.3,14.6,27.99,66.36,61.28,16.81,65.06,8.19,26.98,41.47,148.78,57.1,67.32,11.39,39.01,89.27,80.45,164.17,235.22,105.57,56.73,130.84,17.22,57.86,249.48,11.34,42.04,23.57,19.59,19.42,107.71,35.23,29.19,127.88,20.64,35.18,48.93,42.19,25.39,26.86,11.9,70.15,47.07,35.68,31.79,15.68,29.0
105.23,74.02,75.27,98.23,114.64,14.9,27.61,65.27,61.38,16.73,65.75,8.01,26.1,42.43,153.96,56.1,68.69,11.36,38.81,92.13,83.12,162.78,231.04,104.5,58.53,132.09,16.76,57.77,258.63,11.25,44.12,23.44,19.95,19.62,110.33,35.43,29.71,128.85,20.44,36.7,50.51,41.53,25.24,26.74,11.75,71.42,46.94,37.32,31.92,15.37,29.35
106.16,74.99,78.28,98.33,113.71,15.74,28.09,64.66,61.52,16.74,68.19,7.97,26.41,43.25,155.85,54.54,68.39,11.4,38.53,94.73,86.0,171.45,233.39,103.27,57.96,129.62,16.63,58.62,258.43,11.33,45.09,23.51,19.99,19.41,111.69,36.26,29.78,135.31,20.33,36.02,51.66,42.3,25.32,26.4,11.76,73.26,46.61,37.35,31.94,15.94,29.46
106.36,75.94,81.67,98.87,109.67,16.09,28.23,65.02,63.47,16.9,68.26,8.21,26.74,45.08,161.09,54.96,69.89,11.32,37.9,94.67,82.36,173.19,233.19,104.11,58.13,131.15,16.42,59.09,258.12,11.02,47.41,23.33,20.24,19.05,112.93,36.69,29.44,122.51,20.93,36.14,53.19,41.6,25.69,26.44,11.22,71.75,47.28,38.17,31.96,16.18,29.57
106.34,74.63,78.74,98.92,108.43,16.09,29.53,65.55,62.58,16.52,67.06,8.15,26.51,44.98,160.39,54.03,69.73,11.59,35.77,95.79,81.52,173.18,233.05,102.95,58.38,134.58,16.68,58.05,257.34,11.33,45.29,23.01,20.88,18.83,111.85,36.73,29.47,126.62,20.65,36.52,52.37,41.5,25.75,26.28,11.34,72.61,47.71,38.92,32.4,15.83,28.96
106.18,73.95,78.78,96.34,106.81,15.58,30.6,65.47,63.15,16.45,67.81,8.2,26.25,43.87,161.09,54.74,68.04,11.54,35.63,94.99,80.21,171.77,234.64,107.25,57.51,132.38,16.55,56.73,259.79,11.48,45.83,23.11,21.16,18.78,109.34,38.14,29.04,128.07,20.15,35.43,51.04,41.59,25.34,26.76,11.38,72.45,47.91,39.55,32.53,15.82,28.57
105.84,72.73,78.76,97.5,106.65,15.49,29.53,65.47,63.16,16.69,66.66,8.29,26.77,45.27,160.82,53.32,68.59,11.2,34.44,94.9,77.73,178.07,232.06,106.63,57.94,126.57,16.45,56.08,258.5,11.42,46.63,22.85,20.98,18.9,107.97,38.44,28.54,125.24,19.74,36.44,51.12,40.95,25.78,26.57,11.29,72.23,47.68,39.92,33.13,15.96,29.49
105.81,72.58,78.66,98.27,105.38,15.37,28.9,66.59,63.52,16.58,68.91,8.22,26.3,44.1,161.57,52.43,69.66,11.05,33.22,97.2,78.38,189.03,224.63,105.06,58.51,123.7,15.95,55.59,258.26,11.36,45.14,22.72,20.51,18.86,110.02,36.03,29.09,125.09,19.54,36.87,51.64,41.5,25.72,26.23,11.38,72.37,48.7,40.3,34.05,16.42,30.48
108.0,74.61,80.25,97.56,103.16,15.13,29.3,67.66,64.47,16.75,70.09,8.28,25.96,44.61,165.98,51.75,69.71,11.49,32.98,99.38,80.12,207.53,223.38,106.68,61.01,129.05,15.79,56.76,271.26,11.28,47.12,22.86,20.61,18.75,113.05,38.23,29.73,133.34,19.7,37.84,55.35,42.34,26.2,25.83,11.55,73.51,50.12,41.28,33.97,16.62,30.7
106.63,75.07,78.59,95.8,105.28,14.52,29.13,67.92,63.83,16.15,69.45,8.41,25.2,42.56,168.45,53.02,65.19,11.45,31.48,96.12,82.89,203.51,222.91,105.69,59.65,129.9,15.64,56.26,270.72,10.88,45.58,22.41,20.44,18.8,111.96,36.99,28.83,130.55,19.87,35.12,56.16,41.1,25.87,25.58,11.9,73.18,49.91,40.29,33.45,16.38,30.7
103.24,72.21,75.5,94.14,100.75,13.6,29.17,67.5,61.72,16.0,68.22,8.27,24.28,40.26,164.06,52.13,63.26,11.2,29.97,93.56,80.03,194.14,214.94,103.37,56.79,126.35,15.22,55.75,266.94,10.53,41.47,21.49,20.17,18.39,109.56,33.67,27.59,120.85,19.16,33.16,54.6,40.31,25.86,24.74,11.77,70.51,48.98,39.46,33.04,16.11,29.9
101.6,72.26,75.51,92.04,100.76,13.24,28.21,68.79,61.01,15.24,69.37,7.98,23.99,38.63,160.88,51.26,61.22,10.97,29.74,91.44,79.61,194.67,208.6,103.09,55.96,124.94,15.06,55.76,267.65,10.1,42.81,20.74,20.49,17.91,106.28,32.62,27.83,114.41,19.61,32.44,52.84,39.65,25.52,24.07,11.9,69.26,48.15,38.12,33.07,15.47,29.0
103.47,72.37,76.65,93.92,98.23,12.88,28.26,69.53,62.97,15.39,70.13,8.17,24.28,39.15,163.09,52.34,64.23,11.07,30.82,94.23,80.62,199.73,213.92,102.57,57.63,130.91,15.42,57.86,273.03,10.31,43.95,20.97,20.63,17.91,107.09,34.05,27.71,127.56,19.42,31.23,54.6,40.27,25.9,24.61,12.04,69.01,48.75,39.14,33.71,15.23,29.25
103.56,73.0,77.95,94.19,97.94,12.53,27.16,69.34,64.32,14.52,73.17,8.18,25.06,38.05,166.97,52.48,64.04,10.91,32.73,97.65,80.65,190.39,213.12,100.22,58.98,130.7,15.66,59.65,275.3,10.49,44.7,21.04,20.88,17.51,104.65,33.96,27.98,124.93,19.85,31.32,56.7,40.18,25.91,25.06,12.34,67.82,49.44,37.86,33.89,15.34,29.69
103.55,73.81,78.21,95.53,98.14,12.73,27.19,69.8,63.74,14.46,72.58,8.26,25.61,37.77,167.39,53.85,62.23,11.24,33.68,95.45,80.22,190.62,221.39,102.49,59.43,127.33,15.69,60.63,274.35,10.46,42.55,21.11,20.08,18.05,105.44,34.37,28.28,119.86,19.29,31.96,55.41,40.76,25.66,25.38,12.43,67.01,49.98,37.47,33.65,15.3,30.1
103.92,75.48,76.56,95.46,96.52,13.19,27.34,69.33,63.16,14.3,71.6,8.35,26.45,37.56,167.04,51.36,61.19,11.41,34.15,95.26,80.13,193.36,226.3,102.97,59.13,129.41,15.8,61.41,276.82,10.75,41.99,21.3,20.71,18.04,103.62,36.02,28.44,120.16,19.27,32.24,55.36,41.17,25.41,25.62,12.34,65.08,49.99,38.61,33.37,15.6,31.37
103.53,75.01,80.71,96.94,96.14,13.64,26.62,70.62,64.68,14.03,71.57,8.42,26.18,37.45,168.22,52.84,61.97,11.28,34.85,94.35,80.45,195.86,222.72,104.49,57.76,131.68,15.64,61.99,281.96,10.51,42.11,21.03,20.28,17.8,104.38,35.65,28.27,114.46,18.84,32.16,52.95,40.81,25.48,24.93,12.0,66.6,50.26,37.91,33.41,15.34,30.84
102.54,73.76,79.42,94.86,96.43,13.07,26.09,69.56,62.9,14.43,71.76,8.39,26.08,36.61,166.86,53.52,60.28,11.02,34.13,90.28,80.9,193.72,221.6,103.51,56.6,130.48,15.47,60.35,279.21,10.32,44.31,20.76,20.61,17.57,104.22,34.53,28.87,112.75,18.28,32.06,52.83,40.4,25.31,24.69,11.86,65.94,49.98,38.98,33.35,15.01,29.57
103.23,74.02,80.88,94.07,95.54,12.96,26.3,69.12,64.14,14.27,70.59,8.39,25.53,35.46,164.16,54.48,58.38,10.84,34.85,91.39,81.38,200.62,224.46,104.64,59.73,138.77,15.42,62.83,280.49,10.62,44.65,20.67,20.76,17.51,104.94,36.45,28.41,112.97,19.18,30.42,52.08,41.11,25.6,24.84,11.78,66.13,50.34,39.1,34.15,15.42,29.08
101.45,73.52,79.86,91.63,94.77,12.72,25.24,69.27,61.98,14.2,69.46,8.21,24.77,36.64,161.32,52.94,56.23,10.51,35.29,89.37,81.7,193.72,220.76,103.97,59.37,138.54,14.98,61.6,275.48,10.49,43.22,20.3,20.49,17.36,103.59,35.71,28.14,112.49,18.37,29.78,50.05,40.42,25.54,24.48,11.4,65.15,49.83,38.46,34.25,14.94,27.91
100.51,73.69,78.75,90.06,93.36,12.39,24.49,67.15,61.88,14.19,70.05,8.16,24.24,35.57,160.63,52.73,56.77,10.31,35.42,89.36,81.08,188.1,220.23,104.53,61.26,135.98,14.85,59.01,281.55,10.1,45.73,20.02,20.87,16.84,103.51,34.85,28.02,112.27,17.75,27.92,50.02,40.68,25.32,24.02,11.45,62.73,49.42,38.15,34.41,14.43,28.66
102.62,74.69,80.97,92.39,91.33,12.55,24.72,69.87,64.06,14.33,74.23,8.35,24.79,34.76,160.67,52.44,57.12,10.32,36.75,90.8,80.62,199.45,225.07,102.31,64.84,141.31,15.57,61.0,297.07,10.39,47.07,20.49,20.42,17.08,105.92,36.16,28.43,114.25,17.91,28.18,49.76,41.05,25.65,24.5,11.74,66.42,50.41,38.21,35.39,14.09,29.48
101.55,73.92,81.75,91.43,91.88,12.24,24.34,69.32,61.41,14.39,75.05,8.4,25.08,35.45,165.76,51.15,57.07,9.94,37.59,91.68,80.06,194.01,222.99,100.1,62.93,134.94,15.43,60.96,300.16,10.58,44.75,20.0,20.27,16.97,106.49,34.88,28.29,109.21,17.19,26.99,50.18,40.48,25.69,24.07,11.84,64.7,50.57,37.0,35.6,14.53,29.23
103.13,74.13,84.15,93.51,94.64,12.33,24.27,69.36,61.73,14.63,75.51,8.47,25.4,36.87,167.4,53.85,57.96,10.02,37.79,91.06,79.01,195.07,216.87,102.22,65.34,140.91,15.6,61.4,299.86,10.68,44.48,20.24,20.36,17.34,106.08,37.16,28.88,117.61,17.65,29.11,49.5,40.8,25.85,24.71,11.79,64.66,51.17,38.32,35.27,14.95,29.43
103.66,72.7,88.65,92.07,97.03,12.31,25.08,68.92,61.74,14.64,76.51,8.84,25.76,36.89,166.43,53.21,57.45,10.32,37.6,92.7,77.77,193.9,219.65,103.1,64.28,143.01,15.4,62.55,304.75,10.96,40.55,20.57,20.15,17.16,107.17,37.73,29.28,116.99,17.92,29.74,49.45,40.76,26.03,24.95,11.63,65.27,52.38,38.75,35.66,14.83,30.08
104.97,74.29,89.98,93.61,95.86,12.68,24.48,70.84,65.24,14.87,79.17,9.12,25.85,37.63,169.28,53.86,57.28,10.32,38.81,91.97,78.44,198.02,220.11,106.6,64.03,143.78,15.44,61.52,308.73,11.18,42.46,20.39,20.7,17.48,110.68,36.31,29.85,121.41,17.93,29.82,52.8,40.4,26.06,25.34,12.02,67.69,53.33,39.01,35.78,14.59,29.8
107.31,74.73,95.42,96.07,96.98,12.93,25.5,73.83,64.69,15.36,82.45,9.21,25.92,38.4,170.04,54.75,57.32,10.86,41.37,93.71,77.48,201.04,223.96,110.68,64.52,151.31,15.38,63.39,312.84,11.47,45.43,20.38,21.13,17.86,114.78,35.85,30.05,131.23,18.25,28.6,54.98,40.62,26.75,24.94,12.45,68.43,54.93,40.27,36.19,14.44,30.13
107.84,75.12,99.08,97.23,98.48,12.64,25.92,73.96,68.74,15.38,83.43,9.32,26.53,37.84,170.31,53.64,57.66,10.83,42.47,96.79,78.39,200.34,237.44,109.17,64.46,147.5,15.57,63.22,309.5,11.72,46.6,20.92,20.48,18.26,116.98,33.63,30.07,125.31,18.5,28.33,56.22,40.65,26.56,25.59,12.86,66.01,55.71,40.49,35.74,14.42,30.7
109.35,76.77,101.68,99.72,101.3,13.02,26.93,73.68,70.61,15.68,86.23,9.29,27.22,39.15,173.63,54.58,58.37,10.79,43.49,100.43,78.65,197.03,241.11,110.07,65.93,149.97,15.29,64.11,318.74,12.02,45.89,20.7,19.98,18.49,120.65,34.89,30.86,124.65,18.34,26.99,60.47,41.04,27.15,25.81,12.52,67.52,57.18,40.65,36.56,14.63,30.07
109.77,76.75,104.76,100.69,98.72,13.13,27.92,75.12,71.15,15.51,86.09,9.24,26.66,38.76,174.03,53.94,57.93,10.58,44.21,99.6,77.24,209.82,243.0,111.16,67.76,152.64,15.08,63.47,320.0,11.95,45.41,21.08,20.18,18.39,120.73,36.89,30.91,124.15,18.65,27.12,58.98,40.29,26.89,25.52,12.18,68.06,57.69,38.83,36.83,14.88,29.76
108.56,76.35,105.98,101.63,96.76,12.97,28.86,75.59,70.12,15.51,84.77,9.35,25.82,39.28,172.18,54.43,59.37,10.61,43.63,96.34,75.33,194.32,245.12,104.88,65.96,151.3,15.22,61.88,315.78,11.75,43.58,20.91,20.21,18.26,119.25,36.68,30.9,119.3,18.77,25.67,58.79,40.03,26.68,25.62,12.21,64.24,58.15,39.47,36.27,14.7,28.48
109.8,77.15,110.4,104.12,96.04,13.29,29.1,76.61,69.7,15.97,86.57,9.71,25.8,40.29,176.96,56.12,60.71,10.73,43.12,99.02,78.0,193.27,239.26,107.72,64.82,146.89,15.37,63.45,318.46,11.74,42.06,21.34,20.45,19.15,122.97,35.64,31.17,112.67,19.45,26.03,63.77,40.45,27.31,25.83,12.82,64.43,60.99,40.24,36.37,14.62,29.0
108.83,78.1,108.81,104.04,95.45,12.81,28.39,76.18,67.88,15.7,85.57,9.81,24.99,39.14,170.51,54.98,59.42,10.87,41.16,96.93,77.08,204.09,239.76,106.42,65.26,142.6,15.06,62.8,318.49,11.42,43.12,21.26,20.49,19.23,122.24,36.35,31.2,113.16,19.17,26.45,59.92,40.13,26.72,25.61,12.58,63.39,60.9,40.48,35.96,14.19,28.2
107.23,74.93,106.5,103.74,93.69,13.49,28.91,75.82,68.05,15.23,85.59,9.86,24.71,39.26,170.95,52.71,57.35,10.27,38.6,94.68,79.6,185.9,241.69,103.82,63.22,138.5,14.96,61.29,312.72,11.41,43.8,21.07,19.85,18.97,120.35,36.6,30.74,113.38,18.2,25.27,58.71,39.92,26.19,25.62,12.89,64.28,59.73,40.09,36.28,14.17,28.19
106.59,72.99,107.99,103.44,94.18,13.61,28.32,75.83,66.12,15.4,85.19,9.72,24.52,38.65,170.79,53.83,56.88,10.34,37.32,93.34,77.53,187.29,236.48,102.43,62.47,136.98,15.33,61.75,301.72,11.49,41.97,21.09,19.96,19.15,119.35,37.93,31.02,107.96,18.22,24.95,59.81,39.65,26.26,25.5,12.72,63.11,59.66,39.34,35.52,14.25,28.47
106.32,72.96,104.55,105.49,93.86,13.3,27.99,75.79,64.98,15.29,86.01,9.57,25.18,37.13,170.99,52.71,56.84,10.14,37.37,93.34,77.64,190.89,231.24,101.03,61.5,133.57,15.61,60.51,299.37,11.65,40.41,21.33,19.97,19.17,122.94,38.98,30.61,109.31,17.73,26.47,60.53,39.74,26.0,25.68,12.82,62.09,59.57,38.48,35.32,14.55,28.74
105.56,72.95,106.5,105.77,93.7,13.15,27.17,75.44,64.12,15.43,85.3,9.75,24.69,37.32,173.01,54.23,57.42,10.18,36.92,91.92,77.49,188.08,228.49,100.27,61.84,129.81,15.25,60.65,304.13,11.47,40.4,20.77,20.46,19.26,122.86,36.74,30.46,106.55,17.99,25.14,59.17,38.87,26.23,25.21,13.01,60.92,59.48,38.12,34.74,14.38,28.74
106.63,74.14,105.13,107.19,96.36,12.98,27.76,75.19,64.98,15.35,89.21,9.81,24.54,37.24,173.25,55.15,56.35,10.25,36.14,92.2,77.14,195.12,226.86,100.45,62.23,132.38,15.52,61.13,309.98,12.05,42.99,21.15,20.22,19.23,125.52,34.77,30.71,104.71,17.65,25.1,60.89,39.1,26.62,26.17,13.1,60.21,60.85,39.82,35.36,14.34,28.28
106.12,73.32,103.74,105.96,95.62,12.47,27.95,74.13,65.12,15.39,85.72,9.6,24.67,37.27,170.0,53.2,56.84,10.04,34.92,93.02,78.85,201.19,224.1,99.54,61.37,127.06,15.84,61.86,306.35,11.84,44.14,21.19,19.57,19.26,124.97,33.9,31.47,104.89,18.34,23.93,62.16,38.88,26.42,26.02,13.24,60.83,60.31,39.52,35.91,14.18,28.35
105.74,75.48,106.06,106.22,92.93,12.28,28.34,74.64,64.6,15.09,84.85,9.71,24.21,35.74,167.06,53.95,57.44,10.02,34.41,96.34,78.42,197.28,230.9,99.33,62.42,124.47,15.76,60.42,295.36,11.55,44.42,21.13,19.84,18.84,121.69,34.34,30.57,105.65,18.38,23.43,64.4,38.43,25.98,26.25,13.23,59.74,59.22,39.58,35.27,14.61,27.89
105.03,73.06,104.35,105.64,92.87,12.01,28.36,76.17,63.62,15.09,83.81,9.54,24.3,35.18,162.78,55.31,56.47,9.83,33.55,92.8,75.29,204.56,229.21,95.3,63.65,124.0,15.79,58.59,283.51,11.41,43.73,21.46,19.47,19.07,118.64,33.04,30.38,104.24,17.75,22.93,64.17,38.34,25.74,26.1,13.2,60.75,58.36,39.55,35.82,14.77,27.74
105.26,71.62,102.79,104.88,94.27,11.55,28.81,75.94,64.03,14.92,80.85,9.58,24.12,34.44,161.15,53.27,55.69,9.59,35.34,90.47,77.9,206.25,241.16,94.17,62.32,126.47,16.12,57.98,283.21,11.16,45.18,21.33,20.38,18.85,119.88,34.63,30.36,109.33,17.25,23.56,64.76,38.47,25.69,25.96,12.79,59.64,59.57,40.7,35.72,14.73,27.07
105.95,72.29,102.28,105.49,97.14,11.88,28.47,77.8,63.42,15.41,81.07,9.62,24.44,34.64,161.17,53.2,55.51,9.71,36.5,91.02,81.33,205.67,246.17,96.07,62.19,121.38,16.39,58.97,279.45,11.23,46.67,21.92,21.06,18.89,119.38,36.12,30.89,108.89,17.78,24.46,62.06,38.72,25.46,25.52,12.66,60.79,60.2,40.99,36.49,14.61,27.93
106.39,72.36,100.81,105.52,94.82,12.54,29.86,78.34,64.58,15.79,81.68,9.54,24.27,35.78,162.8,54.43,56.55,10.07,35.87,90.6,81.61,206.33,249.23,97.57,60.51,117.26,16.86,59.41,287.25,11.14,48.08,22.0,21.0,19.17,120.62,34.64,30.9,107.82,17.85,25.08,64.61,38.34,25.57,25.66,12.8,60.2,60.15,38.48,36.8,14.47,28.63
105.77,71.28,101.18,105.73,95.86,12.91,30.16,78.71,62.55,15.3,79.8,9.59,24.65,36.29,160.92,54.8,55.72,9.99,36.39,92.56,79.68,198.27,243.16,95.07,59.84,120.58,16.46,59.04,282.8,11.29,49.12,21.99,21.31,18.86,122.22,34.49,30.56,106.0,17.19,25.24,61.41,38.51,25.88,25.01,12.33,59.87,59.83,39.86,37.12,14.99,28.59
104.46,71.13,97.44,105.56,94.41,12.95,29.37,77.18,62.03,15.15,78.88,9.61,24.69,35.2,160.35,55.48,54.15,9.82,37.26,85.57,79.27,197.88,242.33,92.49,60.47,112.07,15.98,58.45,280.2,11.16,46.93,22.19,21.96,19.01,117.42,35.05,29.73,107.46,16.7,25.28,58.11,38.78,25.5,25.16,12.18,58.34,58.94,39.38,36.82,14.73,29.18
103.88,70.94,97.6,104.78,95.32,12.98,29.17,75.32,61.89,14.78,77.74,9.48,24.05,34.83,160.12,54.59,54.35,9.74,37.73,87.71,76.2,185.78,244.95,92.1,59.45,111.12,16.41,56.11,275.35,10.87,46.44,22.47,21.27,19.25,115.62,33.23,30.06,110.94,16.74,26.73,61.04,38.4,25.29,25.65,11.98,57.47,58.96,39.34,36.38,15.02,29.23
104.03,72.25,101.17,106.76,97.42,13.44,28.81,77.99,61.62,14.93,79.99,9.48,23.95,35.37,163.24,55.9,55.75,9.75,36.45,88.47,77.25,173.02,248.93,88.6,58.64,108.57,16.15,56.3,279.53,11.19,45.45,22.18,21.96,19.98,117.31,33.85,29.43,101.36,16.65,27.53,60.37,38.41,26.05,25.98,12.08,58.5,59.02,40.12,36.25,15.08,28.51
104.76,73.33,100.91,107.44,97.9,13.71,28.67,78.35,61.38,14.83,81.32,9.56,24.47,35.26,161.44,56.33,57.09,9.91,36.62,90.98,76.11,184.82,250.52,88.34,59.0,109.93,15.98,57.6,277.26,11.11,46.08,22.11,21.19,20.12,117.09,34.53,28.92,98.73,16.84,27.9,59.93,38.76,26.16,26.18,12.07,59.95,58.41,41.02,36.68,15.44,29.4
104.91,74.03,100.91,105.43,97.44,13.99,29.25,77.79,62.79,14.47,81.47,9.35,25.08,35.12,164.02,54.65,56.44,10.18,36.5,94.1,76.08,187.86,251.52,86.27,60.24,108.14,16.0,58.64,277.98,11.24,45.23,22.32,20.64,20.32,118.96,32.74,29.32,93.13,16.84,27.52,60.91,38.66,26.05,26.28,12.2,60.73,59.8,40.42,36.18,15.44,30.48
104.94,74.24,99.62,104.13,98.43,13.79,29.85,76.45,63.31,14.48,81.81,9.35,24.31,34.21,166.9,54.43,57.77,10.49,36.82,89.87,78.17,197.6,248.47,88.53,60.64,108.83,15.6,59.57,277.4,10.73,44.67,21.75,20.54,19.58,118.39,34.67,29.88,97.52,16.09,28.15,61.32,38.48,26.25,25.51,12.24,59.33,60.57,38.69,36.42,14.91,29.52
103.33,72.07,94.74,103.22,97.01,13.78,30.14,76.51,62.45,13.33,81.7,8.99,24.57,32.05,163.94,53.3,58.0,10.42,36.65,88.29,78.13,193.99,250.83,90.69,60.4,103.36,15.53,57.17,276.14,10.74,42.18,21.75,20.34,19.09,114.28,33.91,29.34,95.72,16.26,26.35,57.85,38.56,25.63,25.65,12.12,57.63,58.67,39.49,35.99,14.67,28.98
102.02,71.43,93.6,102.65,95.67,13.55,29.59,76.75,61.12,13.04,80.01,8.72,24.76,31.95,164.19,52.09,58.02,10.18,35.78,85.64,79.15,196.65,244.37,88.96,58.88,103.34,15.21,55.17,264.79,10.34,40.24,21.35,20.73,18.73,113.38,33.62,29.33,99.94,16.02,26.22,55.17,37.85,25.58,25.4,11.78,56.97,58.27,38.41,35.21,14.79,28.33
101.99,71.15,90.14,101.94,96.95,13.55,29.24,75.05,59.94,13.18,80.59,8.8,25.15,32.15,163.81,51.23,57.24,10.37,36.82,89.55,78.36,194.71,238.44,89.0,59.52,105.2,15.4,54.75,263.45,10.28,39.86,21.31,20.38,18.69,113.53,33.67,29.69,99.29,17.21,26.26,55.01,37.61,25.6,25.61,11.48,55.78,58.02,38.53,35.19,15.13,29.71
101.26,70.64,90.4,101.0,98.14,13.41,28.49,74.23,60.62,13.37,81.8,8.78,25.05,32.34,162.78,51.2,57.57,10.51,36.15,88.67,76.09,189.89,228.51,89.61,56.18,99.6,15.5,54.16,271.54,10.33,38.5,21.3,21.08,18.73,114.3,32.71,29.11,101.78,16.94,24.8,53.9,37.87,26.06,25.31,11.26,55.44,59.66,38.32,34.65,15.07,29.47
101.23,70.51,92.36,103.31,96.19,13.6,28.09,75.72,60.29,13.38,82.73,9.08,26.16,32.05,162.73,51.02,58.58,10.8,34.23,91.5,75.28,174.42,227.0,88.6,54.84,96.49,15.81,54.39,267.75,10.4,40.75,21.51,21.76,18.98,117.95,31.24,29.45,102.77,17.48,23.46,54.66,38.29,26.41,24.99,11.59,55.77,60.73,37.68,35.21,15.24,29.48
101.69,70.39,92.58,107.2,98.73,13.67,27.39,75.47,61.26,13.25,81.21,8.82,27.05,31.09,163.07,52.95,58.39,11.12,34.53,90.86,74.78,174.98,229.6,88.98,55.78,100.69,15.8,53.27,260.71,10.52,40.69,21.99,21.94,18.89,118.16,31.39,30.14,105.67,18.11,22.93,55.15,38.97,26.49,25.3,11.48,55.64,60.54,37.38,35.15,15.42,29.66
101.25,70.01,91.06,106.52,99.18,13.96,25.35,74.84,57.56,13.42,83.29,8.7,26.71,29.76,159.38,51.5,59.24,11.05,34.52,93.13,74.96,182.34,227.78,89.52,56.28,101.09,16.11,52.93,257.77,10.35,39.55,22.76,21.77,18.49,117.48,31.69,29.87,104.98,18.07,24.41,51.54,39.54,26.51,25.65,11.36,54.98,60.14,36.79,36.17,15.37,28.79
99.75,72.28,89.5,104.85,97.26,13.81,24.59,73.38,57.84,13.01,83.17,8.62,25.79,30.89,161.64,50.85,56.34,10.89,34.26,91.45,75.09,172.85,222.25,88.68,52.8,102.07,16.36,53.27,260.55,10.43,37.07,22.82,21.23,18.22,118.49,31.02,29.6,98.16,16.65,24.6,52.05,38.89,26.51,25.23,11.28,55.5,59.6,36.19,35.97,15.34,28.73
100.82,74.64,89.48,106.66,97.13,14.18,24.5,73.34,57.39,13.44,82.96,8.33,25.25,30.86,162.34,51.65,57.66,11.06,33.63,93.04,77.34,177.31,224.57,91.75,54.06,105.01,16.85,53.79,267.79,10.65,39.2,22.6,21.57,18.79,121.3,30.99,29.38,98.24,16.49,24.57,52.79,40.0,26.96,25.09,11.51,56.91,60.66,36.49,35.48,15.08,29.27
99.85,74.45,89.53,105.31,96.81,14.89,24.59,73.82,56.66,13.05,82.92,8.23,24.17,29.64,162.87,49.32,56.81,10.98,34.0,89.57,76.69,175.47,225.63,88.78,53.93,105.06,16.57,54.73,261.71,10.54,39.51,22.14,20.98,18.8,119.97,30.43,28.8,100.0,16.54,25.19,51.7,38.78,27.0,25.2,11.53,55.25,58.73,35.99,35.05,14.69,28.42
100.39,73.41,89.91,106.52,98.31,14.54,25.8,74.01,56.21,13.25,82.57,8.18,24.44,31.29,164.22,50.11,60.16,11.33,32.95,89.03,74.99,174.35,224.32,91.9,55.29,101.04,16.9,54.41,261.54,10.34,42.23,22.39,21.27,18.61,120.15,31.27,28.88,100.11,16.2,24.62,50.07,38.82,27.02,24.99,11.46,53.67,58.59,36.75,35.4,15.29,28.15
98.26,72.51,87.3,105.7,97.07,14.75,25.77,72.89,56.27,13.09,81.09,8.18,24.14,31.59,159.36,49.24,58.39,10.64,32.27,84.75,72.23,171.98,221.02,87.72,53.33,99.84,16.36,53.27,250.18,9.87,40.66,21.5,21.12,18.03,115.56,31.35,27.68,97.48,15.63,24.62,48.9,38.25,26.83,24.48,11.32,51.3,57.85,37.06,35.28,14.2,26.97
97.64,70.98,87.43,103.76,95.37,14.28,26.29,72.92,55.92,13.11,79.67,8.33,24.54,31.59,155.22,48.79,59.26,10.52,31.03,82.93,72.13,172.77,210.48,87.76,52.43,97.98,16.76,53.67,251.36,9.7,41.45,21.65,20.68,18.06,118.2,30.3,27.04,94.09,15.22,25.36,48.67,38.4,26.66,24.2,11.25,50.32,58.32,37.04,35.83,14.02,27.22
97.48,71.1,86.89,103.46,94.57,14.38,26.86,71.55,55.99,12.77,79.29,8.42,25.27,31.82,159.85,46.32,60.73,10.57,30.48,82.37,73.43,167.32,204.58,87.06,52.89,98.45,16.75,55.04,250.1,9.49,41.2,21.12,20.89,18.23,116.29,29.91,26.81,96.83,15.11,24.8,49.48,37.8,26.74,24.71,11.59,50.05,58.96,35.77,35.52,14.12,26.41
95.32,68.45,88.54,100.06,93.41,14.0,26.16,68.27,53.46,12.62,78.39,8.19,24.4,29.54,159.17,44.99,57.89,10.63,29.32,79.73,71.41,165.53,208.57,84.04,52.96,95.82,15.92,53.59,242.75,9.14,39.74,20.69,20.79,17.91,113.38,29.19,26.45,94.43,15.15,24.49,49.54,36.6,25.93,24.18,11.21,48.71,58.07,34.79,35.23,13.58,25.44
95.93,68.36,90.32,99.01,93.49,14.56,25.61,67.83,55.16,12.56,78.75,8.03,24.9,29.39,163.8,45.42,57.6,10.71,29.38,77.71,70.61,167.41,214.64,83.72,53.9,100.57,16.05,54.18,240.81,9.23,38.38,20.7,20.77,18.21,114.27,29.08,26.91,91.98,15.2,25.44,49.69,37.07,25.67,24.36,11.03,49.21,58.6,37.05,35.04,13.72,26.02
95.81,66.79,91.1,96.48,93.79,14.31,24.99,65.95,54.06,12.7,77.72,8.01,24.73,29.31,164.69,44.34,56.66,10.49,29.7,77.94,71.28,174.13,218.1,82.37,53.44,99.27,15.54,52.46,241.74,8.97,39.94,20.33,20.45,18.73,112.01,29.35,26.46,92.93,15.56,25.67,52.23,36.8,25.68,24.59,11.3,49.42,57.86,37.52,34.46,13.68,26.47
96.49,67.81,90.71,96.33,94.8,14.18,24.95,66.42,54.49,12.92,77.44,8.0,26.2,29.73,167.51,44.04,58.83,10.65,28.93,78.63,71.03,185.32,215.35,81.4,53.39,101.22,15.53,53.31,238.95,8.84,42.15,20.04,20.37,19.03,111.16,29.54,27.04,93.83,15.14,26.65,51.24,36.63,25.68,24.83,11.3,50.77,58.16,36.32,34.18,13.83,26.94
97.28,70.0,93.38,96.19,92.57,14.08,24.32,66.6,55.87,12.83,79.45,8.27,26.2,29.98,172.43,45.85,60.26,10.83,29.19,78.8,72.64,193.0,218.44,77.83,52.85,93.36,15.76,53.71,247.66,8.99,42.65,19.93,20.33,19.21,113.0,29.28,27.37,93.04,15.37,27.2,51.62,36.84,25.71,25.33,11.77,49.69,58.7,36.86,34.2,14.15,27.36
96.81,71.15,94.0,98.24,92.06,14.3,23.64,66.1,56.62,12.97,75.79,8.04,25.62,30.83,173.92,46.22,59.98,10.8,28.24,80.77,73.79,191.74,216.21,74.97,51.32,88.85,15.87,52.23,242.07,8.56,44.0,20.27,20.11,18.83,115.25,29.59,27.58,93.13,15.86,27.14,54.12,37.19,25.35,25.3,11.48,49.86,58.8,35.92,34.26,14.07,26.88
96.57,72.16,92.5,97.63,93.73,13.79,23.95,66.01,56.14,13.11,74.66,7.92,25.32,30.77,171.29,47.24,58.84,10.79,27.38,77.76,72.43,186.67,217.14,73.5,52.08,83.7,15.86,51.04,246.03,8.53,43.34,20.31,19.92,19.15,114.42,29.67,28.04,96.67,16.72,27.89,54.31,37.44,25.26,25.36,11.28,50.26,58.43,35.88,34.1,14.06,28.01
99.11,72.3,96.86,100.2,95.09,14.03,25.0,67.83,59.12,12.99,74.92,8.15,25.09,31.08,174.78,48.34,61.48,10.88,27.86,77.32,75.52,208.01,223.11,75.26,53.83,88.93,15.81,52.19,255.65,8.72,46.56,20.09,19.84,19.9,119.76,30.08,28.65,101.0,16.46,28.15,56.54,37.42,25.32,25.43,11.52,51.76,59.56,37.05,35.1,14.07,27.29
97.47,70.78,94.94,97.4,94.2,13.7,23.14,68.44,57.96,12.9,73.19,8.22,24.4,30.48,171.68,47.21,59.35,10.78,28.56,76.88,74.13,201.72,216.55,75.62,54.77,89.74,15.63,50.96,251.71,8.69,47.44,19.92,19.85,19.45,119.88,29.02,28.98,94.4,16.58,27.7,55.51,36.87,25.11,24.75,11.08,50.88,59.61,36.25,34.93,14.06,27.04
97.38,70.24,95.34,97.71,92.42,13.95,24.48,69.68,58.12,13.18,73.71,8.09,25.19,30.18,170.16,46.51,58.91,10.64,29.17,75.2,74.48,194.39,217.64,74.07,54.2,96.12,15.72,50.73,252.08,8.89,48.3,20.32,19.73,19.3,120.32,28.66,28.59,95.6,15.65,28.68,55.86,36.97,25.15,24.94,10.78,48.57,58.83,34.86,34.94,13.98,27.55
98.0,70.97,99.29,97.97,93.9,14.26,25.37,69.35,58.61,13.61,74.73,8.29,25.51,30.53,170.73,46.23,61.38,10.34,29.42,74.35,74.64,178.86,219.16,74.09,54.57,97.59,16.13,51.5,254.45,8.94,49.66,20.9,19.37,19.52,123.67,28.36,28.44,94.13,16.39,28.91,54.46,37.2,25.35,25.7,11.07,48.0,58.42,35.8,35.37,14.55,27.56
96.13,69.19,96.99,97.13,92.65,14.05,25.18,68.3,57.63,13.25,73.5,7.99,24.98,29.51,168.41,43.89,61.35,10.05,28.85,75.2,71.49,169.4,216.73,73.86,51.25,95.73,16.41,50.2,246.92,8.8,45.55,20.28,19.18,18.96,119.64,27.58,27.93,95.82,16.21,28.68,52.76,37.13,25.52,25.48,10.94,46.74,57.33,37.14,35.32,14.32,26.39
96.55,68.72,97.76,96.65,91.71,14.5,25.04,68.52,57.14,13.15,71.91,8.09,25.8,29.17,169.85,44.76,62.89,10.34,29.63,75.9,72.46,161.07,226.14,73.49,52.58,96.27,16.15,50.08,247.56,8.65,45.23,20.7,19.61,18.65,117.9,28.43,28.55,95.81,16.26,30.65,51.64,37.12,25.67,25.19,10.91,47.49,56.31,39.58,35.67,14.45,26.46
95.78,68.22,98.44,95.54,92.05,14.82,25.07,67.66,56.58,12.86,70.13,7.88,25.04,28.0,163.72,44.55,63.45,10.36,29.37,78.62,70.37,161.44,223.06,74.21,51.73,91.24,15.92,49.01,241.84,8.79,45.68,20.65,19.13,18.5,120.54,28.15,28.16,95.9,16.51,29.93,51.87,37.09,25.64,25.41,10.86,46.09,55.86,39.59,35.45,13.86,26.39
96.7,69.86,101.61,98.13,92.67,14.55,25.18,67.93,55.64,13.24,71.37,7.89,26.15,28.4,169.19,44.7,64.57,10.44,29.22,79.91,72.3,159.19,228.38,75.6,51.81,89.05,15.71,50.02,240.03,9.07,43.88,20.87,19.5,18.5,123.52,28.51,28.62,95.97,16.55,30.81,53.29,37.7,26.17,25.72,11.1,46.51,55.63,39.3,36.8,14.24,26.51
95.05,69.85,99.01,96.46,91.35,14.43,24.97,67.23,55.84,12.83,69.78,7.79,24.98,28.31,167.59,41.96,65.38,10.42,27.63,79.94,73.0,152.93,219.92,72.71,50.48,86.73,15.94,49.58,243.28,8.98,41.94,20.58,19.39,18.94,122.37,27.84,27.83,91.66,16.16,30.03,51.21,36.84,25.82,25.46,11.23,45.94,55.09,38.57,37.04,13.86,25.34
95.82,69.0,101.16,96.97,90.9,14.58,24.55,68.16,54.94,13.02,70.62,7.83,25.68,28.08,168.05,41.8,66.25,10.48,28.25,81.65,74.03,152.41,222.69,73.89,49.4,86.23,16.18,50.1,247.63,9.19,42.97,20.74,19.24,18.96,123.3,29.1,27.84,92.78,16.67,31.01,51.48,37.52,25.92,25.71,11.39,44.45,54.29,40.43,37.91,14.42,26.11
95.85,70.32,102.46,97.07,90.42,15.26,24.72,68.14,54.43,12.87,68.58,7.85,25.18,27.29,168.51,42.65,67.68,10.71,29.0,80.82,74.95,155.76,217.22,75.65,49.93,85.5,16.29,49.28,253.81,9.29,42.16,20.69,19.24,19.13,124.74,29.44,27.43,91.09,16.86,31.13,50.6,37.2,26.01,25.51,11.46,43.57,54.73,40.58,37.05,14.22,25.15
96.99,70.04,101.19,94.92,89.99,15.08,25.89,67.94,55.11,13.05,68.81,8.12,25.22,27.85,172.42,42.02,68.15,10.89,29.68,82.23,72.91,170.07,217.37,75.58,51.22,90.52,16.18,49.5,251.72,9.42,44.22,20.73,19.46,19.39,123.9,30.82,27.72,91.79,16.93,31.82,50.32,37.95,26.04,24.89,11.64,43.43,54.92,40.94,36.04,14.42,25.77
96.36,70.03,102.04,95.06,88.99,14.92,24.67,66.06,55.57,12.86,68.4,7.95,25.06,27.61,168.37,42.44,66.98,10.76,29.46,82.78,72.46,174.67,215.56,75.06,52.35,89.77,16.12,49.29,256.37,9.25,42.79,20.45,18.84,19.27,126.24,30.16,27.43,92.87,16.58,32.68,49.49,37.88,25.28,24.32,11.26,43.51,54.13,41.94,37.3,14.32,25.93
96.73,70.01,100.78,93.62,90.13,15.59,24.81,65.71,54.77,13.02,69.81,7.74,25.17,27.87,169.85,43.06,66.02,10.9,30.0,82.84,72.44,173.68,222.47,73.9,54.48,88.2,16.26,48.16,258.63,9.37,42.75,20.6,19.16,18.97,124.87,29.67,28.04,96.95,16.64,31.6,47.05,38.48,25.36,24.54,11.22,43.07,52.89,43.69,37.93,14.27,26.26
93.8,67.39,97.41,91.12,85.99,14.95,23.69,64.29,53.99,12.74,70.8,7.45,23.72,26.71,168.27,40.92,64.85,10.45,29.98,79.09,71.82,161.11,219.0,69.33,53.4,85.49,15.39,47.23,246.77,9.06,41.16,20.21,18.92,18.7,120.83,28.71,28.17,94.4,15.8,29.74,45.26,37.59,24.97,24.07,11.05,42.28,51.05,42.39,37.69,13.36,24.59
93.28,66.99,96.36,91.22,85.2,14.71,23.67,65.17,54.31,13.02,69.83,7.39,23.52,26.77,170.07,41.71,65.0,10.23,29.66,80.73,72.12,159.04,217.01,69.2,52.14,86.07,15.46,47.39,243.88,9.25,41.18,19.64,18.96,18.15,120.41,27.84,28.12,96.93,15.27,28.52,46.32,37.95,25.0,23.81,10.99,41.51,51.67,40.04,37.57,13.1,24.43
94.24,67.31,97.44,92.02,85.71,15.15,22.78,66.25,55.41,12.81,69.51,7.3,23.56,26.63,170.11,42.11,69.67,10.57,29.0,80.0,72.47,163.22,221.91,70.33,53.6,89.17,16.05,48.26,241.61,9.64,40.57,20.03,19.42,17.97,118.67,27.18,27.91,91.76,15.82,28.99,48.48,38.61,24.91,24.8,11.36,42.23,52.66,39.51,37.73,13.29,24.46
93.59,66.49,98.73,91.81,86.55,14.97,23.14,66.4,53.98,12.55,68.26,7.2,23.58,27.0,168.71,40.93,69.07,10.55,27.05,78.68,71.05,164.33,215.73,69.58,53.57,92.82,15.65,49.62,235.4,9.96,38.67,19.91,19.21,17.56,119.83,27.7,27.62,88.33,15.91,30.56,48.98,37.89,24.8,24.86,11.29,42.5,52.24,37.53,38.05,12.81,23.65
92.96,64.24,100.04,88.9,84.65,14.36,22.96,66.42,51.65,12.52,66.79,7.19,23.31,26.81,167.26,41.71,68.39,10.6,27.25,77.0,71.94,164.68,210.17,68.81,53.83,92.2,14.97,49.77,231.59,9.98,39.86,19.8,18.94,17.44,118.66,28.27,27.17,92.84,15.91,29.73,48.51,37.87,24.9,24.67,11.13,42.55,51.51,37.45,37.45,12.66,23.49
93.86,64.08,97.86,88.83,85.26,14.44,23.71,65.92,51.33,12.71,66.1,7.29,23.18,26.21,169.22,42.29,67.24,10.71,27.8,81.0,74.54,168.7,210.85,70.84,55.55,94.73,14.95,48.25,231.25,9.99,41.52,19.97,19.35,17.98,122.8,27.75,27.16,91.16,16.03,31.23,48.97,37.96,25.22,24.88,11.51,45.03,50.68,38.01,38.42,12.44,23.87
94.25,66.17,103.41,91.27,83.42,15.28,24.73,66.0,51.12,13.59,66.89,7.45,22.69,26.41,171.8,43.05,68.35,11.05,28.38,79.36,74.42,161.04,210.16,69.3,55.21,92.6,14.62,50.44,232.88,10.34,42.54,20.1,19.05,18.25,120.33,27.24,26.84,89.52,15.51,31.57,48.72,38.1,25.54,25.12,11.59,45.04,50.95,37.66,38.85,12.63,24.04
94.04,66.88,106.18,91.69,82.47,16.14,24.47,67.36,51.3,13.22,67.08,7.47,22.72,26.82,174.12,42.52,68.06,10.79,29.38,79.98,73.1,162.92,205.83,68.24,55.09,90.16,14.14,50.86,236.15,10.4,42.84,19.55,18.37,18.48,121.19,26.81,26.59,91.29,15.61,30.18,48.61,37.12,25.48,24.2,11.66,45.57,51.81,37.22,38.25,12.75,23.9
94.57,67.44,103.51,92.3,82.84,16.18,24.21,68.2,50.79,12.81,65.74,7.66,23.87,27.5,177.71,43.29,68.54,11.27,29.74,82.52,72.23,166.4,210.88,68.22,54.6,88.28,13.73,49.51,237.69,10.41,42.43,19.63,18.68,19.27,119.33,26.31,27.3,90.66,15.57,30.27,50.71,36.73,25.84,24.72,11.78,45.1,51.15,38.52,38.91,12.48,24.01
94.64,67.54,101.69,91.55,83.93,16.45,23.97,67.07,51.11,13.23,64.85,7.63,24.08,26.84,175.57,44.74,69.68,11.23,30.36,80.7,72.49,160.38,205.54,68.7,53.54,91.63,13.76,49.28,231.69,10.58,43.53,20.06,19.24,19.66,120.72,25.48,27.46,89.52,15.8,30.17,50.14,36.57,25.82,25.29,11.95,44.51,51.46,39.41,38.89,12.78,24.46
93.44,63.97,102.21,90.09,83.34,16.66,23.29,66.97,50.33,13.08,62.94,7.58,23.24,25.83,175.18,44.0,68.66,10.89,31.28,78.42,71.26,158.39,200.13,65.74,54.88,96.19,13.78,48.85,228.65,10.69,42.14,19.56,19.18,19.72,113.73,25.26,27.22,86.31,14.94,29.48,49.03,36.83,25.47,25.17,11.89,43.21,50.04,39.49,38.44,12.81,25.18
91.71,63.45,98.86,89.03,81.72,16.51,22.63,66.54,49.45,13.0,64.42,7.63,22.22,25.41,167.89,43.46,67.3,10.93,29.53,74.88,69.98,159.33,202.96,64.22,52.95,97.93,13.57,48.29,222.63,10.39,41.22,19.33,18.39,19.33,111.76,24.01,26.66,82.22,14.85,28.4,49.27,36.34,25.03,24.9,11.56,41.58,49.07,38.28,37.14,12.65,23.7
91.38,62.35,96.76,87.13,77.29,15.12,23.02,66.53,48.63,12.98,64.55,7.43,21.85,25.29,170.71,43.54,67.52,10.77,29.5,76.84,67.47,160.1,206.43,62.51,54.32,101.72,13.6,47.18,219.88,10.03,40.02,19.2,17.78,19.23,108.15,24.82,26.62,82.21,14.59,29.8,51.86,36.2,24.88,24.9,11.5,40.9,47.44,38.36,36.56,12.78,23.84
91.54,60.86,94.38,87.5,77.61,15.44,23.95,66.61,49.05,12.75,64.27,7.3,21.14,24.6,171.88,44.22,66.6,10.68,30.54,75.0,66.62,162.39,206.27,61.98,53.8,103.3,13.82,46.86,210.8,9.76,40.44,18.93,17.82,19.66,104.73,26.12,26.49,88.9,13.88,32.0,54.5,35.81,24.75,24.93,11.08,40.49,47.21,37.62,36.56,13.02,23.6
90.72,60.45,93.53,86.11,77.41,15.62,23.23,67.77,49.26,12.02,63.85,7.44,20.75,23.95,170.48,43.03,67.78,10.38,30.41,73.06,64.56,157.93,215.72,61.78,54.16,100.51,13.98,46.88,205.18,9.77,39.43,18.66,17.77,18.93,101.46,25.6,26.46,91.89,13.18,29.89,51.79,35.35,24.53,25.05,10.89,41.45,46.74,38.4,37.4,12.69,23.69
91.01,61.65,95.98,84.78,80.55,15.45,23.23,69.46,49.38,11.9,61.6,7.43,20.76,24.64,171.86,43.0,67.19,10.45,30.47,72.78,63.04,160.43,220.1,61.94,53.55,104.05,14.07,45.96,206.7,10.01,39.56,18.56,18.1,18.76,99.89,26.98,25.93,95.26,13.05,31.07,50.99,35.59,24.46,24.76,10.89,40.67,47.05,37.59,37.55,12.39,23.3
91.38,61.83,95.95,83.67,80.56,15.89,23.39,69.56,49.36,11.61,62.58,7.46,21.9,24.26,169.8,41.42,66.94,10.11,31.32,72.48,62.16,170.95,221.22,60.43,56.18,104.29,14.08,44.85,200.97,10.15,39.11,18.72,17.99,18.41,97.43,28.26,25.99,95.23,13.16,31.7,50.45,35.65,24.49,24.77,10.91,39.38,47.04,38.1,36.99,12.58,23.88
91.08,61.16,95.53,83.39,79.19,15.85,24.08,70.24,49.84,11.64,60.03,7.29,21.63,23.49,172.05,43.72,68.21,10.25,31.19,70.73,60.58,165.3,214.35,60.36,54.61,99.19,13.98,45.82,199.16,9.95,38.03,19.0,18.1,18.89,97.3,28.62,25.8,94.47,12.78,31.45,53.05,35.66,24.79,25.56,10.57,38.94,46.66,39.02,37.02,12.41,24.04
91.12,62.3,94.66,83.69,81.36,15.69,23.85,69.57,51.4,11.64,61.23,7.3,21.64,23.38,171.39,43.14,68.3,9.93,29.55,70.34,60.65,168.5,206.7,59.75,55.89,99.59,13.89,47.63,199.17,9.81,37.74,18.83,18.4,19.07,99.43,29.32,25.93,91.16,13.32,31.3,53.71,35.48,25.05,25.08,10.72,37.75,46.73,39.33,37.59,12.31,23.91
91.57,63.01,96.02,82.49,81.92,16.22,25.05,70.01,53.34,11.76,61.35,7.3,21.96,23.86,174.35,42.89,67.53,10.05,29.64,68.86,62.09,163.67,212.53,59.92,54.73,103.17,14.28,47.65,203.23,9.78,37.04,18.31,18.35,19.27,99.88,29.04,25.87,91.27,13.37,30.56,53.18,35.89,25.54,25.01,10.83,38.34,47.61,38.93,37.49,12.63,24.33
91.51,61.82,94.13,81.57,81.16,16.46,24.97,69.36,54.76,12.19,60.12,7.33,22.19,23.74,173.24,43.85,68.5,9.79,29.04,69.64,61.93,161.91,214.72,60.76,55.25,105.13,14.14,48.26,202.98,9.92,36.8,18.1,18.58,19.4,100.54,29.81,25.31,94.7,13.14,29.91,51.26,36.01,25.39,24.66,10.63,38.09,47.98,39.58,37.04,12.28,24.35
90.8,61.39,93.88,80.76,81.36,16.37,26.11,69.64,52.81,12.19,60.1,7.32,22.67,23.25,175.19,43.71,69.11,9.4,28.21,68.71,62.98,156.38,211.03,60.72,54.85,100.01,14.33,49.05,205.49,9.87,35.96,18.34,18.23,19.85,101.73,29.37,24.8,89.55,12.42,28.89,50.07,34.99,25.3,24.19,10.77,38.71,48.0,38.4,36.44,12.32,24.33
92.27,63.25,97.12,81.99,82.7,17.01,27.17,68.97,53.79,12.75,61.63,7.42,22.57,24.11,176.04,44.15,68.27,9.35,28.52,71.62,64.82,159.68,215.53,60.75,54.62,102.83,14.58,49.24,210.43,10.15,36.21,18.63,18.4,20.0,101.81,30.99,25.59,90.66,12.15,28.53,50.87,34.1,25.61,24.63,10.95,39.19,49.08,40.12,36.41,12.73,24.44
92.76,65.45,97.07,81.49,82.49,17.35,27.1,68.6,55.06,12.75,63.96,7.37,22.55,23.94,174.84,44.91,68.46,9.18,27.57,70.2,66.7,172.07,210.28,63.22,54.41,105.71,14.83,49.98,217.13,10.33,36.11,18.26,18.58,19.39,102.41,31.42,25.8,93.23,12.29,28.11,50.55,35.04,25.71,24.19,10.87,39.77,48.31,40.13,36.28,12.67,24.06
92.75,66.5,92.56,83.5,82.81,17.51,26.59,67.26,54.1,12.6,66.9,7.46,22.96,23.32,173.78,45.76,66.99,9.26,28.53,70.46,68.07,170.66,211.94,62.22,56.35,104.58,15.13,49.75,218.38,10.17,37.33,18.11,18.63,19.57,100.98,29.94,25.98,93.03,11.65,27.94,52.75,35.06,26.02,23.93,10.81,39.72,47.96,39.72,36.73,12.45,24.68
91.76,66.23,93.45,81.5,83.72,17.63,26.43,67.11,54.6,12.37,66.92,7.41,23.02,22.81,169.1,44.84,68.39,9.45,29.05,68.56,67.55,161.85,208.66,63.4,55.64,102.89,15.47,49.44,216.89,9.91,37.6,18.2,18.52,18.93,99.46,29.71,26.09,89.23,11.43,26.48,53.52,34.64,25.4,23.69,10.76,37.96,47.53,38.68,35.7,11.94,24.65
91.97,65.53,93.13,79.83,83.84,17.28,26.37,67.22,54.01,12.34,65.99,7.41,22.69,23.01,167.46,45.64,66.76,9.49,28.97,69.92,68.16,166.19,206.73,62.96,56.02,98.4,15.9,49.95,218.31,10.25,40.22,18.53,18.9,18.33,97.22,28.51,26.33,91.08,11.86,27.25,53.26,35.78,25.16,24.06,11.1,38.18,46.85,39.3,35.66,12.15,24.37
92.8,66.5,93.82,80.77,82.91,17.2,25.77,68.06,53.36,12.8,66.29,7.58,22.81,23.45,170.28,46.38,66.2,9.7,30.05,72.43,69.24,169.0,213.83,65.76,58.01,99.94,15.63,50.56,224.72,10.19,41.0,18.89,19.04,18.39,98.95,28.95,26.9,90.27,11.83,28.59,52.9,35.18,25.36,24.74,11.02,38.97,47.39,38.0,35.52,12.24,24.11
91.77,66.13,93.06,78.73,83.43,17.19,26.32,68.09,52.23,12.84,65.88,7.37,22.16,23.02,166.17,44.18,66.25,9.57,31.42,70.36,67.53,174.62,205.88,64.71,57.0,98.69,15.32,50.26,215.96,10.13,39.32,18.58,19.02,17.84,97.51,28.72,26.35,88.29,11.63,28.09,51.6,35.15,24.8,24.3,11.13,38.05,46.58,37.52,35.61,12.13,23.25
92.1,66.43,92.81,77.85,82.52,16.92,26.02,68.15,51.64,12.66,66.52,7.54,22.29,23.92,169.57,44.69,66.92,9.6,31.53,71.18,68.77,172.6,206.34,68.2,57.28,97.93,15.3,49.71,216.31,9.96,39.35,18.92,18.57,17.75,99.16,28.58,26.26,90.69,11.71,27.92,53.02,35.32,25.07,23.94,10.84,37.36,47.5,38.56,36.24,12.32,23.72
92.22,68.04,94.23,78.53,80.86,16.22,26.41,67.24,51.54,12.69,64.27,7.44,22.12,23.64,168.93,45.37,67.23,9.42,30.94,71.96,69.4,174.53,205.22,69.54,58.75,96.47,15.09,48.98,219.9,10.24,40.23,18.79,19.2,17.29,98.01,28.88,26.57,96.0,11.95,28.65,51.32,35.37,25.2,23.5,10.87,37.07,47.16,38.97,36.36,12.6,23.84
91.88,66.62,96.09,78.24,80.0,16.66,24.71,67.21,49.06,12.62,65.06,7.46,22.54,23.59,167.72,43.39,66.05,9.44,31.18,69.86,68.85,170.46,202.62,72.03,60.01,98.09,14.75,48.3,217.75,10.18,40.9,19.07,19.36,17.2,98.48,28.81,26.42,97.13,11.4,29.25,52.0,35.53,25.13,23.83,10.87,36.91,47.42,38.61,36.73,12.45,24.49
92.98,66.24,96.37,77.71,81.91,16.82,25.08,67.8,49.57,12.6,67.31,7.37,22.64,23.71,170.41,44.29,65.5,9.63,32.44,69.56,67.14,169.52,204.29,71.6,60.84,103.44,14.64,47.91,218.18,10.29,40.12,19.29,19.35,17.12,98.81,28.93,26.35,103.44,11.62,30.77,54.15,36.73,25.29,23.99,10.83,39.6,48.14,39.43,36.9,12.26,24.06
92.27,64.74,97.23,77.14,83.12,17.45,24.82,67.98,50.16,12.64,66.34,7.31,22.63,23.3,168.26,43.0,65.88,9.71,31.03,71.33,67.34,166.36,192.22,72.33,61.43,103.63,14.83,46.7,209.97,10.44,39.29,19.36,19.3,17.32,99.43,28.33,26.58,103.89,11.71,29.34,51.49,36.55,24.84,23.79,10.63,38.22,48.26,40.05,35.83,12.14,23.43
91.81,64.05,97.63,76.7,82.45,16.68,24.5,67.92,50.74,12.47,65.63,7.23,22.45,23.52,168.28,43.74,64.94,9.87,31.57,68.77,66.8,169.43,194.0,72.17,60.14,109.58,14.62,47.62,210.74,10.49,40.53,19.6,18.93,17.12,99.86,28.59,26.48,100.47,11.69,29.34,49.3,36.54,24.57,23.62,10.48,36.13,48.04,39.06,35.24,11.89,22.9
93.13,65.83,99.18,79.99,82.37,17.0,25.06,67.01,52.48,12.54,66.82,7.21,22.29,24.2,169.26,43.69,64.82,9.93,32.4,67.92,66.05,177.09,198.79,71.54,61.56,115.14,14.43,49.1,217.56,10.42,40.31,19.75,18.86,16.95,102.0,29.13,26.26,108.37,11.23,28.1,53.88,37.12,25.08,23.65,10.88,36.29,48.98,38.34,34.73,11.86,22.5
92.49,64.12,101.05,79.45,84.32,17.23,26.0,67.44,50.36,12.24,64.84,7.04,22.44,23.3,169.3,43.08,65.3,10.06,31.36,67.95,65.91,165.82,195.84,73.0,62.07,115.89,14.68,48.17,211.95,10.43,40.03,19.17,18.5,17.14,101.46,29.03,26.31,104.5,11.2,28.24,52.52,37.26,25.22,23.17,10.72,36.49,47.98,39.09,34.68,11.94,23.35
92.69,63.79,100.79,79.58,84.28,16.95,25.93,67.86,50.85,12.02,64.11,7.12,22.09,23.57,168.06,43.52,63.33,10.22,31.5,67.71,64.63,169.54,198.88,72.73,64.34,118.73,14.89,47.03,209.78,10.9,40.11,18.78,18.37,16.7,101.31,30.49,26.17,111.13,11.45,28.7,50.74,37.3,25.42,23.35,10.63,36.24,47.29,38.15,34.78,11.85,23.04
91.41,61.36,99.46,78.83,82.15,15.77,25.44,67.16,51.44,11.87,63.78,7.0,21.64,22.78,166.46,43.94,62.64,10.27,30.08,62.72,62.22,168.16,200.58,73.0,62.51,118.46,14.43,46.35,201.74,10.76,41.79,18.27,18.42,16.72,98.25,31.38,26.05,112.06,11.62,27.06,49.54,36.68,25.01,22.94,10.72,37.19,46.22,37.25,34.49,11.39,22.15
91.16,61.05,97.98,79.91,83.76,15.58,26.24,66.92,51.45,11.94,61.1,7.06,22.02,23.54,166.34,41.97,64.98,10.26,30.25,64.29,61.98,153.53,197.74,72.54,63.55,120.56,14.45,46.66,198.9,10.9,45.0,17.93,17.85,17.31,97.63,30.43,26.2,114.26,11.54,26.78,48.61,36.19,25.23,22.53,10.91,37.43,46.0,36.28,34.57,10.95,22.13
89.84,60.42,96.88,78.07,81.84,15.77,27.05,66.5,48.83,11.8,57.64,6.97,21.03,22.71,162.42,41.36,64.14,10.1,29.47,60.63,59.51,155.21,197.24,72.16,64.31,118.25,14.02,45.88,202.06,10.54,47.19,17.67,17.31,17.1,95.88,30.59,26.11,114.04,11.22,26.05,46.28,35.29,24.9,22.41,10.6,37.78,45.24,35.11,33.21,10.38,21.44
89.29,59.65,94.59,77.83,82.45,15.82,27.42,65.41,47.48,11.66,57.38,6.97,21.37,22.29,162.08,42.46,63.06,9.95,30.78,58.54,60.15,152.62,194.21,71.46,64.78,119.31,13.68,44.78,204.45,10.71,49.55,17.19,16.49,16.93,92.73,30.91,25.55,113.68,11.1,25.31,46.12,35.21,24.82,21.55,10.43,38.19,44.38,35.42,32.86,10.27,20.88
88.67,58.85,96.79,76.55,80.18,16.02,26.41,64.35,47.5,11.33,55.67,6.95,21.51,22.16,161.26,42.15,62.53,9.99,31.31,56.8,59.77,150.18,191.05,71.85,66.01,119.09,13.36,43.78,200.35,10.64,49.77,16.69,16.45,16.99,92.34,31.1,25.18,118.09,11.55,25.09,46.84,35.66,24.73,21.08,10.12,37.92,44.51,34.31,32.7,10.27,20.67
88.81,58.04,97.46,78.26,80.79,16.35,26.48,63.9,45.63,11.24,57.44,6.96,21.61,22.29,165.49,42.12,60.79,9.89,30.91,57.91,62.49,152.59,191.23,73.7,66.4,120.89,13.5,42.67,196.32,10.11,48.4,16.68,16.1,16.94,93.05,31.85,25.43,117.95,11.24,24.51,46.72,35.57,25.1,21.13,10.06,38.21,44.17,34.79,33.18,10.32,20.73
89.12,58.58,98.94,78.73,82.59,16.69,26.08,64.31,45.18,11.19,57.58,7.11,21.53,22.35,168.66,42.84,61.72,10.17,30.69,57.65,62.32,149.35,187.94,73.8,67.08,123.22,13.2,43.04,200.22,10.09,49.93,16.77,16.39,17.17,94.8,30.49,25.8,114.31,11.19,24.48,47.71,35.77,25.5,21.18,10.14,37.83,43.59,35.33,32.94,10.38,21.61
89.94,58.7,98.59,79.3,82.85,16.61,27.14,63.57,45.19,11.3,58.85,7.35,21.83,22.38,172.21,42.93,63.0,10.39,28.7,59.49,63.56,135.23,190.93,75.37,68.12,126.39,12.92,43.66,198.76,10.28,49.94,16.64,16.59,17.35,98.15,30.12,26.0,122.65,11.32,25.46,49.35,35.26,26.06,21.64,10.28,39.13,43.57,36.31,33.49,10.06,22.24
88.37,56.83,96.19,78.77,81.88,15.66,26.26,62.63,42.79,11.22,59.24,7.23,22.11,21.73,170.69,42.98,62.12,10.43,29.52,60.33,61.92,132.93,179.89,76.39,67.67,124.21,12.79,42.53,192.96,10.02,47.12,16.32,16.24,16.56,98.51,28.25,25.95,120.67,11.25,25.3,48.91,35.0,26.18,21.03,10.14,38.35,42.88,35.43,33.19,9.8,21.6
88.68,57.22,97.6,78.97,81.56,15.95,25.76,63.86,42.86,11.17,61.0,6.98,21.88,21.43,171.23,44.3,60.94,10.54,28.91,60.23,62.43,137.3,181.56,77.12,69.32,125.82,12.41,42.72,192.83,9.82,50.31,16.02,16.23,17.31,100.95,29.44,25.95,117.85,11.49,24.79,49.49,35.03,25.95,21.12,10.12,38.42,42.57,34.74,33.0,9.48,21.39
90.26,57.32,102.68,81.27,82.49,16.26,27.68,64.35,44.39,11.22,61.33,6.93,21.02,21.13,176.58,44.63,62.37,10.99,28.05,59.6,63.33,151.45,182.5,76.3,69.23,129.35,12.15,43.33,192.44,9.73,51.02,16.49,16.28,17.59,101.89,29.03,26.34,121.73,12.26,24.64,51.17,35.64,26.07,21.39,10.05,40.07,43.59,34.54,33.83,9.46,21.25
90.08,56.7,101.96,80.66,81.8,16.02,28.58,64.59,43.45,11.0,59.6,6.96,20.8,21.34,178.29,43.54,58.54,11.07,27.91,60.09,63.17,158.66,183.63,77.09,68.74,130.63,11.86,42.96,192.39,9.74,50.9,16.4,15.86,17.39,99.75,29.46,26.6,121.82,12.7,24.5,50.32,35.35,25.91,21.39,10.17,39.29,43.27,34.68,34.86,9.45,20.45
90.1,56.46,100.3,81.8,80.95,16.0,29.52,65.89,43.89,11.05,60.33,6.88,20.15,21.23,176.17,44.64,57.62,10.91,27.41,57.61,61.87,160.63,175.04,77.4,67.21,133.78,11.86,41.81,193.57,9.65,49.67,16.42,15.78,17.44,100.79,30.89,27.32,125.89,12.52,25.58,50.6,35.27,25.61,21.39,10.11,38.29,42.95,34.83,34.65,9.39,20.53
88.29,54.38,99.25,80.8,79.67,15.88,29.55,64.08,44.75,10.73,57.93,6.97,19.99,20.57,169.42,45.65,56.48,10.59,26.69,56.45,58.55,158.1,170.44,76.29,64.98,129.26,11.88,39.97,189.55,9.8,47.63,16.37,15.93,16.71,101.68,29.51,27.03,121.12,12.31,24.08,49.43,35.01,25.41,21.43,10.21,37.24,42.49,32.35,34.2,9.44,20.04
89.0,54.12,98.68,81.11,79.78,15.8,30.26,65.62,45.64,10.86,58.99,6.9,20.37,20.72,172.45,46.71,58.43,10.73,28.09,57.61,59.41,165.0,166.97,72.9,66.42,130.28,12.03,41.12,189.3,9.69,46.51,16.21,15.82,16.83,102.88,29.76,26.96,117.55,11.88,24.96,51.05,34.85,25.55,21.46,10.15,37.43,42.43,32.76,34.52,9.35,19.32
88.01,54.08,99.48,80.64,78.64,16.21,29.83,64.69,44.31,10.72,57.95,6.83,19.74,19.89,171.47,47.79,59.08,10.9,26.9,57.29,57.99,164.29,170.24,72.09,63.3,119.09,11.94,39.54,191.2,9.64,46.76,16.25,15.68,16.7,105.04,29.21,26.53,114.52,11.92,25.49,47.7,34.4,25.37,21.13,10.35,37.72,42.45,32.28,34.57,9.49,19.77
88.47,52.81,97.4,82.29,76.83,15.62,28.85,64.43,44.7,10.85,56.94,6.77,19.75,19.75,169.41,48.23,60.14,10.77,29.17,55.44,57.7,188.28,167.05,71.49,65.5,122.35,11.71,38.06,188.26,9.5,48.27,16.57,15.92,16.66,103.74,30.92,26.57,117.4,11.35,25.23,46.85,34.15,25.16,21.26,10.17,37.32,41.28,32.51,34.05,9.81,18.99
88.85,52.5,97.83,79.46,78.97,15.97,28.28,62.68,46.46,10.92,58.26,6.85,20.14,19.5,170.58,48.38,59.51,10.42,28.9,55.99,59.66,186.37,171.01,73.46,66.97,124.54,11.8,38.69,188.78,9.47,50.18,16.31,15.87,16.62,104.98,30.83,26.32,115.41,11.18,26.63,45.6,34.2,24.87,21.88,10.4,36.78,41.22,33.7,34.21,10.15,19.39
88.81,52.54,98.1,78.16,79.32,15.69,28.33,62.61,45.85,10.88,59.58,6.93,20.08,19.65,169.84,46.65,59.67,10.26,29.38,56.8,59.0,184.18,171.77,74.37,66.42,121.88,11.94,38.84,186.36,9.39,50.77,16.17,15.33,16.84,107.93,32.02,26.68,117.38,11.9,25.18,44.86,34.45,25.13,21.85,10.47,36.43,41.61,33.04,34.14,10.18,19.26
87.49,53.36,98.02,78.93,78.13,15.4,28.09,60.93,44.02,10.48,59.06,6.99,19.66,19.5,165.62,45.78,59.34,10.07,30.37,55.9,59.8,172.2,173.45,76.26,65.98,116.49,12.03,39.48,179.76,9.26,47.9,16.5,14.93,17.11,106.88,30.64,26.7,117.99,11.26,24.12,45.68,33.97,24.99,21.41,10.63,36.16,41.51,30.79,33.65,9.83,18.59
86.28,53.24,93.82,76.79,76.6,15.42,27.15,59.52,43.48,10.52,57.59,6.88,20.04,19.35,163.96,46.41,59.02,9.93,30.01,55.68,57.72,168.18,181.24,76.8,64.37,109.81,11.89,38.91,178.25,9.28,46.0,16.44,15.21,17.29,105.51,28.82,26.66,116.74,11.22,24.38,43.69,34.21,24.81,21.48,10.21,35.19,41.72,30.22,33.5,9.7,18.57
85.92,52.55,91.0,76.16,79.6,14.93,26.75,58.91,44.9,10.37,58.06,6.94,20.38,19.71,167.38,45.56,58.57,9.94,28.99,55.86,57.5,167.63,185.71,77.65,64.96,110.4,11.55,39.1,176.98,9.49,44.96,16.64,14.68,17.87,103.95,29.08,26.1,114.75,10.65,22.62,43.94,34.01,24.98,21.22,10.3,33.78,40.84,29.67,32.84,9.47,18.78
86.82,53.62,89.95,76.06,79.8,16.06,28.57,58.36,44.68,10.75,59.03,7.25,20.49,20.19,171.13,45.92,57.59,9.94,29.53,54.3,60.52,163.52,183.11,77.19,65.97,111.04,11.61,38.82,179.83,9.54,43.63,17.18,14.48,18.34,108.87,29.1,25.68,111.97,10.54,22.52,47.2,34.32,25.24,21.41,10.52,34.91,41.39,29.95,32.87,9.71,19.7
86.06,53.56,88.54,74.4,78.57,16.0,27.37,57.22,45.62,10.78,58.37,6.98,20.08,19.63,167.88,44.53,58.51,9.95,28.87,53.81,61.81,166.35,177.51,76.94,65.9,107.65,11.77,38.9,180.82,9.5,45.52,17.16,15.06,17.96,111.02,28.66,25.71,107.5,10.1,21.92,46.91,33.82,25.0,20.84,10.46,33.99,41.47,30.52,32.45,9.76,19.55
85.84,54.31,88.09,74.1,78.59,16.23,28.61,57.52,46.18,10.66,56.93,7.01,19.24,19.28,168.74,43.83,58.91,9.85,29.38,54.13,64.57,166.02,171.34,76.62,65.17,112.9,12.04,39.79,185.99,9.18,43.79,17.04,15.15,17.72,113.06,27.38,25.31,108.74,9.82,21.93,43.35,33.62,25.41,20.41,10.35,33.73,41.45,30.6,32.04,9.67,19.37
86.86,55.21,88.04,74.9,81.18,16.43,29.38,57.72,45.76,10.9,56.56,7.15,19.47,18.59,167.77,44.89,58.26,9.9,29.89,54.33,65.6,179.89,174.97,75.73,68.57,107.55,12.02,39.61,187.01,9.36,47.06,17.03,14.99,17.71,112.11,29.4,25.51,107.33,9.81,21.83,43.98,34.29,25.26,20.7,10.15,34.58,41.91,30.85,32.22,9.46,19.49
87.64,57.28,92.06,74.95,83.39,16.48,29.11,57.42,47.32,11.12,56.26,7.23,19.2,18.38,169.93,44.48,59.11,9.9,32.24,52.07,66.07,175.86,178.37,74.82,69.38,108.39,12.72,40.23,190.19,9.81,49.96,16.92,14.71,17.65,115.75,28.92,26.05,107.05,10.02,21.29,44.53,34.73,25.49,21.11,10.3,34.49,42.3,31.13,32.99,9.16,20.23
88.09,55.79,95.05,76.42,83.94,16.61,29.85,57.65,47.15,11.04,55.31,7.37,19.86,18.86,169.58,44.78,59.17,9.97,32.43,52.24,65.98,178.45,181.82,75.47,69.21,106.17,12.94,39.91,190.49,10.03,51.64,16.95,14.15,17.43,118.96,28.62,25.82,106.85,10.41,21.95,42.65,35.11,25.79,21.6,10.48,34.76,42.11,31.2,32.62,9.17,20.18
88.38,57.48,98.83,78.0,84.83,16.72,29.51,57.89,47.56,11.27,55.78,7.28,19.72,19.75,173.1,45.79,59.12,9.87,31.12,50.82,65.58,187.17,180.72,72.2,70.05,105.38,12.69,41.42,192.71,9.86,49.73,16.96,14.35,17.56,118.73,30.36,26.0,105.32,9.8,22.22,42.06,34.81,26.09,21.33,10.74,34.56,42.06,30.8,32.61,9.0,19.66
89.59,59.08,97.57,77.35,85.28,17.27,28.97,57.32,47.49,11.1,56.55,7.33,19.59,20.09,174.13,46.31,60.48,9.78,32.11,52.36,66.75,190.11,188.55,73.87,72.08,112.61,12.41,41.71,194.03,9.95,52.54,17.51,14.31,17.2,121.65,31.17,25.76,111.9,10.21,23.87,39.91,34.81,26.17,21.18,10.97,35.14,41.52,31.95,33.17,9.23,19.82
88.38,58.42,94.39,76.9,83.13,16.74,29.56,57.56,46.12,10.98,57.03,7.35,18.99,19.6,170.1,46.29,60.87,9.55,31.1,53.58,66.44,182.13,188.75,74.67,71.18,111.24,12.43,41.22,186.15,9.64,49.28,17.5,14.31,17.06,120.9,29.75,25.5,106.79,10.27,22.56,39.9,34.12,26.2,20.74,11.04,34.66,41.21,32.34,32.45,9.29,19.39
88.34,56.85,92.1,75.6,83.27,16.44,28.83,56.66,45.57,10.63,55.31,7.33,18.76,19.18,170.74,46.1,59.92,9.57,33.0,53.76,63.37,189.31,186.75,76.13,73.63,114.86,12.25,40.79,188.76,9.57,51.02,17.44,14.31,16.93,118.39,29.33,25.5,109.45,10.55,22.35,38.99,34.21,26.13,20.71,10.9,34.54,40.65,32.84,33.02,9.28,18.76
89.49,56.48,92.47,74.98,84.8,16.79,30.27,58.06,45.37,10.76,56.24,7.56,18.3,19.73,171.62,46.1,59.6,9.8,34.11,53.26,64.21,194.1,181.89,77.22,75.73,116.88,12.28,42.2,191.53,9.88,49.04,17.99,15.15,17.2,118.24,30.34,25.13,113.26,10.11,22.83,38.76,34.1,26.26,20.84,11.02,35.21,41.42,33.21,33.26,9.1,18.67
89.77,57.06,91.67,74.0,83.16,16.78,30.88,56.57,45.87,10.67,59.5,7.59,18.44,19.95,172.39,46.22,59.72,10.18,33.87,54.42,64.08,198.0,187.13,78.52,74.56,115.94,12.51,41.66,193.77,10.07,48.62,17.9,15.33,17.0,117.37,29.84,24.95,110.69,9.99,22.66,38.83,34.13,26.0,20.86,11.13,35.55,41.76,33.12,33.19,9.13,19.18
87.82,57.34,90.02,71.72,79.19,16.44,30.54,54.86,44.84,10.77,58.78,7.52,17.68,19.12,171.47,45.4,57.76,10.1,34.53,52.33,64.47,181.21,183.9,77.75,73.47,117.05,12.32,39.76,189.9,9.53,48.09,17.83,15.28,16.07,116.86,28.37,24.66,98.88,9.69,23.03,40.24,34.06,25.82,20.95,11.11,36.38,41.41,31.81,32.73,8.61,19.11
87.62,56.67,89.18,71.59,80.6,16.2,30.83,54.57,43.95,10.84,58.06,7.45,18.25,19.1,173.55,45.99,58.52,10.24,34.27,54.46,63.19,176.11,183.7,78.84,72.45,112.95,12.55,40.94,186.24,9.53,45.32,17.81,15.01,16.15,115.44,26.91,25.11,98.49,9.56,22.96,41.25,34.8,25.84,20.65,11.11,35.25,41.94,32.68,33.34,8.76,19.19
86.66,57.63,87.92,71.66,81.11,16.66,30.62,54.18,43.61,10.54,56.47,7.4,17.42,19.45,175.54,46.2,57.67,9.96,33.39,50.88,63.84,172.27,178.69,78.59,70.97,108.65,12.11,41.74,184.04,9.74,44.0,17.63,14.87,16.42,115.6,27.65,25.22,100.05,9.76,21.72,39.08,34.52,25.72,20.48,11.16,33.8,42.0,31.73,32.67,8.76,18.37
87.02,58.86,89.81,72.29,80.85,16.23,31.79,54.62,44.88,10.81,55.92,7.31,17.3,19.75,182.69,46.87,56.81,9.78,33.28,49.38,65.26,178.7,173.81,78.79,70.37,108.97,11.94,41.34,188.39,9.59,42.49,17.83,14.5,16.53,116.19,27.5,25.52,100.11,9.6,22.4,38.35,35.26,25.95,20.7,11.16,33.98,41.56,31.74,32.75,8.86,18.38
86.41,57.8,90.63,72.59,79.13,16.83,32.37,53.95,44.64,10.55,54.89,7.41,16.35,20.18,181.83,46.76,55.24,9.5,33.8,47.14,64.65,188.42,174.33,76.94,67.32,107.35,11.65,40.14,182.68,9.6,41.89,17.83,13.99,16.48,112.09,27.25,25.14,99.0,9.86,21.68,38.45,34.79,25.8,20.49,11.37,33.9,41.41,31.37,32.07,8.46,18.01
85.09,58.44,89.52,73.26,76.0,16.46,31.94,53.63,44.44,10.67,54.82,7.49,16.12,19.86,181.08,47.77,53.85,9.19,32.79,45.49,65.54,180.03,177.29,76.17,64.62,106.03,11.65,38.8,176.57,9.33,38.87,17.53,13.89,16.85,110.73,26.52,25.35,95.45,9.31,20.96,39.87,34.3,25.34,20.75,11.16,34.11,40.73,30.85,31.97,8.2,17.31
84.85,60.13,88.97,74.82,75.23,16.72,32.67,53.61,44.78,11.0,54.6,7.49,16.06,19.34,180.29,48.85,53.27,8.95,31.38,45.52,66.12,170.85,174.68,76.77,64.54,102.05,11.55,40.05,174.35,9.53,38.19,17.62,14.54,17.12,113.31,25.26,25.91,88.79,9.28,21.8,40.38,33.9,25.5,20.61,11.14,33.73,40.78,32.53,32.28,8.41,17.11
85.6,61.91,86.92,75.48,75.79,17.59,32.11,54.62,45.34,11.24,54.63,7.35,16.33,20.15,181.34,49.44,53.26,9.12,31.19,47.08,67.29,166.58,177.48,78.8,63.87,103.9,11.53,41.44,179.03,9.82,38.8,18.21,14.93,17.29,112.28,24.92,25.79,87.51,9.5,22.83,41.05,34.12,25.51,20.88,11.19,34.47,40.97,34.51,32.51,8.52,17.65
86.31,62.52,86.26,77.33,79.75,18.25,32.28,55.92,46.35,11.44,55.61,7.31,16.66,20.12,180.52,49.95,53.46,9.13,31.01,46.64,68.57,166.25,176.42,80.39,62.14,103.7,11.65,41.94,179.25,9.7,39.85,18.44,15.13,17.5,113.61,24.27,25.93,87.01,9.56,23.77,41.4,34.5,25.75,21.72,11.16,34.94,41.89,35.03,33.17,8.67,17.58
87.14,62.3,87.59,77.29,81.38,19.29,32.4,56.58,46.34,11.76,58.28,7.12,16.54,19.35,178.41,50.44,55.13,9.57,29.97,48.03,65.17,163.69,178.36,81.61,61.11,101.88,12.19,41.86,181.18,9.94,42.3,18.4,15.08,17.76,116.24,25.1,26.0,88.82,9.87,23.87,42.24,34.8,25.99,22.16,11.26,34.99,41.43,36.29,33.52,9.0,17.93
87.12,62.08,86.62,76.63,80.87,18.81,31.49,56.35,44.79,11.83,57.09,7.2,17.2,18.78,177.19,47.67,55.8,9.6,29.86,47.14,65.96,164.0,175.57,81.48,63.63,106.25,12.42,41.49,177.98,10.07,40.9,18.59,15.03,17.96,117.39,26.1,25.64,89.86,10.02,24.99,40.23,34.95,25.95,22.63,11.14,35.54,41.16,36.83,34.27,9.14,17.83
88.0,61.94,87.83,78.19,82.19,19.61,32.63,57.1,46.92,12.05,59.66,7.6,17.22,19.34,180.8,49.67,55.82,9.47,29.93,48.35,69.23,162.38,175.68,84.05,63.43,101.34,12.21,42.68,184.77,10.05,39.98,18.64,14.53,18.02,118.53,27.18,25.96,91.83,10.32,24.66,40.14,35.47,26.41,22.49,10.92,36.41,41.75,36.89,33.66,9.04,18.53
87.95,62.27,87.9,79.03,80.13,19.16,34.17,57.46,47.69,12.47,59.65,7.49,16.94,19.41,180.22,50.1,58.38,9.4,30.95,48.26,70.36,154.72,179.05,83.44,61.51,99.11,12.4,42.8,191.72,10.12,38.61,19.2,14.48,18.08,117.6,27.08,26.35,85.96,10.34,23.41,41.76,35.09,26.74,22.7,11.09,35.87,41.83,35.52,34.01,8.92,18.11
88.19,62.43,88.49,78.25,80.39,18.82,35.4,56.98,46.57,12.53,59.49,7.47,17.26,19.56,178.4,50.08,58.29,9.38,31.23,49.63,70.2,149.61,178.81,84.96,59.9,101.31,12.43,42.75,193.51,10.32,39.85,19.39,14.17,18.37,117.2,27.1,25.98,91.22,10.3,24.86,41.44,35.05,26.91,22.91,10.97,35.49,41.7,35.78,33.46,8.84,18.21
87.76,62.22,89.5,77.53,82.51,18.66,34.07,55.61,46.3,12.36,60.54,7.51,17.46,19.56,177.77,49.21,58.2,9.28,32.55,50.22,71.12,149.42,172.14,84.12,60.96,98.67,12.55,41.11,187.03,10.13,40.11,19.4,13.91,18.81,114.73,25.57,26.06,95.3,9.73,24.33,41.13,34.8,26.96,22.79,11.03,35.0,41.34,35.92,33.5,8.76,18.18
86.51,62.21,89.7,76.09,83.96,18.16,33.0,55.27,46.57,11.95,58.46,7.49,17.19,19.62,176.04,48.16,56.81,9.37,31.53,48.97,70.29,141.42,168.97,84.96,61.23,95.6,12.13,40.13,175.87,9.84,39.7,19.58,13.84,18.51,115.01,26.62,26.36,96.78,9.61,23.63,40.14,34.37,26.68,22.07,10.87,34.24,40.6,35.2,34.27,8.78,17.81
87.66,61.6,89.57,77.5,86.18,18.55,33.83,56.11,47.38,12.13,58.78,7.59,17.25,20.1,177.98,49.44,58.1,9.45,31.13,49.55,68.75,142.63,172.14,88.79,63.56,93.99,12.27,41.32,178.5,9.87,40.18,19.59,14.08,19.03,115.27,28.0,26.69,101.57,9.66,23.87,39.44,34.88,26.96,22.79,10.93,34.67,41.09,34.61,34.18,8.38,17.85
87.24,62.1,91.94,76.54,84.0,19.06,33.22,56.91,47.42,12.27,58.18,7.57,17.34,21.32,178.51,48.82,60.33,9.56,30.77,49.32,67.51,133.14,174.7,87.1,61.43,92.91,11.98,42.21,177.59,9.87,40.67,19.54,14.02,18.29,113.65,27.44,26.47,97.98,9.82,22.76,40.13,34.86,27.31,22.9,11.21,34.38,41.06,35.33,33.73,8.44,17.57
86.1,62.87,94.53,76.56,81.3,18.09,32.38,55.67,47.79,12.48,56.44,7.48,17.38,21.1,171.37,48.29,60.52,9.55,28.53,46.64,67.27,139.31,173.35,87.57,58.63,94.55,11.81,41.9,173.75,9.95,37.98,19.25,14.13,18.38,111.12,26.07,26.23,95.39,9.54,21.77,39.98,34.35,26.97,22.77,11.11,34.03,41.13,35.9,33.15,8.28,16.8
86.13,62.7,93.28,76.43,80.47,18.41,31.52,54.03,49.31,12.26,55.72,7.61,16.94,22.16,171.74,47.76,61.07,9.53,30.27,46.53,68.06,148.78,173.49,86.12,59.56,94.34,11.65,42.8,178.48,9.69,38.08,19.21,13.57,18.37,111.72,26.01,25.21,94.36,9.7,21.46,37.52,34.52,27.36,23.0,11.08,34.69,40.96,35.69,33.04,8.41,16.62
87.14,64.09,92.67,76.88,80.51,18.93,31.3,53.95,47.88,12.46,55.3,7.49,16.72,21.42,178.79,48.75,62.67,9.5,30.85,46.18,69.0,158.79,172.59,87.54,60.24,95.91,11.65,43.65,179.98,9.95,39.02,19.36,13.66,18.32,113.51,26.44,25.16,96.61,10.18,22.43,37.58,35.04,27.25,23.12,11.24,35.33,41.16,36.32,33.87,8.5,16.73
86.62,62.84,93.86,77.0,79.86,18.51,30.22,54.43,48.34,12.31,54.75,7.4,16.85,21.08,181.59,47.75,59.89,9.43,29.54,46.58,70.43,164.1,174.74,87.92,59.25,92.15,11.95,43.64,179.78,10.0,37.46,19.79,13.62,18.38,113.84,25.84,24.82,95.44,10.28,22.51,36.3,34.93,26.92,23.74,10.84,35.32,40.58,37.03,32.97,8.42,16.72
86.03,63.34,95.77,75.74,81.55,18.83,30.36,52.83,47.55,12.52,55.61,7.19,16.61,21.61,177.54,47.36,58.98,9.28,29.8,45.89,72.2,162.02,175.87,88.92,57.51,88.23,11.61,43.27,184.66,9.91,35.95,19.64,13.24,18.31,109.46,25.91,24.1,91.94,10.44,23.03,35.4,34.35,26.54,23.93,11.04,34.63,40.89,36.55,33.17,8.31,16.78
85.75,63.77,98.02,75.62,80.69,18.62,29.26,51.21,48.02,12.57,55.42,7.13,16.3,21.81,177.07,46.84,59.1,9.23,30.16,46.77,74.35,157.42,176.54,91.01,57.2,89.79,11.37,42.66,185.64,9.75,35.98,19.93,13.52,18.26,110.85,24.61,24.57,92.97,10.15,22.82,35.33,33.91,26.78,24.16,10.91,35.22,40.52,36.27,32.82,8.64,16.61
85.04,63.12,98.83,73.52,78.23,18.02,29.16,50.18,46.95,12.49,56.66,7.0,16.66,21.67,176.91,45.51,58.07,9.18,30.2,47.11,70.16,153.48,178.4,91.41,56.92,87.83,11.44,42.67,180.7,9.58,36.49,19.97,13.34,17.69,110.17,25.52,24.57,94.98,9.86,23.58,34.23,33.95,26.53,24.11,10.77,34.29,40.23,34.61,32.73,8.63,16.97
84.08,63.09,96.96,71.7,76.08,17.44,28.32,49.69,46.2,12.56,55.42,6.8,16.49,21.79,172.84,45.25,56.84,9.01,29.74,46.01,67.99,145.87,176.51,90.73,55.98,84.56,11.31,41.61,181.35,9.49,36.01,20.73,12.91,17.6,109.16,25.7,24.7,93.47,9.41,23.98,35.29,33.61,26.65,24.46,10.78,34.7,40.06,34.88,33.16,8.67,16.9
84.21,61.8,95.34,70.94,75.36,17.32,28.42,48.83,46.78,12.32,54.17,6.6,16.29,21.99,171.24,45.09,57.2,8.9,30.82,46.49,69.29,150.71,176.42,93.41,57.9,85.07,11.3,41.98,174.41,9.79,37.53,20.91,12.83,17.29,105.32,25.42,24.71,95.25,9.38,24.4,34.15,34.13,26.05,24.04,10.81,34.88,39.45,36.33,33.07,8.79,16.84
84.1,60.82,94.3,71.83,77.75,16.7,27.61,48.54,46.23,12.19,52.44,6.64,16.69,22.55,167.62,46.58,56.94,8.73,30.86,46.6,68.09,152.6,177.62,91.38,56.7,87.7,11.27,42.58,170.63,10.14,37.41,21.55,12.64,17.31,104.99,25.33,24.84,92.71,9.69,24.64,33.46,34.48,26.11,23.71,10.74,35.31,39.24,36.62,33.47,9.16,17.01
84.54,61.64,93.89,72.44,78.38,17.11,28.63,49.18,46.12,12.25,53.9,6.78,16.58,23.17,166.51,47.96,59.21,8.72,30.32,44.64,69.45,153.69,171.0,91.43,55.56,89.98,11.0,42.26,172.52,10.08,36.53,21.18,12.63,17.37,108.23,25.0,25.04,90.17,9.78,25.52,34.66,34.16,26.67,24.26,10.89,36.33,40.03,35.54,33.26,9.06,16.86
84.36,59.96,92.7,71.2,77.18,17.16,28.24,48.14,46.6,12.01,52.77,6.82,16.7,22.32,165.72,47.75,58.65,8.9,30.53,43.25,66.32,160.1,173.54,90.95,56.43,89.21,10.76,42.03,174.23,9.92,37.67,21.43,12.48,17.47,105.08,25.42,24.58,95.52,9.46,25.51,34.87,33.77,26.78,24.14,10.75,35.19,40.15,35.19,33.36,8.89,16.67
84.08,60.48,93.54,71.21,76.94,16.88,28.77,47.07,46.42,11.92,52.92,6.72,16.38,21.89,164.28,46.0,58.29,8.7,31.02,43.06,65.77,160.72,178.64,88.28,56.98,89.03,10.75,40.85,167.09,10.02,37.54,21.69,12.55,17.2,102.82,25.78,24.69,97.61,9.22,23.75,35.81,33.77,26.88,24.09,10.66,34.4,39.42,34.69,33.27,8.9,17.03
82.79,60.75,91.1,70.96,75.33,16.79,28.09,46.54,45.69,11.94,53.24,6.59,16.59,21.89,163.81,45.14,58.07,8.3,30.29,40.87,64.48,156.05,176.1,88.31,54.87,88.04,10.4,39.54,169.16,9.91,38.16,20.89,12.35,16.93,101.49,25.91,24.12,95.53,9.1,23.75,35.94,33.6,26.04,23.29,10.62,34.76,38.87,33.28,33.81,8.61,17.2
83.92,61.19,93.98,72.26,74.35,16.59,28.87,46.62,46.91,12.36,52.75,6.68,16.9,22.11,169.07,46.13,58.94,8.24,30.41,42.92,64.47,159.1,173.22,91.3,57.01,90.04,10.6,39.68,171.51,9.87,38.46,20.91,12.38,17.27,104.22,26.0,24.61,98.19,9.02,24.96,37.43,33.78,26.58,23.53,10.98,34.85,39.3,31.92,34.5,8.59,17.82
85.09,60.62,93.75,73.14,75.34,17.15,30.3,47.16,46.78,12.56,52.25,6.91,16.28,22.17,168.18,45.15,59.33,8.43,31.84,44.18,65.56,166.15,174.01,93.9,56.96,91.17,10.29,39.93,174.53,10.05,40.06,21.35,12.61,17.54,106.92,26.16,24.79,99.15,9.29,25.57,37.27,34.42,26.66,23.91,11.05,34.26,39.89,33.67,34.69,8.59,17.76
84.7,60.82,94.1,73.14,77.71,17.65,29.24,47.83,47.21,12.81,50.58,6.93,15.86,22.25,169.35,44.57,58.5,8.3,31.87,44.44,65.8,158.78,174.27,94.96,56.04,93.73,10.28,40.35,175.39,10.24,39.03,22.04,12.13,17.52,107.14,26.83,24.58,96.55,9.47,25.29,36.56,33.9,26.21,23.37,10.94,34.05,39.99,33.09,35.01,8.96,18.27
84.68,60.37,93.85,71.05,77.95,17.51,29.52,48.65,47.5,12.35,51.85,6.85,15.79,21.86,168.42,44.72,58.0,8.27,30.86,44.34,66.69,168.55,169.94,95.56,57.36,92.52,10.21,40.46,179.5,10.05,39.29,21.67,11.96,17.36,102.67,27.9,24.46,97.29,9.67,25.77,36.06,34.01,26.42,23.44,10.69,33.08,39.36,32.62,35.19,8.71,18.48
83.22,60.36,95.39,70.72,76.8,17.75,29.8,48.3,44.19,12.29,50.46,6.65,15.78,21.44,162.8,44.2,56.46,8.12,29.27,44.07,65.48,162.59,171.19,92.66,57.08,90.7,9.88,40.08,176.86,9.71,39.13,20.81,12.09,17.13,101.86,26.22,24.33,96.07,8.72,25.42,36.47,34.02,25.96,23.15,10.47,31.4,39.03,31.98,35.48,8.49,17.59
82.91,61.23,91.12,72.03,75.65,17.83,29.18,48.89,44.84,11.97,50.4,6.66,16.08,21.44,161.38,44.25,56.98,7.88,29.26,43.96,64.77,159.06,164.72,91.1,57.85,91.2,9.64,39.9,178.61,9.59,40.06,20.73,12.15,16.89,103.6,26.14,24.24,95.14,8.85,25.75,38.21,34.76,25.97,22.69,10.43,31.11,39.29,31.25,35.95,8.71,17.52
82.77,61.93,90.73,72.49,74.21,17.34,28.53,49.11,44.99,12.17,50.88,6.83,16.05,20.72,159.57,44.27,58.19,8.22,27.58,43.04,64.78,155.22,167.49,90.64,58.15,91.23,9.45,40.14,178.8,9.52,40.4,21.32,11.85,16.99,104.1,25.28,24.03,94.88,8.65,25.88,38.64,34.94,26.11,22.82,10.3,31.07,39.73,31.27,37.19,8.62,17.61
82.97,61.27,88.35,73.97,73.94,18.36,27.53,49.08,44.93,12.23,51.21,6.78,16.25,20.6,158.32,43.52,59.83,8.17,28.02,43.79,63.96,148.84,167.58,90.99,58.0,93.24,9.51,40.5,177.17,9.86,40.59,21.93,11.88,17.02,102.19,25.89,23.71,97.8,8.81,26.78,39.91,35.48,26.22,23.25,10.05,31.16,39.64,30.54,38.27,8.87,17.88
82.57,59.6,90.03,74.21,73.05,18.19,29.13,49.92,45.93,12.21,50.68,6.66,16.74,20.3,154.91,42.24,57.69,8.21,26.64,43.76,64.13,147.12,161.22,91.1,57.85,86.42,9.52,40.48,177.12,9.65,40.57,21.35,11.66,17.64,99.24,25.55,23.76,99.39,9.24,27.25,40.02,35.37,25.93,22.77,10.21,31.14,40.14,30.64,38.18,8.95,17.34
81.93,60.95,85.52,74.76,75.21,17.76,29.31,51.19,45.04,12.28,51.0,6.6,16.74,20.3,150.57,43.49,58.14,8.3,26.22,41.35,64.16,136.98,160.69,92.39,56.65,87.65,9.4,40.84,173.57,9.54,39.0,20.98,11.6,17.67,99.67,24.44,23.94,94.71,9.3,27.25,39.97,35.74,25.61,22.92,10.31,31.0,40.52,30.34,38.04,8.76,16.64
81.39,60.93,86.99,74.72,74.9,17.42,29.82,51.15,44.21,12.37,51.19,6.43,16.75,20.55,148.19,45.19,58.34,8.27,25.09,41.8,61.81,130.35,159.88,93.49,56.07,84.28,9.25,41.07,169.88,9.5,39.04,21.01,11.02,18.06,99.93,24.62,23.64,88.25,9.12,26.84,40.48,35.2,25.22,23.25,10.54,31.03,39.85,30.64,37.85,8.45,16.48
80.71,59.75,84.31,74.11,74.33,17.05,29.25,50.8,43.74,12.23,51.7,6.24,16.52,20.02,148.52,45.37,56.42,7.98,24.63,41.53,61.44,138.92,158.94,94.47,56.39,87.62,8.91,40.01,164.3,9.34,39.52,20.42,10.5,17.74,99.41,24.85,23.27,89.37,9.22,25.34,40.52,35.13,25.14,22.62,10.35,30.45,38.9,30.26,37.85,8.2,16.39
79.89,59.3,79.4,72.43,73.78,16.68,28.55,50.57,43.95,12.26,50.6,6.23,16.53,19.87,145.53,44.13,54.36,7.74,25.35,40.98,60.5,135.35,153.63,93.32,58.62,90.55,8.68,40.09,158.95,9.35,40.0,20.59,10.74,17.8,98.98,24.95,22.92,91.62,9.22,24.49,39.56,34.94,24.25,22.28,10.26,30.05,38.7,28.46,39.86,8.26,15.39
79.57,59.61,79.98,71.77,71.47,16.23,29.27,51.05,42.43,12.48,49.22,6.25,17.18,19.75,143.81,43.29,54.1,7.74,23.75,42.05,60.41,128.31,151.69,90.62,56.47,91.23,8.43,40.51,159.03,9.57,40.01,20.89,10.76,18.12,100.97,25.23,23.63,91.06,9.2,24.37,39.15,35.09,24.83,22.95,10.2,30.33,38.57,27.88,40.33,8.41,15.01
81.11,60.61,78.87,72.34,74.09,16.24,29.83,51.58,43.78,12.7,49.38,6.34,17.37,20.23,144.44,44.39,55.72,7.91,22.96,43.11,62.25,126.14,161.93,93.89,56.82,95.31,8.72,41.02,159.07,9.85,43.5,21.6,11.12,18.08,104.62,25.92,24.08,94.35,9.12,25.72,39.97,34.92,24.8,23.42,10.45,30.67,38.81,28.5,41.32,8.31,15.3
81.6,61.69,80.22,72.36,74.15,16.3,31.07,51.3,44.65,12.9,49.86,6.45,18.3,20.39,144.45,43.56,54.32,7.71,22.88,42.56,62.63,132.2,163.28,93.36,57.5,103.49,8.6,40.84,160.51,9.56,43.89,21.14,11.41,18.29,103.88,26.85,24.16,91.43,8.76,24.58,39.2,34.86,24.87,23.97,10.59,31.58,38.92,28.06,41.33,8.3,15.13
81.99,62.12,81.78,70.28,75.69,15.94,29.86,50.83,44.49,12.82,52.18,6.47,18.68,20.42,145.08,41.85,55.14,7.58,25.0,42.4,62.97,138.71,159.52,94.29,59.02,104.1,8.78,41.79,159.91,9.23,42.44,20.94,11.79,18.3,105.18,27.17,24.09,95.32,8.96,24.21,39.59,34.73,24.9,24.22,10.68,31.37,38.25,28.43,41.77,8.17,14.98
81.33,61.08,78.89,68.28,74.68,15.45,30.21,51.1,44.62,12.6,51.3,6.4,18.54,20.58,142.9,41.28,54.55,7.84,24.62,42.33,60.85,133.06,163.41,94.53,58.69,100.8,8.84,42.16,159.56,9.31,40.07,21.19,11.6,17.97,102.49,27.28,23.91,95.63,8.94,23.74,40.25,34.57,24.69,24.76,10.57,31.26,37.72,28.03,41.09,7.84,15.1
80.7,59.21,76.01,68.45,72.88,14.76,29.0,49.46,44.07,12.45,49.53,6.37,18.62,20.35,142.98,41.48,54.46,7.84,24.72,43.41,59.61,144.37,166.01,93.82,57.07,98.55,8.66,42.56,154.12,9.22,41.21,20.79,11.69,18.38,99.7,27.36,23.54,98.14,8.38,22.68,38.77,34.37,24.56,24.37,10.64,32.15,37.15,27.44,41.45,7.55,15.06
81.08,60.1,75.87,68.96,73.12,15.09,30.3,48.82,45.38,12.57,51.02,6.55,18.65,20.46,145.55,41.04,52.38,7.73,24.86,44.18,59.79,140.41,164.73,93.0,58.57,98.6,8.63,44.06,154.16,9.2,41.31,20.6,11.23,18.31,99.59,28.12,23.65,102.44,8.59,22.44,38.77,34.57,24.52,23.9,10.64,32.57,37.04,27.72,41.5,7.63,15.18
81.92,60.78,76.2,68.78,73.48,15.0,31.5,48.79,45.7,12.94,51.41,6.39,19.44,20.45,146.95,41.35,52.7,7.86,25.67,45.1,60.39,141.27,174.65,95.64,58.34,97.56,8.84,43.72,155.7,9.23,42.35,21.36,11.3,18.38,99.73,27.92,23.72,102.2,8.94,23.03,39.25,34.51,24.17,24.25,10.7,32.03,37.04,27.97,41.24,7.7,15.58
81.09,61.65,76.55,67.56,75.02,14.47,30.14,48.78,45.96,12.82,51.45,6.18,19.25,20.52,142.82,41.26,53.25,7.7,24.98,43.11,59.4,148.5,171.63,92.45,56.26,95.63,8.79,41.63,157.94,9.33,41.43,21.04,11.15,18.39,96.19,28.2,23.56,102.03,8.63,21.87,39.79,33.76,24.2,23.53,10.66,31.1,36.64,28.12,41.3,7.63,15.42
81.97,61.04,79.02,67.57,76.32,14.53,30.29,49.36,47.32,12.73,51.48,6.45,19.69,20.84,147.48,42.82,55.54,7.71,25.47,42.42,62.48,149.16,170.48,93.23,57.22,97.61,9.17,42.33,160.19,9.51,40.62,20.94,11.58,18.89,95.85,28.95,23.57,99.93,8.59,21.53,39.47,33.64,24.57,24.3,11.1,31.14,35.95,27.57,41.67,7.84,15.79
82.5,62.46,76.13,67.35,77.25,14.8,30.88,49.03,47.78,12.33,51.67,6.41,20.56,20.88,147.16,43.43,55.66,7.65,26.65,41.94,63.35,152.63,168.95,95.38,58.78,96.36,9.35,43.14,161.28,9.63,41.72,20.58,11.85,18.95,96.25,28.34,23.83,103.42,8.91,21.48,40.44,33.47,24.75,24.11,11.12,31.74,36.37,26.14,40.78,7.99,16.34
83.11,61.93,74.67,67.89,77.59,14.55,31.07,48.57,47.89,12.36,51.5,6.51,20.78,20.88,146.94,44.13,58.08,7.59,26.98,43.51,62.77,156.52,177.27,96.57,59.03,98.0,9.13,43.3,160.26,9.49,40.44,20.6,11.76,19.31,97.43,28.51,23.5,109.22,9.0,20.79,40.76,32.44,24.82,24.36,11.36,31.37,36.57,27.06,40.07,7.99,16.34
82.74,61.74,76.27,66.11,77.84,13.98,30.71,48.81,46.32,12.18,51.65,6.51,20.74,20.83,145.21,43.73,57.41,7.71,27.5,42.68,61.0,159.7,173.58,96.43,57.19,102.89,8.87,43.77,155.53,9.76,39.72,20.33,11.82,18.96,95.85,28.62,23.02,107.7,8.83,21.36,38.74,32.69,25.0,24.85,11.32,31.25,36.26,26.72,40.41,7.98,16.9
82.74,61.65,77.94,64.52,78.44,13.86,30.34,48.57,46.26,12.25,51.42,6.48,20.55,20.11,147.74,43.38,58.59,7.58,28.27,42.38,61.13,159.35,174.15,99.18,59.52,102.64,8.64,43.34,155.53,9.75,37.78,20.26,11.67,18.69,96.21,29.45,22.45,107.88,8.69,20.57,39.91,32.57,24.79,24.28,11.55,32.17,36.22,27.11,39.74,7.97,16.29
83.47,60.88,76.95,64.66,80.29,13.89,31.61,50.31,45.45,12.56,50.34,6.6,20.73,19.71,153.07,43.84,58.18,7.51,27.53,44.74,63.04,152.4,173.38,101.29,59.62,106.34,8.83,44.09,158.25,9.92,36.98,20.35,11.78,18.98,97.82,28.77,23.04,111.33,8.82,20.45,41.76,32.84,24.93,24.27,11.57,32.75,37.08,27.92,39.49,8.1,16.49
83.61,59.87,76.76,65.21,78.28,13.93,31.25,50.97,46.58,12.72,51.82,6.54,20.78,20.1,155.85,43.74,58.56,7.24,26.94,43.55,64.35,151.76,173.41,98.93,60.69,109.07,8.95,44.79,156.85,10.03,37.25,20.14,11.66,18.98,97.39,28.8,23.56,110.5,9.19,21.14,40.34,31.86,25.1,24.07,11.83,32.57,37.84,27.5,39.49,8.16,16.94
82.84,58.99,74.82,65.13,78.0,13.56,31.83,51.45,47.11,12.53,52.25,6.48,21.06,20.49,155.72,43.83,57.98,7.47,26.11,44.25,62.62,148.83,170.2,98.91,56.34,107.11,9.07,43.76,152.56,9.78,36.03,20.01,11.55,18.98,98.95,27.91,23.58,109.61,8.98,21.73,39.28,31.79,24.88,23.98,11.4,32.15,37.64,27.5,39.86,8.13,16.63
83.18,60.29,75.39,65.14,75.48,13.51,32.79,51.86,47.33,12.55,52.28,6.63,20.91,20.43,156.28,41.26,59.73,7.4,25.98,43.75,63.51,158.0,162.71,98.35,56.86,106.0,9.03,44.71,156.19,9.61,35.92,19.67,11.67,19.16,100.54,28.32,23.4,112.87,9.1,20.45,39.54,31.6,24.93,23.35,11.73,32.15,38.38,27.61,39.22,8.1,16.77
83.11,60.62,76.27,66.1,76.78,13.66,33.19,53.59,47.08,12.73,54.21,6.55,20.91,20.78,160.09,40.58,60.5,7.29,25.1,43.34,65.98,151.0,159.97,101.34,56.61,104.65,9.11,44.75,157.47,9.28,35.81,19.24,11.81,19.23,101.86,27.5,23.34,110.6,8.67,21.33,38.57,31.87,25.16,23.44,11.53,31.9,38.66,27.27,39.68,7.96,16.83
82.12,58.13,75.95,66.11,73.64,13.55,33.19,52.79,47.53,12.31,54.03,6.48,19.81,20.41,155.77,40.1,60.24,7.27,24.97,41.74,64.66,153.13,153.88,96.81,55.98,108.96,8.96,43.56,155.54,9.04,35.82,19.13,11.68,18.81,102.8,26.52,22.57,108.73,7.89,21.8,39.74,31.35,25.19,22.74,11.71,32.05,38.19,26.9,38.85,7.8,15.86
82.48,57.26,73.42,66.43,71.61,13.71,33.38,51.88,47.4,12.05,52.92,6.39,19.79,19.86,157.44,39.85,59.0,7.41,25.76,41.13,65.95,161.54,154.01,99.76,58.65,112.68,8.98,43.97,153.7,8.91,36.58,19.07,11.9,19.21,101.98,26.56,22.66,106.6,8.06,21.59,42.25,31.27,24.82,22.75,11.87,32.42,38.46,26.11,38.96,7.8,15.51
83.26,59.25,71.99,68.43,69.71,14.57,33.36,52.29,48.63,12.1,53.36,6.4,19.9,19.4,159.15,40.48,58.61,7.54,27.02,41.12,65.43,151.89,162.72,100.95,60.6,108.65,9.17,44.97,158.49,8.82,39.04,19.21,12.36,20.18,102.64,27.07,22.53,105.66,8.17,22.1,43.27,31.68,24.79,23.17,11.96,32.47,38.87,27.68,39.9,8.13,15.84
84.07,58.98,74.98,66.97,69.16,14.55,33.83,52.65,49.36,12.28,53.48,6.43,21.21,20.01,159.82,43.19,58.4,7.72,26.21,40.75,66.5,151.85,167.68,102.32,62.42,110.71,9.52,44.48,152.21,8.68,37.54,19.35,12.21,20.36,104.13,27.63,22.3,108.42,8.46,22.71,43.67,31.66,24.81,23.44,12.08,32.92,39.57,27.43,39.35,8.23,16.37
83.12,58.41,78.13,66.15,67.95,14.19,33.74,52.69,51.07,11.93,52.04,6.34,20.93,19.57,157.71,43.89,58.54,7.72,26.22,40.43,67.0,150.26,165.54,102.16,63.04,109.66,9.52,44.31,147.2,8.49,37.24,18.65,11.68,20.46,102.75,25.19,22.06,100.59,8.15,22.7,44.48,31.26,24.81,23.17,11.75,32.55,39.83,27.44,38.22,8.12,16.14
81.45,56.89,76.21,65.48,67.58,13.56,33.35,52.59,51.11,11.9,51.4,6.35,20.32,19.21,156.18,43.36,57.25,7.51,25.94,40.63,68.46,140.48,163.6,102.96,61.65,103.99,9.45,43.62,144.87,8.4,34.64,18.18,11.53,20.15,104.35,23.68,21.69,95.07,7.9,22.04,45.46,30.87,24.63,23.03,11.56,31.6,38.43,26.44,37.21,8.04,16.38
82.02,57.77,75.02,64.91,67.44,13.6,35.66,53.0,51.25,11.74,50.52,6.35,20.35,19.73,155.09,43.31,58.11,7.39,24.94,40.74,66.85,142.24,163.54,103.26,60.9,106.1,9.71,43.88,142.76,8.47,32.98,18.36,11.5,20.2,104.72,24.32,21.67,100.99,8.0,22.22,45.44,31.54,24.58,23.5,11.66,31.47,38.29,26.83,36.65,8.04,16.1
81.87,56.6,73.06,63.75,68.16,13.59,36.87,53.46,50.61,11.75,50.68,6.26,20.9,19.16,152.21,42.87,57.27,7.61,24.26,39.65,67.54,138.95,163.86,103.93,59.54,106.75,10.02,44.36,143.46,8.48,33.09,18.72,11.92,20.46,103.89,23.03,21.66,99.7,7.74,22.04,43.87,31.31,24.58,24.19,11.66,31.65,38.1,26.68,37.0,7.88,16.04
81.49,57.25,72.72,62.65,67.59,13.56,36.46,53.39,50.09,11.44,50.62,6.39,20.68,19.28,154.8,43.0,58.77,7.69,22.97,38.67,70.38,131.36,167.04,105.32,59.04,111.05,9.79,44.21,143.41,8.45,31.72,18.64,11.24,19.85,103.89,22.14,21.27,102.01,7.91,21.67,42.9,31.08,24.87,23.88,11.45,32.29,38.9,26.71,35.95,7.88,15.83
81.98,58.13,72.64,61.84,66.85,13.86,37.64,53.65,49.13,11.08,50.91,6.3,21.0,19.69,154.2,43.46,60.75,7.68,23.07,40.28,68.38,133.28,171.77,101.85,59.31,112.5,10.12,44.29,145.44,8.21,31.57,19.03,11.26,19.7,101.32,22.82,21.13,106.5,7.7,21.85,41.62,31.49,25.01,24.14,11.54,30.5,38.76,26.92,35.77,7.93,15.99
82.94,59.54,71.7,62.82,68.0,14.16,36.6,53.82,48.9,11.23,49.48,6.18,21.27,19.64,154.84,43.54,60.68,7.82,24.49,40.97,67.93,140.51,178.47,104.67,61.27,117.43,10.12,44.5,147.45,8.15,32.67,19.24,11.57,19.69,99.86,24.11,21.16,108.55,7.7,22.19,40.87,31.41,25.4,24.97,11.5,30.95,39.18,27.11,36.16,8.17,16.82
81.71,59.25,69.21,61.13,68.13,13.77,35.63,53.09,48.97,10.9,51.17,6.27,20.6,19.03,151.13,42.44,57.94,7.79,24.31,40.42,67.14,134.6,179.78,104.65,61.86,118.29,9.84,43.64,146.92,7.9,31.75,19.06,11.58,19.14,98.65,24.22,20.91,109.81,7.73,21.3,41.61,30.67,24.86,24.73,10.9,29.41,38.72,26.17,36.11,7.75,16.35
82.31,60.25,72.69,60.74,68.55,13.8,36.53,53.79,49.29,10.87,52.39,6.56,20.43,18.78,154.56,44.79,55.9,7.63,23.94,39.71,67.25,138.27,181.42,104.62,60.94,123.4,9.7,44.05,149.75,7.78,32.05,19.24,11.38,19.57,101.06,23.56,21.24,109.99,7.63,21.04,42.89,31.04,25.35,24.79,10.83,29.15,38.86,25.63,36.75,7.82,16.13
81.14,60.08,70.91,59.66,67.47,13.76,36.84,53.23,48.78,10.96,53.06,6.44,20.2,18.69,153.8,45.24,55.42,7.43,23.47,40.26,64.61,144.93,175.46,99.47,60.2,121.58,9.46,44.08,141.25,7.49,31.16,18.94,11.39,19.27,97.99,22.55,20.99,100.68,7.33,19.99,42.94,30.56,25.29,24.19,10.82,28.16,38.61,24.65,36.02,7.74,15.53
81.32,59.43,69.37,58.72,67.79,13.59,36.95,53.89,49.53,10.89,52.44,6.4,21.17,18.71,153.4,44.77,53.58,7.54,23.31,41.55,63.83,148.0,175.49,99.11,61.68,122.6,9.28,44.76,140.73,7.51,31.25,18.97,11.48,19.24,96.82,23.04,21.06,106.29,7.35,20.25,42.41,30.16,25.19,24.13,10.75,28.73,38.54,23.92,35.37,7.79,15.68
80.39,59.24,69.39,56.88,67.1,13.19,36.15,54.01,48.65,10.91,49.29,6.25,21.17,18.53,149.72,43.59,53.19,7.49,23.37,40.34,62.75,142.92,177.56,98.27,61.18,125.12,9.31,43.13,137.5,7.52,30.01,19.08,11.25,18.92,94.61,22.18,21.56,109.43,7.29,19.66,40.3,29.95,25.19,23.92,10.48,28.07,37.7,25.06,35.62,7.9,15.66
79.62,57.85,67.54,55.61,66.71,12.92,34.77,54.38,48.35,10.2,48.78,6.33,21.32,17.74,148.87,43.83,53.21,7.56,22.99,39.44,61.98,148.66,175.87,100.84,59.94,121.61,9.56,43.4,134.82,7.8,29.09,18.83,11.28,18.33,91.93,21.36,21.64,105.02,7.13,19.51,40.69,29.89,25.04,24.23,10.19,27.55,37.09,25.2,35.53,8.27,15.62
79.28,56.61,67.91,56.31,66.56,12.97,35.24,53.82,47.28,10.02,46.92,6.25,20.85,18.27,147.41,43.52,53.52,7.52,23.0,39.12,61.91,145.74,175.95,98.64,59.97,124.65,9.91,44.21,136.77,7.79,28.69,19.04,11.74,17.98,92.27,20.5,21.33,105.96,6.83,18.76,39.44,29.82,24.81,24.18,9.92,27.93,37.15,24.37,35.06,8.18,15.86
78.63,55.99,67.91,56.66,66.25,12.9,34.58,53.67,48.74,9.95,46.34,6.3,20.96,18.18,145.28,43.36,54.39,7.25,22.08,39.43,61.11,146.6,175.77,97.66,58.94,124.09,9.69,42.95,137.92,7.7,28.04,18.74,11.33,18.25,90.99,19.08,21.49,101.99,6.65,18.35,38.45,29.81,25.0,24.06,10.29,27.88,36.7,24.09,35.78,8.04,16.03
80.82,57.18,72.66,59.17,66.53,13.59,36.87,55.78,50.56,10.28,48.87,6.56,20.93,18.74,150.34,45.83,54.21,7.53,22.71,40.48,61.41,154.16,182.09,99.53,59.39,123.1,9.92,44.17,150.0,7.94,29.77,19.15,11.65,19.03,94.71,19.78,21.8,104.32,6.67,19.38,39.06,29.72,25.11,24.13,10.34,28.12,37.49,24.33,36.57,8.05,16.15
80.75,58.61,72.53,59.12,65.51,13.63,36.83,54.73,50.17,10.37,50.55,6.52,21.27,18.01,146.85,45.65,56.03,7.63,22.85,41.93,60.7,152.81,183.07,100.33,57.93,118.25,10.09,44.85,150.25,7.93,31.16,19.05,11.64,18.55,93.92,20.12,21.6,103.43,6.66,20.1,38.02,29.41,25.16,24.46,10.19,27.64,36.95,25.44,37.31,8.37,16.07
80.46,58.03,73.98,60.22,67.38,14.01,35.66,54.12,48.9,10.54,51.17,6.7,21.01,18.08,149.79,45.72,56.28,7.74,22.68,41.32,60.39,146.17,184.39,97.56,58.04,115.68,10.01,44.14,150.46,8.05,32.36,19.14,11.56,17.78,92.54,19.78,22.4,99.0,6.71,19.58,36.51,29.99,25.23,24.76,10.44,27.91,36.85,25.68,38.57,8.41,16.14
80.59,56.77,75.59,60.54,67.81,14.15,35.1,52.79,49.14,10.7,50.08,6.57,21.35,18.33,151.0,45.83,57.76,7.85,22.97,42.52,61.14,144.51,185.28,97.6,57.45,113.6,9.92,43.98,152.08,8.19,31.35,19.33,11.71,17.94,94.3,19.12,22.39,102.07,6.39,19.87,38.86,29.91,25.24,24.3,10.28,28.12,37.15,25.98,38.5,8.48,16.25
80.62,57.54,72.83,60.35,69.16,14.98,35.89,52.39,49.74,10.67,49.61,6.69,21.99,18.24,147.15,44.14,57.08,7.73,21.47,42.24,61.23,142.0,182.48,98.99,57.7,108.53,9.84,43.99,152.18,8.43,32.89,19.66,11.76,18.18,96.71,19.27,22.86,101.19,6.31,20.29,38.25,30.0,25.17,24.56,10.34,28.23,37.16,26.08,38.71,8.73,16.58
79.34,57.78,71.04,58.95,67.39,14.9,32.98,51.95,50.74,10.57,49.44,6.78,21.56,18.26,146.09,44.11,56.1,7.69,21.85,41.78,61.32,141.88,180.14,99.24,55.98,102.41,9.84,43.49,151.97,8.16,31.58,19.53,11.5,18.05,94.77,18.9,22.74,98.77,6.21,20.01,39.26,29.65,24.96,24.52,10.38,28.69,36.38,25.09,38.04,8.51,16.32
78.88,58.24,68.27,57.85,66.63,14.9,32.48,51.75,49.38,10.78,49.27,6.67,21.01,18.17,144.1,45.28,55.34,7.41,21.11,41.76,62.68,143.66,172.55,98.34,56.63,105.03,10.0,41.91,149.62,7.94,30.76,19.45,11.61,18.16,95.52,19.25,22.67,99.39,6.0,20.19,39.71,29.57,24.72,24.11,10.21,28.56,36.12,25.01,37.62,8.33,16.44
78.84,58.06,68.4,56.79,67.92,14.78,32.73,51.07,49.45,10.97,49.74,6.61,20.62,18.43,147.52,43.53,55.9,7.4,21.43,41.64,60.62,148.06,172.07,100.3,56.4,106.07,10.25,41.87,150.69,7.8,30.44,19.26,11.95,18.07,93.0,19.34,23.0,98.48,6.32,19.25,38.29,29.73,24.64,24.04,10.09,27.79,35.91,24.82,38.15,8.05,16.05
78.42,58.08,66.43,54.75,67.83,15.94,32.21,50.1,48.7,10.9,49.71,6.59,19.59,18.14,146.46,42.68,56.64,7.26,20.37,41.08,61.8,144.32,172.32,101.94,57.54,108.54,10.17,41.28,148.48,7.84,29.51,19.07,12.01,17.74,93.98,19.86,23.05,101.31,6.35,18.38,37.17,30.05,24.52,23.5,10.14,28.08,35.89,24.39,37.23,7.86,15.71
78.61,58.16,64.97,55.48,68.24,15.55,31.69,50.85,48.94,10.89,48.46,6.59,18.61,18.03,150.53,42.83,56.71,7.29,20.58,40.97,62.66,145.13,177.88,104.68,60.3,102.47,10.06,41.66,151.81,7.84,29.19,19.1,11.81,17.54,95.77,20.29,22.94,103.93,6.47,18.41,37.99,30.33,24.66,23.81,10.18,28.64,35.86,23.39,37.23,7.72,15.76
77.2,57.2,61.73,55.54,65.82,14.74,30.33,50.12,47.45,10.7,46.04,6.38,18.54,17.2,146.74,41.25,57.64,7.17,20.91,40.84,60.45,149.36,176.68,105.4,60.77,101.82,9.9,40.98,150.79,7.48,28.89,18.82,11.39,17.04,93.81,20.44,22.51,97.72,6.15,17.6,35.38,30.35,24.4,24.15,9.65,29.36,34.88,23.75,37.59,7.33,15.43
78.3,58.32,62.6,56.1,67.15,14.61,32.0,49.82,47.36,10.72,46.79,6.35,18.15,17.3,152.85,42.54,57.77,7.23,20.94,40.52,61.61,157.34,178.33,103.51,62.82,101.13,9.8,41.96,154.06,7.25,30.09,18.74,11.31,17.15,93.21,21.51,22.5,104.35,6.12,17.57,35.05,30.54,24.6,23.82,9.6,29.86,35.39,23.74,37.2,7.64,15.89
79.44,58.54,64.71,56.3,67.75,14.58,32.9,49.99,49.68,10.5,46.13,6.58,18.67,17.67,153.59,42.76,58.83,7.4,20.45,40.91,62.08,158.82,182.94,109.45,62.23,100.57,10.54,42.68,157.29,7.56,30.97,18.88,11.64,16.85,94.59,20.84,23.2,107.2,6.29,18.96,35.04,31.11,24.8,23.76,9.76,30.64,36.08,23.88,39.1,7.88,16.41
79.77,60.29,66.49,56.39,66.3,14.33,34.04,49.07,50.08,10.69,46.77,6.51,19.45,17.41,150.54,43.1,57.52,7.46,20.05,41.88,61.21,162.09,189.74,112.49,61.05,101.43,10.53,43.1,153.0,7.9,29.4,18.91,11.88,17.17,97.06,20.35,23.84,102.35,6.16,19.4,36.31,31.69,24.8,23.83,9.65,30.59,36.45,23.51,39.29,8.05,17.2
80.01,61.9,66.57,57.21,67.03,14.74,33.77,49.42,51.12,10.77,48.32,6.54,19.66,18.09,152.26,44.11,57.23,7.53,18.95,41.78,63.65,152.32,189.38,110.72,59.22,106.03,10.89,43.06,154.8,8.14,29.89,19.08,12.11,16.98,98.46,20.96,23.51,98.43,6.07,19.41,36.04,31.81,24.83,24.29,9.77,30.86,37.0,24.02,40.33,7.99,17.23
79.8,60.33,66.57,56.91,67.64,14.45,33.14,49.69,51.43,10.85,49.15,6.47,19.54,17.86,155.1,41.95,58.03,7.56,18.79,40.56,62.73,153.6,186.41,109.57,58.25,108.18,10.78,42.03,147.93,8.32,31.46,18.82,12.49,16.54,98.91,20.71,23.65,97.48,6.29,19.63,35.67,31.81,24.24,24.44,9.83,29.6,36.57,25.15,40.41,8.17,17.01
80.65,60.83,66.97,57.18,66.87,14.31,33.86,49.68,50.17,10.87,50.14,6.58,19.33,17.62,157.24,42.45,58.58,7.52,19.41,38.97,64.31,161.37,193.89,109.93,59.99,104.01,10.59,42.75,150.55,8.36,33.21,18.86,12.19,16.83,98.88,21.09,23.79,98.5,6.57,19.23,37.34,32.41,24.35,24.7,9.85,28.97,36.59,26.2,41.58,8.2,16.87
82.06,61.09,69.61,58.42,67.76,14.67,35.13,50.44,49.98,10.91,51.19,6.85,19.46,17.63,163.3,43.13,61.07,7.44,19.35,40.46,65.75,160.43,188.19,110.77,62.14,109.91,10.82,43.12,156.28,8.31,33.33,19.05,12.42,17.32,100.13,22.2,24.08,96.01,6.92,18.89,39.11,32.5,24.39,25.41,9.9,29.44,37.58,26.73,42.26,8.27,17.5
82.95,60.53,70.64,57.16,66.62,15.23,34.22,50.92,49.87,11.25,51.4,6.94,19.86,17.81,161.51,44.9,62.77,7.6,19.21,40.8,66.17,176.71,187.04,114.57,61.38,106.96,10.81,44.76,164.03,8.53,32.22,18.93,12.46,17.61,101.55,21.53,24.22,99.02,6.8,18.86,40.17,31.98,24.46,25.78,10.19,30.42,38.09,27.87,41.23,8.31,17.84
83.46,61.76,70.82,58.11,65.15,15.5,34.23,50.81,50.78,11.18,52.71,7.0,20.32,18.45,163.74,44.5,62.14,7.61,19.36,39.87,67.1,193.06,184.96,116.5,60.01,112.27,10.89,44.85,166.92,8.59,33.73,18.4,12.39,18.07,101.59,20.56,23.59,97.13,6.99,19.26,40.89,32.01,24.39,25.18,10.36,29.85,38.78,26.9,40.48,8.15,18.22
84.84,63.94,72.78,58.98,65.51,15.74,34.41,51.48,50.64,11.5,51.51,7.18,20.74,18.7,168.4,43.99,63.31,7.9,19.71,40.12,68.98,200.85,187.94,116.99,61.83,113.24,11.18,44.51,168.32,8.5,36.28,18.89,13.07,18.47,102.03,20.5,23.69,100.92,6.7,19.51,40.92,32.78,24.59,25.81,10.74,29.75,39.26,27.46,40.61,8.13,17.94
84.25,63.13,74.66,58.49,64.44,16.26,34.41,51.59,51.58,11.4,50.2,7.42,20.95,19.0,167.02,42.22,62.04,7.76,19.85,39.96,68.42,195.96,189.81,118.15,59.45,106.16,11.11,43.92,168.08,8.29,37.02,18.96,13.09,17.86,104.39,19.46,23.9,104.77,6.82,18.53,42.15,32.84,24.65,25.26,10.66,30.0,39.4,26.76,39.88,8.21,17.85
81.4,61.44,74.28,56.46,61.32,15.06,33.82,50.42,49.08,11.06,50.08,7.14,19.38,18.53,165.9,40.57,58.26,7.48,18.26,38.54,66.35,188.84,183.01,113.92,55.49,103.62,11.04,43.05,163.66,8.14,34.97,18.34,12.71,17.82,101.95,17.94,22.95,99.54,6.59,17.73,40.59,32.08,24.32,24.31,10.42,29.31,38.34,26.12,38.69,7.75,17.04
80.24,61.3,72.99,55.15,61.0,14.75,34.37,50.15,47.66,10.97,49.54,7.09,20.07,17.84,162.18,40.05,56.22,7.45,18.62,37.06,65.34,179.55,188.77,112.88,54.84,99.19,11.19,41.85,161.94,7.95,33.55,18.47,12.47,17.24,97.87,17.8,22.44,96.26,6.5,17.71,40.18,31.79,24.34,23.8,10.53,28.74,37.93,25.51,37.72,7.73,16.72
80.63,63.08,70.62,55.92,61.06,14.2,34.03,50.28,46.81,11.0,49.67,6.97,20.59,18.1,163.89,40.96,56.5,7.65,18.73,37.76,65.51,187.64,193.48,114.57,56.07,99.34,10.96,40.97,159.54,7.92,34.51,18.86,12.5,16.86,95.76,18.48,22.14,94.37,6.32,18.14,41.53,32.18,24.71,23.77,10.55,28.44,37.98,24.95,37.16,7.87,16.32
81.96,65.02,73.05,58.22,61.09,14.49,34.71,51.69,47.34,11.14,50.98,6.94,20.47,18.09,168.88,41.65,57.85,7.49,18.83,37.32,71.44,184.38,196.15,114.68,58.9,102.82,10.78,43.2,161.8,7.98,35.23,18.77,12.6,17.34,97.93,19.4,22.43,95.49,6.57,18.26,42.49,32.6,25.01,23.96,10.81,28.7,38.5,24.88,37.82,8.31,16.8
81.68,66.48,71.99,57.98,61.76,14.28,34.53,52.24,46.92,11.38,49.91,7.13,20.78,18.95,166.74,42.37,58.25,7.53,19.12,37.24,72.62,179.87,199.26,113.15,58.44,101.14,10.66,43.95,160.12,7.89,35.25,18.5,12.5,17.75,98.77,19.05,21.95,92.45,6.34,18.2,43.13,32.43,24.81,23.82,10.83,28.6,38.37,23.94,38.23,8.19,16.88
82.82,66.57,74.36,58.03,64.95,14.69,34.49,52.98,46.53,11.14,51.47,7.19,20.33,18.81,165.37,42.85,58.23,7.7,20.04,37.66,73.0,186.07,209.37,118.16,58.93,101.55,10.9,43.58,157.67,8.21,37.03,18.78,12.81,18.0,97.81,18.35,22.6,96.42,6.72,19.0,43.03,33.07,24.84,24.12,10.88,28.68,38.32,24.25,39.07,8.24,16.74
81.5,65.34,71.81,56.5,64.03,14.22,33.57,52.96,46.22,10.89,51.21,7.28,20.09,18.47,166.09,41.3,55.69,7.81,19.84,36.36,71.2,183.14,212.08,117.68,57.56,98.99,10.82,42.65,153.46,7.98,37.36,19.12,12.66,17.82,96.67,17.96,22.54,93.17,6.47,18.5,42.21,32.0,24.47,23.88,10.5,28.34,37.8,23.63,38.77,8.03,16.2
83.09,65.68,73.97,57.22,64.3,14.25,32.7,54.35,47.03,10.93,52.83,7.3,20.33,18.41,169.64,42.13,54.76,7.68,20.55,36.59,72.52,200.22,218.48,123.94,60.37,104.52,10.78,43.65,152.14,8.18,38.46,19.35,12.85,18.08,96.79,19.34,22.93,98.54,6.6,18.68,42.49,31.89,24.72,24.76,10.66,28.06,37.68,23.2,38.32,7.92,16.47
83.03,65.83,75.31,58.99,63.49,14.3,32.23,53.87,47.9,10.94,51.36,7.41,20.88,17.71,168.29,42.73,55.7,7.73,20.51,35.91,73.55,197.98,211.16,130.02,59.4,104.01,10.99,43.9,153.78,8.3,37.35,19.32,12.85,18.67,95.78,19.05,23.09,96.77,6.92,18.52,43.08,31.33,24.59,24.22,10.93,28.98,38.68,22.97,37.8,8.45,16.38
82.02,66.04,76.83,58.93,61.47,13.81,31.69,53.78,46.84,10.72,49.88,7.15,20.81,17.37,164.5,42.58,54.37,7.47,21.19,35.31,70.76,193.29,213.21,129.76,56.57,106.0,11.11,42.49,151.95,8.37,37.85,19.17,13.03,18.48,95.97,18.59,23.06,97.36,7.08,17.39,42.17,30.24,24.81,23.81,10.77,28.84,38.55,22.99,36.95,8.2,16.07
83.45,66.5,78.88,59.71,61.24,13.67,33.44,54.81,46.57,11.44,49.78,7.16,22.12,17.64,170.6,42.43,55.42,7.86,20.25,35.35,71.87,194.59,217.16,132.68,56.82,105.71,11.37,41.42,154.63,8.58,36.67,19.23,12.94,18.96,100.44,19.26,23.17,105.52,7.24,17.75,44.08,30.16,25.32,24.24,10.64,29.29,39.14,23.07,37.3,8.41,16.49
83.27,65.29,78.43,58.43,62.76,14.01,33.71,55.85,46.53,11.13,48.57,7.27,21.97,18.02,164.69,42.78,53.01,8.06,20.04,35.98,71.46,201.26,216.37,130.57,57.36,109.91,10.9,41.08,155.71,8.46,37.73,19.59,12.67,18.85,101.34,19.22,23.02,101.01,7.39,18.23,43.04,29.87,24.95,24.33,10.54,28.6,38.94,21.77,37.45,8.45,16.85
83.06,63.72,78.02,58.47,63.76,13.79,32.92,55.95,46.48,11.29,48.29,7.14,22.57,17.74,162.73,42.8,53.35,8.22,20.36,35.52,70.05,197.05,216.68,130.34,57.22,113.28,10.59,41.07,155.1,8.32,36.62,19.58,12.88,18.71,100.21,19.13,23.27,101.59,7.35,18.8,43.37,30.03,25.0,24.0,10.49,29.47,39.41,21.69,37.39,8.33,16.76
84.23,66.19,79.77,59.42,65.02,14.64,34.25,56.62,46.26,11.66,50.15,7.55,22.82,17.97,165.3,41.82,55.42,8.08,19.81,35.71,71.18,194.19,225.43,128.33,58.34,113.84,10.9,41.7,162.39,8.34,37.89,19.86,13.33,18.73,102.94,18.9,22.99,102.1,7.7,19.25,44.3,30.44,25.18,24.33,10.48,29.96,39.02,22.02,37.94,8.31,16.11
85.45,65.6,79.51,59.71,66.71,14.97,34.46,57.73,48.94,11.52,51.92,7.56,23.39,18.18,168.2,43.92,56.06,8.29,20.04,37.19,70.51,200.34,228.1,131.01,58.21,113.97,10.78,42.42,165.72,8.44,37.94,19.87,14.22,18.84,104.96,19.25,23.39,101.5,7.88,20.41,44.02,31.1,25.63,24.63,10.58,30.43,38.56,22.75,38.83,8.73,16.22
86.25,66.25,81.19,60.48,69.14,16.09,34.49,57.34,48.49,11.7,52.75,7.67,23.58,18.1,168.59,43.81,56.7,8.36,19.59,36.91,68.7,210.6,230.83,132.79,56.5,113.34,10.84,42.79,166.64,8.74,40.23,20.07,14.08,18.79,105.17,19.7,23.56,101.82,8.02,20.54,42.82,31.27,26.04,24.82,10.98,30.38,38.95,22.39,38.63,8.82,16.81
86.55,67.76,79.02,60.51,70.93,16.72,34.09,57.18,48.49,11.65,55.21,7.92,24.17,17.43,166.04,44.35,56.47,8.42,20.83,37.33,67.13,211.84,231.68,135.43,54.04,114.2,11.32,42.91,165.63,8.79,40.25,19.61,14.4,18.78,105.61,20.19,23.49,102.85,7.73,20.19,43.64,31.31,26.09,24.81,11.25,29.69,39.45,22.35,39.13,8.64,16.96
87.07,67.72,78.45,60.32,71.09,16.76,34.46,57.63,49.22,11.55,56.01,7.88,23.93,17.32,164.75,43.76,57.0,8.33,21.28,36.57,65.89,210.12,237.18,132.12,53.82,115.78,11.52,43.39,166.68,8.7,40.74,20.16,14.32,19.05,103.63,21.25,23.47,103.64,8.03,20.65,45.29,31.28,26.42,25.25,11.26,29.88,39.59,23.52,39.6,8.5,16.9
88.09,68.04,77.51,60.63,72.56,16.54,36.98,57.76,50.33,11.72,56.19,8.18,23.53,17.85,168.11,45.01,57.79,8.31,21.73,36.47,65.55,214.09,239.36,134.15,53.16,115.96,12.04,42.9,164.86,8.61,42.31,20.13,14.57,19.54,104.31,21.13,23.52,98.78,7.78,20.24,46.17,31.25,27.0,25.67,11.41,30.77,40.11,24.28,40.09,8.77,16.63
88.61,68.07,78.87,60.71,73.01,16.5,36.65,58.31,50.66,11.56,54.28,7.95,23.73,17.63,168.37,43.96,56.32,8.63,21.81,37.76,66.27,222.74,235.08,133.79,53.73,117.31,12.37,43.7,164.57,8.71,43.18,20.36,14.62,19.31,104.64,21.41,23.33,106.25,7.88,19.94,43.95,31.17,27.07,25.87,11.38,31.11,40.76,25.65,39.94,9.06,17.05
88.34,69.76,83.65,60.25,73.16,16.12,35.12,57.88,49.61,11.87,52.65,7.91,23.84,17.67,167.59,43.01,57.17,8.46,22.24,39.31,67.13,210.31,233.73,136.14,54.52,118.93,11.94,44.69,164.8,8.74,42.59,20.18,14.43,19.27,106.13,21.66,23.27,104.91,7.95,20.61,45.53,31.3,27.26,25.93,11.5,31.07,40.73,25.66,40.73,9.35,17.32
89.32,68.57,84.86,61.05,73.78,16.23,35.76,58.7,49.48,12.17,51.2,7.81,24.01,17.62,169.83,44.85,58.16,8.67,23.51,40.31,65.82,223.4,239.6,135.93,55.79,117.98,11.93,44.53,167.38,8.84,43.74,20.32,14.41,19.39,109.39,21.59,23.21,104.95,8.27,20.78,46.99,31.75,27.64,25.46,11.32,30.83,40.82,25.16,40.59,9.42,17.56
87.92,66.47,81.08,60.0,71.67,15.61,33.71,58.59,48.28,12.06,49.15,7.58,24.02,17.18,168.86,44.94,58.4,8.49,21.53,40.51,65.54,222.54,233.24,133.47,57.17,116.61,11.7,44.14,166.42,8.74,45.71,19.96,13.98,19.47,104.06,21.94,22.51,105.77,8.22,21.51,45.94,31.44,27.26,25.13,10.76,30.9,39.61,24.38,39.91,9.49,17.81
88.4,66.85,83.91,60.76,71.96,16.46,34.71,58.72,49.58,12.33,49.04,7.66,24.73,17.94,170.84,45.9,59.63,8.54,21.24,40.06,66.55,207.93,242.36,134.08,56.27,118.51,11.39,44.66,170.62,8.63,46.26,20.69,13.9,19.65,105.86,21.92,22.79,102.95,7.88,21.46,45.66,31.47,27.76,25.19,10.64,32.33,39.27,25.16,40.62,9.42,17.56
87.6,64.12,82.17,60.37,71.64,16.08,34.91,58.09,48.7,12.01,47.99,7.39,24.43,17.64,168.67,45.84,60.5,8.27,21.33,38.3,67.07,216.31,235.89,132.93,57.57,115.28,11.21,44.4,168.38,8.56,46.91,20.54,13.43,19.04,103.64,22.26,22.28,102.78,7.52,21.66,44.46,30.56,27.74,24.54,10.64,31.36,38.43,24.52,40.12,9.22,17.14
87.4,63.75,81.65,59.19,71.56,16.24,33.76,56.89,48.65,11.84,47.09,7.07,24.53,17.21,170.04,45.96,59.17,8.4,21.95,38.4,67.13,234.14,237.33,133.51,58.52,115.57,11.2,43.48,166.2,8.7,47.83,20.24,13.35,19.54,98.27,21.55,22.3,99.92,7.36,21.56,44.06,30.24,27.48,24.22,10.7,30.2,37.95,23.58,40.05,9.11,17.41
87.51,64.08,80.87,58.56,71.48,16.74,34.31,56.88,49.73,11.79,47.31,7.06,24.24,17.5,169.31,45.05,58.96,8.08,22.58,38.49,66.48,241.69,230.66,135.71,57.23,117.15,11.54,44.12,169.46,8.55,49.64,20.38,13.24,19.72,94.92,22.47,22.35,98.02,7.35,22.82,43.48,29.69,27.22,24.06,10.48,29.86,37.54,23.39,40.3,8.85,17.43
87.28,65.64,79.31,58.41,71.61,16.94,33.91,56.85,48.66,11.96,48.87,7.22,24.74,17.33,170.02,44.47,57.12,7.76,21.92,37.04,68.31,244.48,233.61,138.32,58.57,118.23,11.67,44.59,169.51,8.44,49.75,19.93,12.99,19.59,95.98,21.82,22.12,96.46,7.34,22.51,41.95,29.54,26.98,24.15,10.42,29.56,37.21,22.79,40.13,8.58,17.3
85.55,62.84,74.01,57.15,69.21,16.67,32.31,55.52,48.18,11.92,46.35,7.18,24.4,16.91,171.06,44.11,56.63,7.85,21.83,36.69,67.99,234.83,239.14,134.44,56.86,116.28,11.55,43.46,162.02,8.42,48.53,20.16,12.88,18.99,96.13,21.26,21.48,90.21,7.06,22.68,39.95,29.4,26.58,24.34,10.25,28.51,36.48,22.66,40.29,8.47,17.57
85.28,64.51,73.19,57.09,66.89,16.55,32.93,54.92,50.76,11.92,47.1,7.32,23.41,17.66,170.19,44.16,54.32,7.76,21.12,35.6,69.69,256.35,231.11,133.64,54.95,110.09,11.14,44.45,164.15,8.35,48.12,19.35,13.09,18.82,95.37,21.13,21.06,86.89,7.06,21.38,39.79,29.28,26.97,23.89,10.27,28.78,35.89,22.98,38.47,8.69,17.7
84.82,64.81,71.85,56.41,65.61,16.64,32.83,55.81,49.42,11.5,46.25,7.26,22.93,17.6,174.21,43.49,53.76,7.82,20.61,35.6,70.59,244.8,231.2,131.14,53.04,111.03,10.86,45.33,169.15,8.46,48.61,19.3,12.98,18.85,96.97,21.31,21.32,88.4,7.27,21.03,41.23,29.09,26.58,23.46,10.24,28.6,35.79,23.03,38.56,8.71,17.98
84.83,65.59,71.16,56.57,64.33,16.64,32.84,56.08,49.63,11.7,46.73,7.11,23.09,17.65,176.55,43.53,54.77,7.79,20.03,36.06,70.69,244.65,237.53,129.18,52.13,115.81,10.54,45.7,172.82,8.46,46.22,19.08,12.52,18.79,100.22,22.09,21.02,88.64,7.32,21.05,40.6,28.5,26.18,23.45,10.27,28.77,35.52,22.79,38.86,8.47,18.11
85.46,66.05,73.36,56.49,63.27,17.13,34.54,57.52,50.53,11.63,46.64,7.11,24.05,17.97,175.93,44.09,52.96,7.96,19.63,36.1,74.21,238.69,242.65,130.54,51.55,113.06,10.71,46.67,175.97,8.71,43.9,19.42,12.74,18.83,103.35,22.02,21.5,88.51,7.79,21.1,42.36,28.71,26.35,23.54,10.34,29.77,36.1,22.62,38.19,8.87,17.92
85.39,68.64,72.35,58.19,63.53,17.74,34.02,58.9,50.71,12.27,47.17,7.15,23.84,17.76,177.4,45.33,54.21,7.92,19.71,36.38,75.73,237.02,251.12,128.14,48.37,109.75,10.5,48.06,183.67,8.44,44.12,18.96,12.79,18.71,106.07,20.84,21.35,86.7,7.57,21.03,42.57,29.11,26.04,23.4,10.34,28.87,36.37,22.54,37.77,8.76,17.94
86.25,69.83,74.45,58.33,63.73,18.32,34.29,59.41,51.74,12.37,49.01,7.38,24.22,18.31,181.41,44.22,53.3,7.97,18.78,36.71,75.26,239.35,251.07,125.48,50.16,109.27,10.92,48.8,182.89,8.42,43.01,19.25,13.13,18.33,105.62,20.56,21.48,89.5,8.15,22.38,44.42,29.59,26.45,23.62,10.59,29.51,36.16,22.68,36.85,9.08,18.17
87.63,70.95,77.86,58.94,64.67,18.15,33.65,60.42,52.32,13.04,49.69,7.52,25.57,18.27,180.7,44.35,55.38,7.9,19.65,36.18,76.15,244.2,261.24,128.07,49.91,114.3,11.06,49.77,185.66,8.23,44.46,20.1,13.29,18.69,106.32,19.75,21.99,92.16,8.42,23.34,45.77,30.05,26.67,23.95,10.43,29.9,36.4,22.98,37.98,9.37,18.55
87.19,69.7,77.48,60.46,65.42,18.41,32.21,60.97,52.72,12.94,49.74,7.61,25.13,19.01,181.57,42.72,55.71,7.76,19.63,36.48,75.98,240.1,262.41,128.08,48.13,114.59,11.12,49.46,185.29,8.47,41.28,20.0,13.78,19.21,106.16,19.5,21.7,91.09,8.17,23.63,45.06,29.83,26.61,23.65,10.45,30.21,36.17,23.06,38.56,9.62,18.67
87.56,72.06,77.29,60.13,65.56,19.12,33.83,60.26,52.72,13.09,49.69,7.58,25.07,19.1,182.22,41.99,55.43,7.78,19.18,36.25,75.65,241.83,266.51,128.57,48.28,111.31,11.28,49.77,179.87,8.58,41.19,20.05,13.94,18.86,107.31,19.42,21.65,90.79,8.18,23.89,43.76,29.52,26.82,24.21,10.32,30.64,36.22,24.0,38.4,9.75,18.67
86.91,73.17,77.61,58.66,63.8,19.05,34.76,59.81,49.67,12.9,48.04,7.75,23.85,19.48,182.99,41.98,54.12,7.76,19.79,35.85,73.71,234.18,260.77,122.45,47.84,111.7,11.15,51.16,176.38,8.32,40.11,19.91,14.38,18.65,109.63,19.92,21.5,93.34,7.82,23.85,44.03,29.12,26.56,23.95,10.34,30.52,35.64,23.96,38.39,9.84,18.55
87.59,75.58,74.41,59.78,64.9,19.62,34.18,59.92,50.63,13.12,47.74,7.74,24.11,19.96,185.3,42.11,53.8,7.85,19.79,35.29,70.9,237.64,267.08,122.08,48.64,112.58,10.73,50.67,179.92,8.59,40.98,19.96,14.5,19.26,109.97,20.78,21.6,97.49,7.56,24.12,46.3,29.31,26.69,23.59,10.36,30.77,36.1,23.86,38.35,9.81,18.95
88.75,75.03,73.86,60.59,65.0,20.36,36.56,60.62,52.87,13.77,50.2,7.68,24.16,20.01,189.96,41.89,53.06,7.75,19.71,36.47,71.21,231.59,272.08,121.28,48.77,117.86,11.16,52.25,179.74,8.99,40.81,20.14,14.59,19.35,112.81,19.88,21.97,98.84,7.71,24.94,45.39,29.82,26.51,24.23,10.44,31.37,36.45,24.37,38.46,10.26,19.13
90.39,74.53,76.39,60.45,66.1,21.02,37.38,59.09,53.36,13.93,49.81,7.75,25.0,20.16,192.32,41.84,54.0,7.7,19.07,38.08,72.28,251.92,263.43,122.43,48.94,122.71,11.06,51.67,183.58,9.09,43.17,20.24,14.92,19.97,113.57,20.9,22.5,100.94,7.46,26.45,46.84,30.15,26.84,24.95,10.52,33.25,36.89,24.28,39.0,10.41,20.19
90.21,72.87,76.88,59.21,66.29,21.67,35.77,59.26,52.47,13.74,49.74,7.89,26.26,19.71,190.15,42.24,52.46,7.57,18.28,39.67,72.37,252.41,259.17,123.94,48.4,125.4,11.06,51.93,185.27,8.93,42.15,20.33,15.1,20.01,116.59,20.56,22.27,102.72,7.87,25.66,47.42,30.27,26.78,25.16,10.5,32.87,36.55,24.82,38.78,10.64,20.05
88.43,70.79,74.01,58.19,65.94,20.41,35.28,60.16,53.49,13.5,48.38,7.77,25.92,19.2,184.97,42.84,51.98,7.58,17.91,38.25,70.94,237.19,259.2,120.15,47.87,116.38,10.86,51.07,178.33,8.58,41.51,20.4,14.78,19.51,112.76,20.56,22.28,100.14,7.67,25.05,48.51,30.42,26.33,25.25,10.09,32.03,35.23,25.02,38.6,10.45,19.65
88.23,69.37,78.11,57.97,66.64,20.23,35.24,60.4,54.5,14.14,48.15,7.82,25.59,19.64,184.97,43.57,51.02,7.29,18.5,37.92,71.81,229.6,266.92,117.96,46.66,116.98,10.89,51.29,176.01,8.51,39.61,20.28,14.75,19.5,113.4,19.32,21.91,97.43,7.77,26.88,48.64,30.09,26.65,24.95,10.3,31.78,35.98,24.68,38.68,10.34,19.55
88.65,70.02,77.61,58.46,66.33,20.37,34.97,61.23,54.22,13.95,48.14,7.9,25.99,20.48,185.57,43.06,51.82,7.27,18.1,37.76,76.24,236.81,264.92,119.07,46.81,117.61,11.0,51.24,176.55,8.56,39.87,20.86,14.5,19.97,115.46,18.87,22.2,93.77,7.8,27.74,47.72,29.97,27.07,25.11,10.51,31.28,35.82,24.05,38.42,10.6,19.92
90.14,71.75,78.51,58.33,68.3,21.64,35.09,62.24,57.89,14.19,49.04,8.03,25.72,20.63,187.66,44.2,52.67,7.54,18.19,38.14,81.93,234.21,270.87,125.51,46.59,116.32,10.92,53.69,180.63,8.94,38.27,21.19,14.9,20.55,118.51,18.19,23.18,96.27,8.2,26.59,49.32,30.39,27.56,25.82,10.86,32.24,36.6,24.66,38.53,10.81,20.33
91.05,73.17,79.39,60.64,68.7,22.79,38.81,63.1,57.68,14.05,50.28,8.02,25.68,21.52,187.09,45.31,52.49,7.49,18.72,37.63,86.8,237.7,263.5,122.18,46.54,111.12,11.28,53.86,188.05,8.83,37.87,21.31,14.97,21.11,118.66,17.93,22.82,97.05,8.24,24.63,49.76,30.89,27.74,25.92,10.9,32.83,37.18,24.07,39.26,11.23,20.25
92.05,73.02,81.0,62.24,69.43,23.44,39.13,63.51,60.38,14.18,50.74,7.92,25.57,21.87,189.66,45.52,53.66,7.75,19.6,37.24,88.39,249.35,256.33,121.83,46.51,114.55,11.2,53.81,193.38,8.88,37.75,21.4,14.62,21.14,120.73,18.17,22.99,96.77,7.84,24.56,51.73,31.07,28.15,26.15,10.91,33.77,37.72,24.32,38.85,11.06,20.5
93.57,75.13,81.53,62.63,70.42,23.79,40.68,63.51,62.63,14.59,52.84,7.89,25.23,21.72,192.19,44.52,54.14,7.9,19.27,37.96,90.13,260.98,267.52,117.42,46.29,114.3,11.28,54.91,196.98,9.01,38.72,22.12,14.46,21.02,124.35,18.71,23.0,102.53,8.05,26.27,50.77,31.41,28.66,26.13,10.84,33.45,38.31,24.28,40.02,11.29,20.94
91.55,76.66,80.11,61.02,67.35,23.28,39.88,63.14,61.88,14.17,52.48,7.52,24.06,21.44,184.3,45.02,53.29,7.61,19.13,36.68,88.39,254.46,262.82,116.38,44.82,109.31,10.95,53.86,194.69,9.13,38.0,21.91,13.97,20.49,121.56,17.62,22.81,100.3,7.72,25.54,48.75,30.72,28.37,25.75,10.63,32.69,38.01,23.53,39.2,11.1,20.33
91.05,75.78,77.16,60.95,67.45,22.95,38.91,63.19,61.26,13.91,53.06,7.59,24.36,20.97,187.74,45.48,52.96,7.55,20.02,35.06,88.6,246.53,261.87,114.98,46.17,110.57,10.85,54.95,195.07,9.14,37.42,22.18,13.75,20.64,123.45,17.42,22.94,98.27,7.51,23.91,49.3,30.66,28.12,25.86,10.61,32.85,38.0,22.91,37.93,10.63,20.44
90.66,75.55,75.61,60.66,66.99,23.79,39.97,64.5,62.91,13.94,52.95,7.51,23.53,20.94,188.26,44.7,52.54,7.49,20.76,35.38,88.56,236.4,254.39,113.74,43.48,112.9,11.0,54.45,198.35,8.96,35.33,22.09,13.79,20.65,126.05,17.3,22.35,94.83,7.48,23.23,50.98,30.23,28.08,25.92,10.66,33.19,38.4,22.98,37.73,10.82,20.04
89.93,75.67,76.98,61.89,65.7,23.07,37.29,63.39,62.46,13.89,52.83,7.32,23.66,21.15,187.76,45.0,52.08,7.69,19.42,35.26,88.24,239.04,249.56,109.96,42.46,110.88,10.74,55.05,201.72,9.07,34.98,21.86,13.73,20.59,122.74,16.5,22.3,98.82,7.75,22.97,50.99,30.07,28.13,25.58,10.68,33.12,38.42,22.98,37.2,10.91,20.73
90.58,76.44,80.38,60.99,64.89,23.4,38.37,65.52,64.77,13.59,53.87,7.66,24.02,20.83,187.73,44.18,53.31,7.82,18.34,34.45,88.42,247.48,255.25,108.01,42.67,110.75,10.88,53.7,202.22,9.26,33.29,22.61,13.76,21.0,120.67,16.42,22.33,96.14,8.16,21.43,49.36,30.32,28.34,25.46,10.64,34.65,38.42,23.26,37.83,10.89,21.39
89.26,76.02,79.7,58.69,64.29,21.56,37.25,63.73,62.77,13.33,52.56,7.44,23.81,20.56,183.62,41.81,52.64,7.63,19.82,36.47,86.51,249.27,247.37,106.82,42.47,113.05,10.76,52.23,195.51,9.36,31.97,22.17,13.92,20.69,116.76,16.73,22.01,95.77,7.74,20.91,48.78,29.99,28.17,25.15,10.44,33.79,37.93,23.43,37.06,10.86,21.65
91.11,79.59,81.07,60.87,65.03,21.71,36.39,64.66,65.92,14.0,53.69,7.64,24.08,20.49,184.75,42.28,53.39,7.61,20.44,36.38,88.35,260.84,254.97,107.79,45.25,119.43,10.62,53.63,201.86,9.86,32.84,22.37,14.03,20.47,118.43,18.03,22.49,99.83,7.93,21.3,48.64,30.21,28.47,25.93,10.83,35.2,38.42,22.92,36.9,11.31,21.86
91.43,79.62,83.71,61.3,64.03,21.31,36.81,64.57,63.85,14.21,53.56,7.59,24.65,21.01,185.58,41.52,54.36,7.71,19.92,37.74,88.55,258.54,254.36,105.32,45.13,115.74,10.7,53.83,206.62,10.11,31.65,22.45,13.98,20.84,119.28,17.83,22.73,100.21,8.3,21.53,48.89,30.9,28.2,26.8,10.91,35.64,38.96,22.85,37.1,11.84,22.49
91.15,81.49,83.74,62.0,64.3,20.65,36.52,63.17,62.62,14.39,54.7,7.67,23.93,21.35,185.97,41.47,55.41,7.84,20.34,36.61,89.65,255.19,250.58,104.05,44.12,118.59,10.89,53.61,212.64,9.95,30.63,22.11,13.78,20.86,119.01,17.89,22.72,101.42,8.36,21.11,49.06,30.41,28.08,26.71,10.96,34.53,38.73,22.63,36.77,11.46,22.41
91.47,81.35,85.31,62.55,63.51,20.77,36.04,64.37,63.03,14.67,56.3,7.74,23.41,21.75,187.46,42.59,55.85,7.84,20.19,36.89,90.57,270.9,244.91,100.77,43.37,115.01,10.9,53.16,214.13,9.8,29.6,22.07,13.45,20.89,119.99,18.0,22.69,101.58,8.49,20.91,49.15,29.95,28.45,26.54,11.18,34.31,39.12,22.61,36.62,11.37,22.25
92.27,81.42,87.45,62.99,63.55,20.63,36.64,63.85,64.71,14.61,56.48,7.81,24.22,21.37,190.95,44.12,55.7,7.53,20.4,37.89,88.49,281.05,245.14,104.65,43.63,116.26,11.15,54.54,221.91,9.84,29.38,22.25,13.63,21.55,119.57,17.39,22.74,98.98,8.44,21.52,48.43,29.92,28.88,26.71,11.03,35.0,39.46,22.34,36.26,11.73,23.56
90.3,78.86,84.97,62.21,61.5,20.06,36.21,62.23,62.92,14.77,55.85,7.91,24.11,20.63,189.09,45.28,55.16,7.38,18.93,37.98,86.93,267.62,237.91,100.03,43.35,113.06,10.9,53.48,219.67,9.71,28.01,22.17,12.91,21.14,115.15,16.65,22.06,94.54,7.94,21.48,47.14,29.22,28.21,26.56,10.74,35.51,38.21,22.54,35.36,11.86,23.09
90.36,78.4,82.21,62.43,62.37,20.0,36.06,62.56,63.81,15.12,56.31,8.09,24.57,20.96,185.53,45.96,56.58,7.44,18.31,37.24,87.31,256.71,237.1,101.02,42.11,112.95,11.19,53.64,216.77,9.77,28.42,22.74,13.23,21.02,114.39,16.75,21.3,99.2,8.17,21.42,44.87,29.11,28.57,26.74,10.79,34.97,39.18,22.57,35.38,12.41,23.84
90.85,78.35,81.76,62.88,62.38,19.95,35.61,62.2,65.4,15.33,55.16,8.09,24.65,20.36,185.42,46.5,55.65,7.49,17.71,35.09,86.59,269.55,235.73,99.48,43.58,119.1,11.77,53.73,215.72,9.93,28.29,22.56,13.34,20.62,115.6,16.6,21.1,101.14,8.58,21.57,46.34,28.97,28.4,26.66,10.59,35.18,40.14,22.91,35.46,12.16,23.86
90.12,79.02,80.4,61.8,62.35,19.65,34.78,63.45,64.41,14.61,53.15,8.3,24.04,20.86,183.19,44.55,55.33,7.52,17.9,35.22,87.79,274.39,226.32,97.97,44.08,119.41,11.46,53.23,206.14,9.66,27.06,22.31,13.27,20.68,115.26,15.88,21.07,102.5,8.71,21.06,45.38,28.84,28.32,26.43,10.64,35.82,39.83,22.79,35.18,12.13,23.34
89.46,78.39,79.67,60.25,62.63,19.23,33.29,63.0,60.22,14.65,52.77,8.22,24.05,20.81,184.0,44.15,54.61,7.56,17.25,33.93,88.17,267.98,226.63,97.51,42.76,120.89,11.66,53.13,213.64,9.62,26.44,22.14,13.26,20.61,116.29,16.41,20.92,100.75,8.93,21.0,47.76,28.71,28.08,26.82,10.42,35.16,39.01,22.43,36.07,11.8,24.08
89.42,78.81,79.17,61.08,63.25,19.43,32.36,64.57,58.35,14.44,53.37,8.44,23.72,20.78,181.8,43.08,54.82,7.78,18.24,34.48,87.96,265.44,227.57,99.8,43.2,125.64,11.7,52.75,213.35,9.42,27.78,21.69,13.24,20.57,114.54,16.55,21.02,98.94,8.84,21.24,46.71,28.57,28.36,26.47,10.53,35.21,39.49,22.65,35.63,11.87,23.81
88.25,76.93,78.99,60.35,62.12,19.03,31.49,64.1,57.44,13.98,53.64,8.48,24.02,20.51,177.85,43.3,54.02,7.54,17.42,33.37,85.71,265.89,216.83,99.5,41.16,126.73,11.46,51.91,217.09,9.03,27.24,21.32,13.59,20.41,112.26,16.94,21.18,99.93,8.31,20.35,44.79,28.42,28.72,26.67,10.52,34.25,38.54,22.0,34.61,11.83,23.55
87.42,76.22,78.68,59.57,59.8,19.53,31.72,62.7,58.17,13.62,52.88,8.31,23.14,20.29,178.41,43.51,53.81,7.31,16.72,32.71,85.98,267.4,212.39,100.08,40.79,121.0,11.5,51.63,217.78,8.72,25.47,21.1,13.7,19.74,112.23,16.3,21.25,99.04,8.01,21.61,44.44,28.17,28.48,26.11,10.43,33.53,37.81,22.14,34.3,11.76,24.19
87.95,78.04,80.65,58.81,58.8,20.17,30.03,63.74,57.51,13.64,53.44,8.24,22.95,20.35,177.98,43.17,53.11,7.24,17.18,33.02,88.75,290.34,215.4,100.94,41.32,122.22,11.62,51.05,220.56,8.69,26.31,20.81,13.34,19.92,113.09,16.49,20.74,101.83,7.98,21.1,45.21,28.1,28.42,25.7,10.49,33.51,37.94,21.98,33.21,11.69,23.5
89.47,78.77,81.54,59.83,60.54,20.58,30.78,63.58,58.3,13.68,55.46,8.09,22.94,20.77,182.88,43.82,53.53,7.23,17.65,32.61,88.42,309.12,214.14,101.12,40.42,126.55,11.41,51.99,232.13,9.06,26.85,21.25,13.37,19.69,114.98,16.73,20.62,108.98,8.08,20.86,44.51,28.31,28.71,25.68,10.4,33.75,38.22,22.67,34.55,11.66,23.98
90.12,79.96,85.37,60.62,60.63,21.9,29.9,65.29,60.63,13.94,55.24,8.07,23.06,21.07,184.04,42.64,54.56,7.23,18.18,33.51,86.64,318.44,213.62,98.93,41.73,125.4,11.29,52.77,234.59,9.08,26.43,21.35,13.8,19.74,116.92,17.24,20.3,111.72,8.39,20.79,43.25,28.01,29.05,25.34,10.37,33.36,37.76,23.02,34.24,12.04,24.3
89.07,77.4,86.01,59.35,60.77,21.95,28.91,64.86,61.39,14.11,55.15,8.08,22.74,20.16,181.03,43.2,54.47,7.05,18.52,31.9,89.26,309.73,217.56,96.91,40.34,121.53,10.9,52.15,239.6,8.81,25.33,20.91,13.37,19.7,119.37,16.06,19.98,108.6,8.26,20.83,43.4,28.19,29.06,24.46,10.21,33.29,37.86,24.07,33.79,11.67,23.88
88.47,77.2,86.49,58.91,60.89,21.62,30.47,63.63,60.18,13.9,55.37,8.12,22.9,20.7,185.29,44.19,53.45,6.99,17.97,32.19,92.4,287.61,213.69,99.17,39.95,120.77,10.37,52.03,239.71,8.76,25.87,21.02,12.84,19.85,118.49,16.16,20.22,103.68,8.17,20.88,44.58,28.3,29.01,24.27,10.26,32.72,38.03,23.77,33.53,11.65,23.62
87.46,77.62,83.0,58.06,60.86,22.19,29.03,63.2,59.81,13.77,54.18,8.14,23.35,20.31,184.74,43.47,55.16,6.73,17.62,30.95,89.76,279.81,206.64,95.31,38.93,127.23,9.87,53.03,243.08,8.48,25.62,20.77,12.67,19.47,117.56,16.08,20.22,101.55,7.97,20.93,43.68,27.94,28.91,24.26,10.2,33.64,37.56,23.34,33.25,11.54,23.01
85.55,76.65,80.05,56.79,58.59,22.01,28.33,63.01,56.97,13.38,53.08,7.81,23.01,19.97,182.02,43.66,53.22,6.74,17.77,30.37,85.89,259.87,199.6,94.06,37.92,127.66,9.81,51.96,236.54,8.32,24.57,20.2,12.84,19.57,115.8,16.18,19.6,102.05,8.2,19.91,44.72,27.42,27.76,23.92,10.06,33.26,36.56,22.99,33.03,11.36,21.92
85.98,77.67,77.44,57.61,57.09,21.89,28.71,64.06,57.61,13.8,52.62,7.92,23.58,19.7,182.87,44.8,54.16,6.69,18.49,28.08,83.11,269.89,196.04,95.59,38.94,126.7,9.58,50.76,241.26,8.54,25.45,20.38,12.79,19.4,111.61,17.59,19.6,102.8,8.19,19.65,44.88,27.02,27.78,23.66,10.11,33.76,36.47,23.17,32.85,11.3,21.72
86.27,78.38,77.52,56.51,56.9,21.75,28.6,62.92,56.69,13.69,53.81,8.04,23.7,19.83,180.23,44.44,55.89,6.51,18.35,28.62,81.58,284.64,195.35,97.59,38.91,126.09,9.59,49.49,238.28,8.81,25.62,20.2,12.55,19.14,110.36,17.46,19.31,101.11,8.37,19.95,45.89,26.79,27.57,24.18,10.0,33.22,36.29,23.06,33.24,11.67,22.44
85.99,77.47,75.1,56.26,55.65,21.93,29.1,62.73,55.26,13.69,52.39,8.22,24.23,19.44,181.8,44.73,55.25,6.37,17.26,28.91,81.14,289.45,192.05,95.63,39.3,125.65,9.62,48.17,241.15,8.69,25.3,20.21,12.83,18.93,107.16,18.0,19.36,106.05,8.23,19.58,45.91,26.76,27.39,23.72,9.74,31.67,35.7,22.86,32.91,11.76,22.16
84.02,77.97,71.38,54.82,55.58,20.48,28.75,62.6,53.08,13.29,50.2,8.16,24.0,18.75,176.01,44.28,52.36,6.19,17.79,27.94,78.59,285.08,191.5,95.97,39.92,116.49,9.32,46.61,230.38,8.4,25.5,19.91,12.73,18.46,103.41,17.22,19.55,104.47,8.12,19.51,42.71,26.47,27.01,23.67,9.33,30.9,35.37,22.02,32.4,11.41,21.53
83.34,75.0,71.06,55.2,56.28,20.6,27.93,61.75,52.61,13.47,49.11,8.18,23.49,18.57,174.79,44.47,52.82,6.11,18.52,28.34,76.73,271.87,190.88,96.0,40.74,117.39,9.3,45.59,228.6,8.4,26.23,20.04,12.59,18.29,102.51,17.02,19.3,105.83,7.57,19.38,41.92,26.29,27.19,23.28,9.22,30.91,35.25,22.01,33.37,11.46,21.04
81.56,73.68,69.96,54.67,54.16,19.37,26.81,60.83,52.27,13.34,49.25,7.87,23.06,17.59,167.62,42.4,52.81,6.08,18.97,28.55,75.72,263.48,189.36,92.61,38.56,113.99,8.9,43.99,216.18,8.55,26.14,19.8,12.16,18.23,99.63,16.43,18.78,107.69,7.53,19.71,39.81,26.01,27.06,23.17,9.1,29.29,34.56,21.55,33.08,11.28,21.34
79.74,73.78,70.16,53.99,53.27,18.9,25.71,60.05,52.76,13.26,48.37,7.73,22.89,17.39,164.9,41.19,50.98,5.79,18.0,28.7,73.83,245.95,186.07,89.48,38.48,107.74,8.53,44.38,215.46,8.45,24.88,19.48,12.15,18.25,100.96,16.88,18.83,105.98,7.48,18.01,41.45,25.47,26.56,22.55,8.99,28.25,34.04,20.11,32.69,10.95,21.04
79.1,71.18,68.32,53.62,51.72,18.21,25.61,59.19,50.73,13.21,47.47,7.6,23.02,17.13,163.49,41.63,50.87,5.62,18.95,28.3,75.33,251.47,177.01,89.7,38.13,106.45,8.24,44.35,219.89,7.98,24.31,19.16,11.81,18.08,100.04,17.34,18.61,110.18,7.36,18.07,41.53,25.27,25.94,21.9,8.75,27.82,34.0,19.92,32.31,10.83,20.69
79.49,71.34,71.8,54.35,51.55,18.19,26.0,58.63,49.65,13.07,45.28,7.67,23.42,17.04,161.46,41.92,51.46,5.7,18.67,28.8,75.57,244.63,178.75,88.39,39.55,110.55,8.43,44.14,226.23,7.85,25.69,19.32,11.85,17.74,101.15,18.27,18.71,113.88,7.74,17.56,41.63,25.26,25.68,22.14,8.7,28.24,34.0,20.3,32.96,10.98,21.4
79.48,72.34,70.88,54.46,51.38,18.43,25.41,59.52,50.04,13.15,45.12,7.69,22.56,17.36,161.05,41.62,51.03,5.76,19.13,28.45,74.46,246.03,181.26,88.95,38.77,112.54,8.36,43.16,222.43,7.97,24.8,19.12,12.07,17.91,98.25,17.59,18.82,111.31,7.51,18.03,43.05,25.58,25.74,22.09,8.97,28.5,34.27,20.26,33.4,11.11,21.96
79.91,72.29,71.54,54.11,51.97,18.43,25.85,59.49,49.72,12.73,45.44,7.8,23.03,17.67,161.17,43.74,51.86,5.9,19.63,28.63,75.75,241.14,181.77,90.38,39.61,114.87,8.29,44.47,222.05,8.03,24.05,19.07,12.17,17.89,100.09,17.95,18.84,108.34,7.82,18.01,43.52,25.72,25.77,21.97,8.9,28.44,34.86,20.38,33.69,11.35,23.1
79.73,71.86,72.59,54.2,52.05,18.79,26.0,58.85,51.51,12.77,46.24,7.81,23.44,17.83,162.14,43.23,50.88,5.8,19.84,28.7,75.19,224.77,179.83,90.08,39.64,111.28,8.28,45.24,220.24,7.85,24.24,19.06,12.1,18.34,101.84,17.04,18.92,110.91,7.71,18.23,44.1,26.01,25.93,22.63,9.12,29.57,34.86,19.81,33.86,11.25,23.45
81.81,72.7,73.72,55.3,53.05,19.79,25.98,60.44,51.92,12.7,47.72,7.81,25.17,17.9,166.01,44.09,52.39,5.97,20.37,30.95,78.61,234.17,188.04,92.09,41.47,119.02,8.43,45.74,222.63,7.88,25.33,19.21,12.3,18.81,105.44,17.67,19.65,115.72,7.7,19.39,44.12,26.43,26.26,22.69,9.4,29.5,35.69,20.17,34.39,11.43,24.2
81.1,73.35,74.42,54.94,53.47,19.78,25.43,61.23,53.16,12.54,48.18,7.98,24.61,17.86,163.53,43.97,52.88,5.94,19.92,29.85,77.84,222.41,188.24,92.17,41.04,117.21,8.45,46.51,216.55,7.76,24.26,19.1,12.37,18.94,106.56,17.4,19.68,113.84,7.56,18.25,43.82,26.39,26.03,22.52,9.38,29.45,36.3,20.39,33.41,11.17,23.43
80.51,73.24,74.85,54.48,52.02,19.15,25.1,61.12,51.01,12.49,48.37,7.73,25.49,17.72,160.05,42.45,52.22,5.95,19.53,30.39,76.56,219.01,189.63,94.31,40.44,116.59,8.63,45.37,214.63,7.66,25.02,19.17,12.41,18.29,107.5,16.75,19.92,118.41,7.55,17.96,42.63,26.3,25.93,22.45,9.24,27.37,36.22,19.82,33.35,11.32,23.82
81.22,72.81,74.27,55.14,52.89,19.64,25.13,61.49,49.61,12.44,50.23,7.71,26.86,18.02,160.7,43.36,51.98,5.97,19.04,30.87,76.29,227.4,195.95,94.91,40.66,119.26,8.68,44.88,212.57,7.4,25.75,19.67,12.7,18.72,110.26,16.37,20.12,111.86,7.52,18.32,44.68,26.6,25.61,22.8,8.93,27.94,35.94,20.05,33.74,11.43,24.46
83.58,74.86,75.53,56.41,54.54,20.44,25.79,63.39,52.18,13.23,50.89,7.89,27.5,18.87,162.88,44.32,52.28,6.07,19.04,32.94,75.19,247.65,205.76,93.77,42.06,125.37,9.1,45.69,213.02,7.64,26.98,19.78,13.11,19.37,113.05,16.86,20.26,112.36,7.54,18.98,45.5,27.29,26.06,23.2,9.09,28.65,36.9,20.35,35.13,11.73,25.29
82.91,72.46,74.44,56.18,52.02,20.28,25.43,61.78,52.86,13.0,50.69,8.09,26.58,18.24,156.11,43.76,50.23,5.93,19.48,33.7,74.17,250.35,201.96,90.8,41.5,127.04,8.97,45.8,206.06,7.69,26.36,19.73,12.93,19.03,111.37,17.37,19.88,115.99,7.38,18.91,45.64,27.04,26.16,22.58,9.03,30.26,36.79,19.88,33.78,12.32,25.79
82.84,72.85,76.78,57.23,50.27,19.99,24.34,62.14,50.31,13.16,51.55,8.34,26.36,18.47,158.22,43.93,49.52,5.77,19.65,33.37,74.67,250.05,205.73,94.39,42.33,126.48,9.05,45.92,207.08,7.61,26.85,18.88,12.8,19.6,113.41,17.18,19.85,113.92,7.51,17.27,48.17,27.1,26.46,22.73,8.83,30.05,36.87,20.34,33.01,12.0,25.49
82.86,72.28,81.11,56.67,49.38,20.16,25.14,62.57,51.25,13.13,51.36,8.34,26.28,18.57,159.33,43.39,49.25,5.81,20.19,32.54,74.63,254.55,201.06,94.78,43.01,122.48,9.09,45.06,205.26,7.27,26.55,19.04,13.09,19.46,112.95,16.95,19.82,116.64,7.74,18.09,48.27,26.81,26.24,22.0,8.81,29.45,37.33,19.55,33.45,11.67,24.45
82.86,72.14,80.29,56.35,49.07,19.96,25.42,63.98,51.49,12.86,51.6,8.64,27.01,18.47,162.28,43.46,49.24,5.76,19.42,33.07,74.86,246.84,205.38,95.42,42.61,124.58,9.03,45.99,204.14,7.3,25.88,19.07,12.84,19.8,115.66,16.93,19.41,114.66,7.81,18.39,48.59,27.05,26.38,21.78,8.96,29.23,37.35,19.52,32.39,11.67,24.5
83.94,71.71,79.21,56.61,48.38,20.48,25.7,65.26,50.52,12.95,52.31,8.64,27.59,19.39,165.53,43.48,50.48,5.84,19.79,33.37,73.7,246.14,214.57,99.37,42.54,126.54,9.16,45.96,204.35,7.46,25.64,19.27,12.78,20.31,118.38,17.82,19.14,116.15,8.14,19.6,50.9,26.75,26.79,22.23,9.12,29.91,37.32,19.16,32.38,12.1,25.06
84.66,72.87,78.0,57.12,48.68,20.27,25.64,65.76,51.31,12.81,51.95,8.56,27.36,19.39,163.73,44.94,50.89,5.83,19.76,33.32,70.85,264.06,225.34,100.23,43.24,125.8,9.39,45.99,199.19,7.93,26.33,19.07,12.61,20.79,118.27,18.28,19.19,113.46,8.12,19.18,51.26,26.82,26.98,22.6,9.19,29.72,37.26,19.24,32.44,12.36,24.94
86.24,73.87,77.96,56.27,49.96,20.63,25.75,65.05,51.33,13.26,50.67,8.76,28.24,19.81,165.79,45.49,53.42,5.75,21.07,33.71,71.43,278.14,222.51,100.58,45.81,132.3,9.62,45.95,201.01,8.13,27.29,19.41,12.77,21.39,118.69,19.47,19.62,117.98,8.52,18.01,52.46,27.24,27.12,22.65,9.22,31.03,37.83,19.06,33.49,12.02,24.9
87.13,73.1,77.12,56.79,49.24,20.46,26.64,66.18,49.25,13.57,51.14,8.76,27.34,19.76,166.68,46.45,52.32,5.81,22.6,33.97,71.52,289.21,223.22,103.44,46.13,132.11,9.75,45.23,200.91,8.25,29.59,18.92,13.02,21.43,116.72,20.14,20.1,123.59,8.65,17.44,53.75,27.47,27.45,22.48,9.11,32.47,38.37,19.33,33.74,12.25,24.77
87.67,72.95,78.22,56.43,49.12,20.95,25.92,67.36,51.27,13.25,53.7,8.84,27.49,19.66,167.28,46.51,50.41,5.57,22.21,34.13,70.22,298.18,222.46,107.36,47.9,127.81,10.15,45.83,202.52,8.36,29.66,18.7,12.61,21.52,115.6,19.62,20.35,128.76,8.88,17.84,55.68,26.98,27.6,22.05,9.2,32.37,38.87,19.43,33.96,12.42,24.97
86.49,71.23,76.52,55.43,48.29,20.01,24.64,66.32,49.27,13.13,53.4,8.52,27.05,18.98,163.98,44.32,49.89,5.5,23.23,34.11,66.2,294.6,224.52,101.67,47.92,131.46,10.2,44.49,197.11,8.26,29.21,18.18,12.66,21.37,112.83,19.79,20.06,132.62,8.64,17.85,55.62,26.54,27.47,21.99,8.87,32.5,38.33,18.8,33.79,12.33,24.08
87.67,72.8,79.63,54.46,47.89,20.55,24.91,68.22,50.86,13.31,53.87,8.51,26.78,19.54,167.27,45.66,50.91,5.5,23.27,35.23,68.79,305.3,233.68,102.75,47.41,126.38,10.32,45.28,199.34,8.3,29.81,18.55,13.26,22.12,114.89,19.33,20.11,127.18,8.96,18.54,56.72,26.48,27.92,22.03,9.13,32.1,39.02,19.14,33.71,12.6,24.69
87.79,70.42,80.57,55.26,47.44,20.9,25.43,69.02,51.48,13.28,53.34,8.23,27.58,19.3,169.55,47.01,50.47,5.6,21.86,36.0,70.02,309.56,230.48,104.63,49.56,128.04,10.27,45.05,201.99,8.14,29.93,18.72,13.11,21.9,114.94,18.92,19.9,121.26,9.03,18.83,56.31,26.17,27.69,21.89,9.07,31.8,40.25,19.24,33.44,11.98,24.86
89.22,69.74,81.95,54.82,47.0,21.83,25.77,71.41,51.88,13.17,52.37,8.27,28.45,19.82,173.25,46.71,52.02,5.72,23.07,36.55,70.89,333.92,234.39,106.99,50.35,128.49,10.18,44.88,207.42,8.47,29.21,18.89,13.3,21.6,116.09,19.53,20.28,121.44,9.01,17.62,57.02,26.73,27.8,21.94,9.32,31.54,41.25,19.41,33.85,11.7,24.4
90.17,69.09,80.51,55.06,47.73,21.68,26.24,72.13,50.55,13.41,52.2,8.34,28.25,19.9,176.13,46.65,51.57,5.84,23.76,37.85,71.74,352.17,239.74,104.69,52.47,131.41,10.24,44.24,206.49,8.33,29.92,18.67,13.35,22.02,116.71,19.71,20.2,122.96,9.23,18.19,56.37,26.99,27.61,22.09,9.06,32.89,40.96,19.31,33.96,11.75,24.78
90.69,68.65,80.79,55.73,46.91,21.73,25.53,71.07,52.5,13.24,51.87,8.49,28.97,20.12,181.96,47.95,52.89,5.83,23.8,37.65,73.89,354.29,239.19,105.16,52.4,133.86,10.54,45.86,206.83,8.25,30.57,18.74,13.58,22.58,117.81,18.17,20.25,121.28,9.5,17.88,57.89,26.89,27.92,21.92,9.23,32.22,41.19,19.22,34.48,12.02,25.79
90.18,68.46,82.81,55.32,45.94,21.64,25.11,72.22,52.08,13.44,50.76,8.59,28.35,19.58,184.59,48.6,51.81,5.77,23.55,38.25,74.17,345.16,236.71,100.32,52.4,135.3,10.53,46.22,206.26,8.02,31.39,18.68,13.03,22.75,117.49,18.23,20.24,120.62,9.24,17.24,59.62,26.96,28.14,21.54,9.05,32.86,41.75,19.24,34.11,11.76,25.19
89.28,67.82,83.16,54.85,45.25,20.52,25.15,73.21,50.41,12.89,50.75,8.65,28.44,19.39,185.89,48.9,50.96,5.58,23.25,37.3,73.83,338.32,235.27,100.27,51.6,135.74,10.48,45.98,207.98,7.98,33.3,18.47,12.68,21.86,117.53,17.97,19.99,114.23,8.96,17.19,58.6,26.72,28.31,21.46,9.17,33.34,41.93,18.45,34.04,11.44,24.63
88.99,66.5,79.3,56.0,44.62,20.27,26.03,73.54,50.74,12.87,51.29,8.59,28.48,19.71,184.67,49.94,49.43,5.55,23.35,39.01,72.13,342.25,232.05,98.78,51.26,138.43,10.66,45.74,202.84,7.88,33.18,18.0,12.35,21.73,118.13,17.4,20.06,114.74,8.34,15.95,58.53,26.62,28.32,21.11,9.02,33.76,41.67,17.9,34.64,11.17,24.21
89.07,69.05,80.44,55.73,43.92,20.56,25.72,73.65,51.98,12.82,52.35,8.69,28.83,20.5,184.04,50.09,50.51,5.49,22.44,39.11,72.03,346.26,239.21,100.45,50.32,131.94,10.46,45.75,202.18,7.88,32.15,17.83,12.4,21.82,119.44,17.44,20.45,118.73,8.35,15.9,56.2,26.56,28.09,21.12,8.89,33.62,41.14,17.95,34.72,11.32,23.62
87.25,69.01,77.97,54.67,43.01,19.66,24.46,71.78,50.84,12.5,51.52,8.55,27.52,20.63,181.51,49.2,49.82,5.25,22.55,37.28,70.62,329.99,232.73,100.13,50.38,137.27,10.19,44.71,199.4,7.39,32.98,17.44,12.54,20.92,114.98,17.82,19.74,117.88,8.35,14.78,56.93,26.25,27.94,20.78,8.7,34.16,39.96,17.81,33.24,10.62,22.46
87.27,67.02,77.85,54.7,42.52,19.66,23.77,72.81,48.9,12.65,52.48,8.6,27.44,20.38,183.07,49.94,50.01,5.38,21.41,35.8,69.02,346.43,227.28,104.63,50.52,135.6,10.38,43.24,200.56,7.12,34.54,17.43,12.29,20.89,113.9,17.83,20.12,112.45,8.56,14.29,56.03,26.31,28.21,20.87,8.72,34.27,39.11,17.77,33.34,10.83,22.2
87.79,65.56,78.25,54.43,43.53,20.72,23.06,73.41,47.93,12.71,54.04,8.64,27.89,21.09,182.69,49.67,50.22,5.44,21.48,34.97,70.24,355.19,215.5,106.01,51.65,139.86,10.37,44.07,198.18,7.0,34.35,17.72,12.58,20.98,114.87,19.12,20.11,110.98,8.6,14.46,54.62,26.38,28.24,21.07,8.74,34.34,40.11,17.37,33.3,10.79,22.43
87.27,66.28,77.31,55.17,43.58,20.58,22.41,72.77,47.65,12.97,53.32,8.37,27.73,20.73,182.04,48.99,49.22,5.41,20.62,35.47,67.7,361.13,219.59,107.63,51.39,136.94,10.39,42.99,192.68,6.94,32.3,17.77,12.77,20.29,112.64,18.47,20.1,106.72,8.85,14.77,55.56,26.66,28.02,21.19,8.65,34.68,39.56,17.46,33.28,10.85,22.35
86.93,65.4,77.43,54.84,43.81,20.26,21.61,71.91,46.31,13.02,53.9,8.14,26.5,20.61,180.88,48.16,47.07,5.37,20.3,34.84,67.16,392.06,221.39,106.16,51.37,130.67,9.99,42.09,194.42,6.86,31.56,17.24,12.76,19.65,113.09,18.86,19.61,102.55,9.15,14.41,54.84,26.89,27.92,21.05,8.6,34.16,39.35,17.02,32.93,10.48,21.98
86.5,64.21,77.77,53.68,44.48,20.37,21.26,72.45,46.5,13.01,52.04,8.04,25.84,21.11,182.38,49.3,47.49,5.3,20.2,34.49,65.7,384.13,213.11,107.28,53.0,130.73,9.7,42.63,194.95,6.81,32.69,17.06,12.18,19.58,114.58,18.63,19.56,100.77,9.26,14.22,54.25,27.29,28.28,20.58,8.67,34.4,38.92,17.62,32.55,10.18,22.05
84.5,64.07,79.72,52.53,44.67,20.26,20.26,69.74,45.25,12.55,51.53,7.68,25.28,20.87,178.97,48.3,46.32,5.31,20.31,34.96,63.05,364.31,215.04,103.13,52.62,123.22,9.6,40.89,193.34,6.69,32.58,16.42,11.79,19.4,112.1,19.28,18.94,98.8,8.96,13.65,53.01,26.88,27.96,19.88,8.54,33.2,38.24,17.74,31.55,9.97,21.8
86.2,64.38,79.42,52.81,45.11,20.52,20.5,70.45,46.08,12.35,52.15,7.76,25.64,21.85,182.96,49.99,48.17,5.16,21.0,36.14,63.78,402.77,219.59,105.73,55.5,127.56,9.52,41.28,198.21,6.51,32.15,16.23,11.81,19.22,110.79,19.39,18.87,99.32,8.89,13.89,51.21,26.9,28.06,19.48,8.54,34.61,38.29,17.5,31.82,9.7,22.24
85.7,64.27,79.05,53.65,46.17,20.46,20.78,71.98,47.48,12.67,52.94,7.88,26.5,22.21,184.0,48.78,48.82,5.18,20.43,37.18,64.1,358.83,223.31,110.45,53.92,125.64,9.73,42.06,200.87,6.67,32.28,16.48,11.85,19.77,113.99,18.53,18.69,99.65,9.22,14.51,50.74,27.17,28.3,19.56,8.68,34.36,39.06,17.07,32.62,9.87,22.3
86.04,62.36,82.0,54.03,45.8,20.27,20.14,73.37,46.63,12.68,53.54,7.86,27.12,22.53,179.0,47.6,49.06,5.24,20.99,38.21,62.36,348.01,232.36,109.42,55.95,130.23,10.18,43.1,201.42,7.12,33.15,16.83,12.05,20.03,114.51,18.57,18.73,101.49,9.12,14.9,50.48,27.15,28.25,19.87,8.41,34.42,38.76,18.03,33.13,10.13,21.67
87.35,62.87,83.23,54.08,44.88,21.01,21.04,72.9,47.0,13.16,54.89,7.89,27.53,23.38,178.93,47.37,49.85,5.07,21.21,39.08,63.33,351.99,235.92,108.76,57.46,132.28,10.0,43.78,204.04,7.19,35.11,17.0,12.54,20.46,116.51,19.59,18.9,109.14,9.87,15.16,49.8,26.99,28.3,20.01,8.51,35.93,39.04,18.19,32.88,9.98,21.37
88.13,62.45,83.44,53.43,44.92,20.85,21.02,72.09,47.11,13.68,55.87,7.82,28.9,24.27,177.92,47.28,50.95,5.4,22.03,39.62,65.49,360.49,239.52,110.03,56.37,133.83,10.38,43.3,200.99,7.41,35.99,17.72,12.96,20.64,114.39,18.97,19.19,109.7,9.54,15.89,47.53,26.96,28.89,20.36,8.52,35.49,39.82,17.59,33.16,10.14,21.61
88.09,62.11,84.9,52.9,44.94,21.1,20.44,70.69,48.52,13.71,57.06,8.19,29.2,24.44,180.94,46.64,50.38,5.31,21.49,38.29,65.73,364.11,244.17,109.33,55.5,131.42,10.13,43.78,202.52,7.32,35.15,17.35,12.91,21.09,113.12,19.72,18.27,110.62,9.51,15.29,47.96,26.79,28.57,20.59,8.52,35.28,40.34,16.98,33.06,10.43,21.07
86.5,60.2,84.01,51.59,44.87,21.08,20.38,68.86,48.38,13.22,57.07,8.11,28.71,24.0,181.13,45.7,50.37,5.24,21.21,37.97,65.52,342.36,245.21,107.22,54.9,123.62,9.93,43.01,196.7,7.54,33.54,17.49,12.44,20.76,109.71,18.27,18.47,110.35,9.6,15.3,47.94,26.4,28.18,20.56,8.34,34.9,39.39,16.5,32.73,10.39,21.19
86.54,61.0,85.14,52.35,45.1,20.89,20.65,69.73,48.31,13.2,56.55,8.26,29.05,24.34,181.78,45.65,50.87,5.2,21.75,36.99,66.18,329.04,247.38,107.13,56.4,122.23,9.55,43.89,200.22,7.1,33.67,17.1,12.28,21.39,111.57,17.85,18.61,111.32,9.59,15.89,48.99,26.44,28.52,20.74,8.43,35.42,39.49,16.41,32.96,10.37,20.74
85.4,61.04,83.99,51.86,44.56,21.63,20.83,68.57,46.35,13.04,56.16,7.93,29.52,24.02,178.0,45.91,48.2,5.27,21.35,37.13,65.08,310.35,239.62,106.85,57.71,118.52,9.62,42.76,196.64,6.91,32.37,16.98,12.04,20.79,111.44,17.72,18.42,108.74,10.25,15.48,50.12,26.66,28.59,20.83,8.34,34.62,38.88,16.68,33.04,10.57,21.0
85.36,61.39,85.65,50.59,45.15,20.87,20.74,67.72,46.13,13.27,57.0,7.73,29.76,23.56,178.17,45.14,48.52,5.28,22.66,38.27,64.59,295.47,246.21,109.21,56.34,121.3,9.77,42.2,197.54,6.8,32.35,17.57,12.24,20.5,111.99,18.52,18.51,105.72,10.59,15.56,51.74,27.05,28.66,21.62,8.32,34.22,39.02,16.38,32.72,10.46,21.25
84.75,60.77,84.45,49.61,46.06,20.51,20.87,66.63,45.69,13.29,56.42,7.55,31.01,23.3,175.44,44.25,51.06,5.39,22.58,37.92,62.94,287.26,242.79,113.92,57.14,117.13,9.97,42.03,193.67,6.61,32.58,17.36,12.18,20.11,107.94,18.71,18.55,100.61,10.53,15.6,49.48,27.22,28.38,21.43,8.59,34.16,38.94,16.85,32.08,10.8,21.2
83.78,59.14,84.46,48.81,46.82,20.78,20.66,64.61,46.4,13.32,57.13,7.55,30.49,23.28,174.55,43.83,51.42,5.47,21.7,37.89,62.39,272.95,236.49,112.09,56.21,114.57,9.94,42.15,189.49,6.39,30.78,17.39,12.09,20.25,106.31,17.96,18.86,97.57,10.64,15.72,49.13,27.09,28.22,21.37,8.78,33.54,38.6,17.13,32.01,10.9,21.14
84.14,59.27,85.4,49.36,46.17,20.7,21.12,65.27,46.89,13.29,56.6,7.47,30.99,23.13,175.69,44.08,50.42,5.5,20.99,39.22,61.67,285.45,232.32,111.02,54.96,110.99,9.93,41.24,186.49,6.13,31.16,17.49,11.46,20.52,108.39,18.56,18.89,103.83,10.6,16.53,49.81,27.11,28.41,20.98,8.67,33.52,38.95,17.52,31.87,10.7,21.57
84.65,58.67,87.65,49.04,46.8,21.03,21.38,65.41,47.54,13.58,56.42,7.61,30.9,22.78,172.98,44.21,50.67,5.51,20.67,40.86,63.14,286.02,232.42,111.51,54.72,115.64,10.08,40.9,186.17,6.35,31.02,17.46,11.52,20.64,107.69,18.23,19.08,106.98,10.81,17.15,50.02,27.61,28.25,21.19,8.54,33.41,39.19,17.79,31.97,10.96,21.99
85.13,59.27,88.1,50.15,45.93,21.52,21.02,66.41,48.66,13.35,55.04,7.89,30.14,22.71,174.48,45.3,50.16,5.55,20.2,40.56,64.91,279.16,243.43,113.84,55.68,119.88,10.12,41.65,192.91,6.28,31.53,18.0,11.93,20.4,107.27,18.28,19.52,104.0,10.77,18.22,49.6,27.4,28.1,21.77,8.76,34.39,40.53,17.48,31.6,11.13,21.84
84.11,57.47,85.45,49.41,45.58,20.87,21.11,65.93,47.61,13.24,53.44,7.83,29.67,22.72,170.45,44.46,48.45,5.51,21.19,39.01,63.51,266.4,244.32,114.68,55.95,117.56,9.96,40.31,195.97,6.21,33.61,17.92,11.8,20.61,104.13,18.22,19.9,103.88,10.23,17.58,49.69,27.14,27.73,21.66,8.61,33.93,40.41,17.51,31.98,10.93,21.48
86.65,58.95,87.31,50.47,46.54,21.47,21.8,65.39,48.89,13.78,55.75,7.78,31.51,23.28,175.09,44.13,50.65,5.76,21.4,41.01,65.32,284.18,247.54,119.41,58.92,120.36,10.34,40.96,195.69,6.34,36.39,18.01,12.5,21.15,101.83,19.1,20.21,106.5,10.3,17.94,51.07,27.77,28.24,22.45,8.72,34.94,42.07,17.68,32.99,11.42,22.2
86.44,58.55,87.53,51.44,46.91,22.33,22.09,67.38,49.96,13.65,56.15,8.05,31.68,22.67,172.83,44.43,50.44,5.63,20.73,41.49,65.33,260.42,252.68,121.49,57.22,112.49,10.35,41.77,199.74,6.44,36.49,18.22,12.6,21.49,102.36,19.1,20.31,104.11,10.63,18.21,51.7,27.91,29.07,23.21,8.73,35.41,42.71,18.41,32.43,11.46,22.68
88.15,57.92,88.32,52.56,48.26,23.19,22.11,68.42,50.27,14.42,57.12,8.21,33.47,22.97,175.07,46.08,51.72,5.77,21.17,42.3,63.01,267.91,257.85,128.24,57.08,116.34,10.16,43.4,200.44,6.71,37.6,18.95,12.59,21.9,102.74,19.11,20.96,99.6,11.13,19.29,53.18,28.85,29.28,23.6,8.76,36.08,44.08,19.06,33.18,11.94,23.05
88.26,56.79,87.21,52.43,48.24,23.21,22.0,68.94,51.16,14.44,57.18,8.18,33.74,23.4,172.72,44.9,53.54,5.91,20.96,41.66,62.74,256.35,265.31,127.07,56.73,116.6,10.57,44.39,194.55,6.91,39.36,19.03,13.03,21.6,102.62,19.74,21.17,101.2,11.63,20.04,54.33,28.87,29.28,24.2,8.74,35.09,43.68,18.81,33.62,11.42,23.04
88.17,56.96,85.6,53.21,47.21,22.94,23.08,70.52,50.63,14.28,56.62,7.99,32.9,23.14,177.54,44.6,53.91,6.01,20.42,41.41,61.67,252.72,256.06,127.75,55.53,117.99,10.81,44.53,195.74,7.02,39.54,19.35,13.48,21.76,103.69,18.82,20.56,104.05,12.02,19.45,54.47,28.61,29.36,24.42,8.88,35.37,43.72,17.98,33.39,11.24,22.59
89.18,56.55,87.13,53.04,47.95,22.63,22.56,70.55,49.52,14.18,58.82,8.03,31.88,22.39,179.9,46.37,53.62,5.98,21.11,42.64,60.93,275.96,252.03,133.39,55.59,117.46,10.79,45.39,196.42,7.0,39.84,19.66,13.38,21.91,103.48,19.13,20.67,106.87,11.55,19.68,53.77,28.66,29.72,24.88,8.99,36.44,44.13,18.47,33.51,11.63,22.77
89.37,56.79,90.4,53.52,48.55,23.42,21.97,70.58,51.23,13.73,59.58,8.22,31.36,22.66,181.97,47.17,54.63,5.93,20.07,43.08,62.38,283.67,251.07,130.17,55.2,114.61,10.68,45.81,199.87,6.87,39.28,19.84,13.38,22.05,103.99,19.57,20.87,103.43,11.78,19.26,53.05,28.41,29.51,25.29,9.03,35.65,43.82,18.67,32.83,11.86,23.0
88.7,57.29,88.77,52.01,48.61,22.48,22.29,69.66,49.57,13.75,58.82,8.26,31.25,22.6,181.75,46.22,53.74,6.08,19.95,43.14,60.45,295.68,255.07,125.3,53.8,109.5,10.43,44.45,194.4,6.62,38.95,20.1,13.56,21.17,101.15,19.02,21.12,98.8,11.31,20.03,52.06,28.05,29.55,25.52,8.94,34.65,43.35,18.54,32.8,11.54,23.64
89.76,58.31,87.82,52.12,49.15,23.43,23.05,70.33,50.23,13.64,59.31,8.26,31.22,23.16,190.08,48.03,56.24,6.05,21.42,42.32,62.45,298.7,254.24,125.34,52.32,109.32,10.63,46.27,197.6,6.57,39.63,19.65,13.46,21.11,103.1,18.76,21.39,100.62,11.21,20.26,53.76,28.15,29.83,25.65,9.31,34.13,43.89,18.52,33.51,11.69,24.42
91.07,59.33,87.84,53.6,50.52,24.1,23.6,69.85,50.87,13.72,60.97,8.52,32.36,23.26,185.63,48.9,56.23,6.15,21.63,43.58,63.69,307.98,255.71,127.82,54.07,109.73,10.91,46.47,196.23,6.72,41.08,19.97,13.62,21.15,104.07,18.86,21.5,105.29,11.26,20.67,52.18,28.24,30.17,26.04,9.38,34.88,43.92,18.38,34.11,12.39,25.34
89.87,60.18,84.03,52.14,50.56,23.42,22.91,67.54,50.12,13.69,59.5,8.48,32.02,22.73,183.85,47.98,55.18,6.38,21.28,43.29,63.65,308.41,255.56,125.17,52.17,105.8,10.98,45.95,195.48,6.73,38.7,19.71,13.11,20.6,103.44,18.85,21.05,103.02,11.32,21.04,51.83,27.82,29.76,25.75,9.43,35.67,43.25,18.38,33.35,12.25,25.24
90.7,61.75,85.61,51.43,49.91,23.2,23.55,68.92,50.16,13.94,60.62,8.67,31.49,22.61,188.88,49.48,55.5,6.44,19.98,43.84,63.01,318.35,258.27,127.64,52.61,108.61,10.74,46.11,197.93,6.48,38.07,19.37,13.19,21.19,105.17,19.65,21.37,103.54,11.42,20.35,51.66,28.18,29.72,25.46,9.54,35.34,43.09,18.77,33.88,12.42,26.12
91.4,62.09,87.02,52.74,50.29,24.59,24.61,69.15,49.43,14.12,60.23,8.92,30.59,22.35,193.17,49.77,56.15,6.53,20.22,44.68,64.25,313.97,261.66,130.76,51.64,105.09,10.56,45.82,198.6,6.79,37.69,19.88,13.31,21.43,107.07,20.13,21.54,101.89,11.89,19.96,51.14,28.78,30.22,25.61,9.84,38.19,42.92,19.27,33.83,12.84,26.04
92.17,62.63,88.82,53.23,51.49,24.27,24.33,70.01,50.31,14.2,60.74,8.96,31.58,22.9,192.24,51.29,56.34,6.54,20.88,42.86,64.83,318.79,259.33,131.65,52.46,103.54,10.63,46.1,199.59,7.0,38.37,19.83,13.9,21.48,105.55,20.37,22.1,103.28,12.68,20.54,53.07,28.72,30.28,25.51,9.71,38.34,43.77,20.02,34.06,12.53,25.68
92.59,64.28,88.32,52.69,52.92,24.03,23.64,70.87,51.37,13.98,63.15,8.75,31.63,21.99,192.55,51.78,56.0,6.59,21.77,44.05,64.96,322.64,264.09,134.74,50.54,102.1,10.25,46.4,198.1,7.29,40.1,19.87,13.33,21.41,103.41,20.75,22.15,99.33,13.12,22.58,55.11,28.66,30.63,25.4,9.79,38.22,44.24,20.68,34.43,12.63,26.25
91.91,62.43,84.47,53.35,50.64,24.31,23.45,69.64,49.88,13.67,61.77,8.83,31.38,21.86,194.25,52.85,55.97,6.6,21.19,43.72,64.06,314.01,262.22,132.81,50.03,101.5,10.33,45.01,193.93,7.1,41.19,19.45,13.35,21.19,100.79,20.37,22.42,98.95,13.43,23.56,57.17,28.4,30.32,25.79,9.88,36.74,44.15,20.9,34.82,12.55,25.91
91.5,63.01,84.84,54.59,51.45,23.8,24.05,69.32,47.71,13.22,62.37,8.72,32.2,21.47,192.14,53.72,54.56,6.73,20.36,44.8,63.76,310.48,268.54,131.07,48.81,101.57,10.29,43.55,193.86,7.38,39.35,19.55,13.19,21.39,100.42,20.77,22.16,92.87,13.33,25.16,55.16,28.72,29.97,25.35,9.76,36.21,44.23,21.73,34.04,12.51,26.41
90.8,63.97,83.99,54.1,50.22,23.7,23.75,68.31,47.34,13.1,62.61,8.58,31.38,20.96,192.58,51.3,54.31,6.79,19.44,43.59,63.62,311.95,259.65,129.22,48.73,98.53,10.36,43.86,200.25,7.21,40.06,19.65,13.41,21.73,97.79,20.92,21.93,89.06,12.81,25.43,54.77,28.71,29.7,25.48,9.9,35.65,44.01,21.61,33.63,12.42,26.03
90.95,64.16,84.85,54.77,48.63,23.47,23.3,69.35,46.89,13.12,64.59,8.58,31.22,20.84,191.09,50.14,55.2,6.77,19.22,45.32,63.27,326.01,261.98,130.97,48.98,94.06,10.16,43.8,196.57,7.24,41.07,20.0,13.59,21.52,96.72,20.53,21.38,87.76,12.68,24.85,55.73,28.31,29.32,25.28,9.86,35.97,44.33,20.53,33.79,12.49,26.39
93.2,63.8,88.05,57.77,48.63,23.87,23.94,69.94,46.72,13.59,65.28,8.62,31.0,21.44,192.62,50.91,55.89,7.1,20.52,43.31,64.44,357.92,268.39,133.51,50.86,93.4,9.77,45.3,198.23,7.17,42.35,20.53,13.75,22.28,100.73,20.82,21.43,90.6,12.36,25.49,57.15,28.59,30.06,25.59,10.48,36.06,44.92,20.22,34.31,12.82,27.1
91.78,63.94,87.07,59.21,48.62,23.98,24.66,69.63,45.58,13.31,64.12,8.51,30.47,21.64,189.66,49.75,56.09,7.0,20.11,42.2,64.19,329.45,266.22,133.29,50.1,91.63,9.58,44.9,192.0,7.29,40.97,20.88,13.27,22.29,99.81,20.59,21.5,86.24,11.49,25.33,55.37,28.17,30.38,25.58,10.76,36.04,44.87,20.08,33.85,12.5,27.2
92.46,64.14,90.89,58.46,50.21,23.46,25.61,69.26,46.76,13.5,63.95,8.52,31.13,21.54,189.26,50.25,56.63,6.84,20.41,42.66,64.7,344.58,263.48,131.47,50.45,88.76,9.59,45.14,191.56,7.39,41.64,21.29,13.51,22.3,100.95,20.7,21.9,85.98,10.79,25.34,56.09,28.47,30.35,25.06,10.89,36.16,45.2,19.48,34.25,12.67,27.06
91.47,64.36,89.58,58.63,50.43,22.95,24.87,69.2,47.3,12.98,64.74,8.32,30.88,21.49,187.15,50.01,56.14,6.67,20.24,41.42,64.05,339.8,262.51,128.65,49.66,87.28,9.45,44.05,189.49,7.55,40.76,21.52,13.64,21.31,98.53,19.86,21.31,86.57,10.64,25.76,54.43,27.83,29.58,24.94,10.99,35.64,45.59,19.23,34.17,12.66,26.55
91.52,63.71,87.38,57.44,50.38,23.33,24.93,70.14,46.74,12.75,65.12,8.32,30.17,21.49,186.45,50.75,54.97,6.78,20.14,38.87,65.44,345.04,262.12,128.65,49.44,84.56,9.33,44.49,192.28,7.68,42.46,22.06,13.85,20.77,98.36,18.47,21.41,87.61,10.85,25.06,56.94,28.17,29.74,24.79,11.11,34.56,45.93,18.95,34.37,12.64,25.2
91.52,61.9,91.89,58.55,49.82,23.03,25.14,69.5,46.96,12.57,64.99,8.12,29.25,21.72,185.69,49.31,54.98,6.86,20.52,37.43,63.83,343.76,256.26,125.45,51.96,85.07,9.29,44.1,193.7,7.94,41.94,22.07,13.91,21.26,101.65,18.64,21.71,91.02,10.62,25.37,55.55,27.98,30.04,25.14,11.13,34.47,46.46,18.73,33.63,12.53,24.49
91.66,61.5,97.46,58.89,50.73,22.09,25.34,70.24,47.13,12.48,64.1,8.1,28.95,21.03,187.68,49.95,53.18,6.96,20.05,38.42,64.56,335.55,255.82,124.43,52.19,90.03,9.43,45.01,190.15,7.96,44.23,22.13,14.22,21.27,103.46,19.02,21.39,92.62,10.75,24.94,56.26,28.02,30.24,25.02,11.2,34.08,46.93,18.22,34.09,12.42,24.97
91.06,59.77,96.66,58.81,51.49,21.92,24.79,69.92,46.33,12.21,63.03,7.98,29.92,21.16,185.62,48.68,52.55,6.84,19.89,38.2,63.0,339.27,259.94,124.32,52.65,89.39,9.45,44.31,184.72,7.89,43.19,22.16,14.05,20.81,101.09,19.3,21.43,89.8,10.82,24.81,54.01,27.89,30.15,25.59,10.89,34.2,46.5,18.0,33.42,12.3,24.99
91.97,61.68,97.09,58.48,52.72,21.99,25.53,70.07,46.56,12.45,63.36,8.24,29.68,21.05,185.74,48.58,52.75,6.81,21.26,39.19,65.06,358.56,259.32,124.87,51.61,85.49,9.44,45.66,187.71,7.85,41.84,21.37,13.73,20.75,102.38,19.89,21.46,90.38,10.83,24.99,55.88,28.17,30.44,25.59,11.09,34.42,46.81,18.6,33.37,12.41,25.24
91.25,63.8,96.42,58.38,51.26,21.94,24.42,69.87,48.1,12.74,63.24,8.21,29.5,21.31,184.66,48.09,53.24,6.75,20.76,40.71,67.55,334.63,260.42,123.37,50.14,87.88,9.52,46.08,192.27,7.72,41.42,20.93,13.41,20.98,103.76,19.65,21.52,87.3,10.91,25.11,56.01,27.97,30.6,25.66,11.3,34.97,46.58,18.86,32.86,12.76,25.68
91.26,63.9,97.46,58.18,51.14,21.99,24.4,70.88,48.65,12.77,64.07,8.34,29.26,21.44,183.41,49.98,54.74,6.8,21.23,41.52,66.89,330.28,263.1,124.48,48.13,82.91,9.77,45.37,196.55,7.53,41.53,21.06,12.66,21.1,104.94,18.78,21.28,85.56,11.3,24.87,57.29,27.66,30.85,26.25,11.49,34.14,46.76,18.94,32.61,12.69,25.21
91.41,63.19,96.55,57.51,49.46,21.55,23.93,71.88,48.79,12.97,63.41,8.61,28.35,21.3,185.75,50.25,54.48,6.79,21.37,41.35,66.74,341.97,262.92,120.6,48.64,86.57,9.58,43.87,188.54,7.47,43.12,20.68,13.12,21.06,104.71,19.21,21.43,85.31,11.17,25.06,58.01,27.42,30.6,26.34,11.37,34.02,46.33,19.24,32.77,12.7,25.59
91.24,64.0,93.5,58.05,49.02,21.65,24.38,71.74,48.87,13.55,62.75,8.61,28.18,21.15,186.7,49.94,54.77,6.58,20.81,40.83,66.76,347.15,261.2,120.56,49.23,82.97,9.87,45.18,187.32,7.4,41.83,20.62,12.68,21.14,104.55,18.95,21.06,82.14,10.95,26.21,58.2,27.25,30.65,25.91,11.6,34.42,45.93,18.62,32.49,12.71,25.26
91.18,63.0,91.08,56.89,50.03,22.05,24.01,73.08,50.06,13.52,62.64,8.54,28.59,21.38,187.56,49.42,54.9,6.54,21.04,39.26,66.94,346.01,256.86,118.78,48.78,81.43,9.9,45.27,183.99,7.52,42.95,20.67,12.16,21.27,105.18,18.56,20.85,78.79,10.98,26.21,59.82,27.62,30.44,26.74,11.7,33.74,46.45,18.47,33.35,12.91,24.81
91.91,62.82,90.26,56.34,51.56,22.07,23.7,74.47,50.14,13.67,61.38,8.6,28.89,21.66,186.6,50.09,53.7,6.47,21.46,40.46,65.77,363.49,253.39,120.82,49.68,80.42,10.15,47.03,181.27,7.64,43.99,20.9,12.06,21.59,104.81,18.91,20.93,81.1,11.12,25.82,57.97,27.69,30.17,26.78,11.91,34.76,47.13,19.0,33.49,12.56,25.16
92.31,62.75,88.19,54.53,51.81,21.12,23.79,74.86,50.42,13.72,62.57,8.53,29.64,21.0,187.92,47.9,54.02,6.7,23.11,40.78,65.68,369.53,248.45,121.68,49.77,82.28,10.23,46.09,182.37,7.58,43.94,21.01,11.98,21.55,106.59,19.29,21.36,82.07,11.47,26.52,56.78,28.01,29.83,27.0,11.78,34.85,47.4,19.5,33.38,12.93,26.24
89.45,60.24,85.24,53.14,51.45,19.89,23.55,72.97,49.15,13.46,61.75,8.35,28.12,20.14,182.56,44.78,54.93,6.61,21.76,39.47,62.27,347.46,242.71,120.16,47.26,78.01,10.23,44.56,179.13,7.29,39.76,20.84,11.56,21.11,104.38,18.35,21.24,78.52,11.14,26.22,56.15,27.48,28.95,26.31,11.67,33.34,46.11,19.03,33.03,12.29,25.48
89.75,60.24,86.74,53.25,50.96,19.5,23.36,73.95,50.42,13.08,65.01,8.61,28.26,20.16,187.39,45.78,55.97,6.58,21.43,39.25,62.33,361.92,242.86,117.15,45.85,76.45,10.22,44.69,179.98,7.24,37.34,20.55,11.93,21.27,102.71,17.8,21.01,75.33,11.08,25.69,56.78,27.3,28.68,25.96,11.49,34.0,46.52,19.24,33.35,12.66,25.21
89.57,59.62,86.47,54.05,50.55,19.32,22.26,75.76,51.98,13.31,64.84,8.66,27.95,20.15,188.51,45.93,57.2,6.36,21.16,38.85,63.43,357.53,241.68,116.95,45.22,76.08,10.31,44.03,184.19,7.25,37.83,20.43,12.05,21.38,100.25,16.7,20.92,75.83,10.78,25.32,56.85,27.44,29.15,26.08,11.5,33.9,47.31,19.69,33.0,12.64,25.29
88.67,60.82,88.26,53.32,50.11,19.41,21.47,75.33,51.65,13.24,64.95,8.75,27.76,20.13,187.48,45.67,56.02,6.18,21.2,39.64,63.38,333.55,240.78,114.74,45.01,73.27,10.33,43.68,187.76,7.46,37.7,20.26,11.73,21.51,101.83,16.53,20.85,69.22,10.87,25.71,59.55,27.19,29.23,26.03,11.2,33.6,47.77,20.4,32.75,13.2,25.15
88.51,61.53,85.22,53.65,49.93,19.66,21.25,76.25,50.31,13.38,65.57,8.9,26.91,20.37,188.78,46.11,57.01,5.94,21.37,40.27,63.11,332.05,235.75,115.95,45.23,71.79,10.69,43.34,184.64,7.27,38.31,20.19,11.85,21.48,103.23,15.74,20.6,73.1,10.87,26.18,59.09,26.69,29.49,25.94,10.96,32.81,48.09,19.91,32.82,12.5,25.27
88.17,62.89,86.18,53.29,50.01,19.09,21.25,77.11,50.46,13.31,65.5,8.96,27.02,19.9,189.94,46.86,56.36,5.98,20.16,40.82,62.48,310.03,244.46,116.17,44.83,70.73,10.79,43.2,177.69,7.34,38.08,20.61,12.09,21.61,102.18,15.98,20.35,70.05,11.17,26.41,60.23,27.13,29.53,26.81,10.86,33.37,48.41,20.12,32.31,12.5,25.65
88.03,60.64,83.96,53.15,51.58,18.36,20.83,75.92,50.9,13.28,66.82,8.7,27.73,19.92,188.74,45.11,56.55,5.88,20.3,39.99,61.37,311.76,242.29,117.74,46.27,71.2,10.91,43.15,179.0,7.41,36.79,20.87,11.66,21.3,101.57,16.5,20.45,68.4,11.37,25.79,60.69,27.42,29.36,27.57,10.8,32.12,48.58,19.51,32.6,12.73,25.71
86.49,59.79,83.17,52.13,51.85,18.5,20.64,75.86,48.64,12.88,67.94,8.79,26.81,19.39,185.76,45.17,56.32,5.83,18.84,39.75,61.42,301.39,241.64,119.36,45.79,69.51,10.29,42.85,174.52,7.22,34.44,20.62,11.17,21.18,100.75,16.44,20.57,66.41,11.34,24.65,57.64,27.16,28.69,26.8,10.54,32.21,47.79,18.94,32.29,12.37,24.64
86.12,59.85,81.7,52.94,51.72,18.47,19.3,79.06,48.35,12.79,67.11,8.75,26.48,18.62,186.18,45.1,55.26,5.83,18.63,39.4,61.68,300.83,238.22,119.57,45.75,66.99,10.17,42.71,179.15,7.08,33.23,20.19,10.94,21.71,101.57,16.87,20.37,65.17,11.58,25.04,57.83,27.57,28.8,26.8,11.01,32.18,47.9,18.59,32.02,12.32,24.09
88.04,61.64,87.81,53.96,52.64,18.1,18.93,79.07,48.71,13.14,69.7,8.84,27.11,19.29,185.11,45.84,56.96,6.01,19.74,40.35,62.83,308.48,251.73,123.56,46.14,66.55,10.52,42.94,186.09,7.2,35.57,20.78,11.17,22.06,104.46,17.52,20.49,61.61,11.99,25.8,59.65,27.85,29.22,27.88,10.99,32.65,49.53,19.44,32.85,12.81,25.15
89.57,62.0,88.61,54.28,53.2,19.04,19.23,81.58,49.79,13.73,70.68,9.15,27.93,19.55,188.17,48.91,58.86,6.31,21.45,40.3,64.27,309.38,253.88,122.89,46.44,67.37,10.45,44.2,181.7,7.21,36.35,20.78,11.37,22.91,105.68,16.65,20.53,61.62,12.28,26.39,59.97,27.97,29.9,28.45,11.46,34.76,50.35,20.02,32.75,13.1,25.54
90.89,62.02,88.04,54.27,54.11,19.14,20.2,80.63,50.33,13.91,71.01,9.06,28.88,19.83,184.88,47.14,58.93,6.37,22.88,41.39,62.86,311.53,260.11,124.55,48.57,73.57,10.83,44.5,180.22,7.5,37.89,21.17,11.88,22.37,106.83,17.23,21.02,64.01,13.17,27.24,62.16,28.03,29.86,28.83,11.51,34.1,50.64,20.38,33.04,13.56,26.73
89.49,62.67,87.97,52.87,53.14,18.48,19.83,79.76,49.85,14.1,70.3,8.77,28.18,19.6,184.37,45.65,57.56,6.43,23.15,41.97,60.56,295.39,248.05,122.21,47.09,74.81,10.77,43.84,175.46,7.57,38.82,21.2,11.76,21.72,104.1,17.47,21.05,62.18,13.13,26.17,61.16,28.23,29.73,29.15,11.0,33.76,50.07,20.4,33.28,13.34,28.03
89.21,60.81,89.22,52.49,52.98,17.89,19.53,79.75,51.06,14.14,70.97,8.65,27.75,19.41,184.97,45.93,56.32,6.44,23.1,41.93,60.68,308.62,242.91,121.68,47.28,77.46,10.9,43.96,174.67,7.4,39.17,21.43,11.83,20.84,98.52,17.64,20.62,62.52,13.07,27.19,58.12,27.75,29.21,29.0,10.68,33.36,50.07,19.83,32.44,13.35,27.14
91.45,60.9,90.79,52.82,52.02,18.57,20.51,80.36,51.99,14.04,71.37,8.88,29.15,19.63,190.35,47.67,56.66,6.51,23.45,43.2,63.07,336.1,241.08,122.57,49.64,75.75,10.8,44.84,180.74,7.12,39.93,22.26,12.05,21.22,101.87,18.7,20.91,67.5,13.76,28.73,57.16,27.96,29.8,28.82,10.95,33.96,51.59,19.93,32.56,13.8,28.08
91.17,62.12,91.85,51.46,52.37,19.05,20.94,79.82,53.74,14.18,74.1,8.83,28.98,19.74,195.23,47.49,54.85,6.51,22.43,43.76,63.39,324.43,254.14,120.24,46.91,73.3,10.62,44.67,182.88,6.84,39.21,22.39,11.83,21.58,101.43,18.17,20.85,62.81,14.03,27.62,58.37,28.39,29.76,28.76,11.09,33.81,51.53,20.0,32.64,14.27,27.2
90.3,62.18,86.58,51.41,52.07,18.88,19.63,78.72,52.23,14.21,73.03,8.57,28.67,20.19,192.37,46.05,53.35,6.41,21.55,43.73,62.89,342.48,252.28,118.02,45.36,70.93,10.26,43.32,182.17,6.54,38.74,22.21,11.48,21.2,96.5,18.43,20.46,63.15,13.8,26.82,58.7,28.05,29.81,28.76,10.88,32.56,51.26,20.43,33.05,13.84,26.78
91.39,61.34,89.64,50.77,54.21,19.17,19.69,77.4,53.32,13.89,72.29,8.51,28.44,20.46,194.11,47.7,55.13,6.45,21.48,43.35,64.71,352.81,253.79,116.02,46.51,68.84,10.43,44.11,188.89,6.74,40.74,22.63,11.69,21.54,96.1,19.16,20.54,67.17,14.5,27.18,57.91,28.12,29.75,28.97,10.89,33.22,51.75,20.78,34.08,13.99,25.86
92.29,61.95,90.03,51.94,55.67,18.97,19.98,77.78,52.72,14.17,72.63,8.45,28.26,20.81,193.78,49.45,55.3,6.49,21.45,43.89,66.57,360.58,260.57,117.72,48.09,69.41,10.48,43.61,190.67,6.9,40.45,22.64,11.99,21.69,95.01,19.05,20.5,68.97,14.87,27.3,56.55,28.41,29.87,29.77,10.99,32.58,51.62,21.48,34.33,14.23,25.93
91.88,60.98,89.4,51.53,55.21,19.25,19.74,76.32,54.81,14.06,73.89,8.35,27.64,21.06,189.59,49.92,53.46,6.29,21.83,43.07,66.93,361.19,257.5,116.29,47.95,72.02,10.48,43.62,188.86,6.85,39.6,22.64,12.11,21.69,91.51,19.34,19.88,70.64,14.57,26.73,55.34,28.31,29.78,28.99,11.1,32.92,51.48,21.68,35.24,14.07,25.76
93.8,62.41,87.92,53.77,55.49,20.35,20.74,78.32,55.47,14.39,74.03,8.56,28.55,21.9,195.9,51.51,54.79,6.27,22.23,42.96,67.99,373.18,258.63,118.13,48.31,74.4,10.55,45.55,197.41,7.08,40.11,22.9,12.0,22.22,94.95,19.82,20.28,72.22,14.5,26.53,56.32,28.66,30.31,28.92,11.62,33.78,53.44,21.82,35.88,14.17,25.52
94.28,65.12,90.13,54.04,55.42,21.31,20.56,78.88,55.97,14.5,77.25,8.56,28.79,21.72,196.87,52.26,53.9,6.2,21.94,42.8,70.44,363.78,258.83,117.22,46.4,75.76,10.72,45.62,200.94,7.02,40.41,23.08,12.26,22.06,97.84,20.2,20.2,69.14,14.57,26.8,59.25,28.3,30.17,29.45,11.98,33.78,54.99,22.3,36.29,13.91,26.17
94.79,66.71,87.7,54.15,55.09,21.91,20.62,79.12,56.22,15.08,76.95,8.64,30.44,21.6,196.09,51.56,53.47,6.17,21.42,44.44,70.52,373.99,253.44,116.78,46.47,73.12,10.82,45.85,202.91,7.0,38.83,23.55,12.44,22.6,96.49,20.24,19.68,68.02,15.33,27.82,57.57,28.34,30.91,29.6,12.08,34.51,55.44,23.21,36.6,13.72,26.35
96.07,67.83,88.46,54.76,56.58,23.37,21.02,80.19,55.31,15.59,78.6,8.66,31.0,21.09,198.44,52.8,54.86,6.24,21.6,44.81,69.97,383.76,256.33,118.7,44.75,73.84,11.03,47.2,206.76,7.32,39.85,23.61,13.24,22.2,99.83,20.28,20.05,64.44,15.76,28.83,56.81,28.68,31.05,29.71,12.15,35.03,56.6,23.67,36.96,13.99,26.88
94.2,67.49,83.56,54.41,56.41,22.91,19.87,78.29,54.05,15.11,77.27,8.39,31.07,20.17,192.14,51.63,54.14,6.28,20.82,44.54,68.52,378.08,249.35,118.59,44.42,70.22,10.83,46.47,200.11,7.08,39.92,23.41,13.44,21.39,98.08,20.64,19.53,63.73,15.55,30.19,53.18,28.19,30.01,29.12,11.86,34.54,55.44,24.12,36.74,13.69,26.11
92.84,65.68,82.46,52.81,54.98,23.06,19.36,77.15,52.38,15.35,73.89,8.25,30.63,20.43,196.17,51.81,53.41,6.26,19.91,44.7,68.71,369.35,240.64,117.61,42.86,68.88,10.65,45.15,197.16,7.07,40.24,23.66,13.26,21.47,100.51,20.03,19.3,60.23,14.7,28.95,53.07,28.15,29.43,29.06,11.52,35.27,54.09,24.73,36.45,13.36,25.32
92.27,66.73,81.86,51.97,56.36,23.68,19.24,75.83,51.0,15.17,73.36,8.21,29.71,19.8,191.93,51.12,53.18,6.4,19.2,44.69,67.52,371.66,239.48,116.49,43.83,67.39,10.52,45.49,199.21,7.12,40.64,23.79,12.87,21.26,98.44,20.68,19.43,56.92,14.86,26.87,53.28,27.88,28.98,28.76,11.15,34.51,53.52,24.62,36.56,13.42,26.03
93.57,66.45,80.99,53.51,56.02,23.43,18.56,76.35,51.29,15.17,76.38,8.24,30.47,19.93,192.62,51.38,51.27,6.28,19.32,44.07,67.68,392.42,245.41,117.57,46.37,65.91,11.0,45.77,205.89,6.96,44.97,24.15,12.97,21.2,98.44,21.07,19.72,56.83,15.08,27.28,54.15,27.9,28.94,29.26,11.38,34.29,53.77,24.99,36.91,13.72,25.95
93.87,66.16,81.21,55.02,56.42,23.36,18.82,78.52,53.6,14.91,74.66,8.2,30.45,20.56,191.8,53.24,51.33,6.32,19.38,45.19,68.45,385.21,239.43,123.27,48.69,66.42,11.0,46.02,201.0,7.17,45.19,23.96,13.41,21.09,99.98,21.28,19.96,56.95,15.32,27.92,54.18,28.24,29.0,29.38,11.39,34.59,54.31,24.64,36.14,13.47,25.9
92.59,64.08,83.21,54.61,55.74,22.68,18.55,80.17,54.13,14.91,73.43,8.21,30.05,20.85,189.72,52.56,51.33,6.3,19.41,44.43,69.67,359.32,228.52,123.32,48.09,63.79,11.04,45.61,202.48,6.99,44.2,23.68,13.43,21.43,100.96,20.02,19.97,56.61,15.31,27.51,55.19,28.3,28.88,29.28,11.24,34.66,54.13,24.32,35.01,13.38,26.1
93.79,62.96,83.89,55.34,55.46,22.63,18.88,81.91,55.46,15.11,75.78,8.27,30.7,21.2,189.68,54.2,52.96,6.37,19.16,43.65,71.58,356.48,237.6,120.39,48.29,63.61,11.52,45.89,202.9,7.04,44.03,24.24,13.93,22.11,101.57,20.24,20.13,59.73,15.28,27.07,56.38,28.91,29.68,30.24,11.41,35.09,55.03,23.79,35.5,13.59,27.26
93.96,62.03,86.77,54.43,54.63,22.41,18.86,81.9,56.75,14.95,78.48,8.38,31.86,20.55,191.25,54.56,54.8,6.57,19.69,42.67,71.16,354.72,231.44,119.37,48.98,63.42,11.7,47.35,203.04,7.12,42.43,24.0,13.89,22.19,100.31,19.69,20.48,57.56,14.96,26.92,57.11,28.66,30.32,29.92,11.77,35.39,56.28,22.78,35.37,13.77,26.88
94.23,60.84,83.91,54.05,55.19,21.48,19.45,81.01,55.61,14.83,75.93,8.29,32.47,20.64,190.89,54.56,55.28,6.69,19.52,43.22,70.05,375.39,235.55,116.66,49.2,64.83,12.12,47.49,202.19,7.02,40.46,23.62,13.57,22.6,101.09,20.39,20.73,57.9,14.64,28.04,57.0,28.91,29.91,29.78,11.7,34.57,56.34,22.23,34.82,13.71,26.48
93.78,61.15,85.17,53.65,54.97,21.41,19.75,78.9,55.52,14.64,75.42,8.41,31.93,20.25,190.7,53.11,55.03,6.53,19.91,43.22,70.34,379.53,239.95,113.53,48.28,64.67,12.18,46.86,197.96,6.9,39.47,23.36,12.92,21.94,99.89,19.01,20.61,57.29,15.06,27.43,55.72,28.83,29.5,29.81,11.73,35.27,57.6,22.42,34.35,13.68,26.38
92.93,63.17,86.13,55.34,54.6,21.04,19.67,78.58,52.7,15.23,78.32,8.51,31.16,20.53,191.09,52.41,53.22,6.45,18.8,44.06,72.59,350.11,241.13,110.67,47.66,62.19,11.87,47.79,204.96,6.64,38.87,23.16,12.96,22.23,102.97,18.57,20.62,55.73,14.87,27.83,57.59,28.22,29.77,29.82,11.77,35.74,57.69,22.48,33.95,13.5,25.42
90.73,62.16,84.57,54.21,54.46,20.92,18.9,77.05,51.67,15.06,78.46,8.46,29.87,20.4,187.9,51.79,52.76,6.34,17.86,42.4,69.61,322.43,237.11,107.64,46.44,61.14,11.44,47.51,203.77,6.47,36.07,22.56,12.5,21.8,99.41,18.7,20.75,55.94,15.14,27.29,56.95,27.68,29.2,29.14,11.86,34.5,56.33,22.35,33.35,13.44,24.68
90.68,62.48,85.66,53.54,54.94,20.25,18.36,77.74,50.99,15.68,79.03,8.47,30.28,20.57,192.48,51.49,51.53,6.35,17.63,42.1,66.42,329.38,228.78,107.82,45.04,59.43,11.27,48.06,208.78,6.6,34.73,21.9,12.63,21.98,100.39,19.2,20.63,55.69,14.71,27.89,56.02,27.51,29.27,28.75,11.86,36.78,57.01,22.6,33.84,13.47,24.4
89.89,64.33,86.53,55.36,55.35,20.87,17.86,76.53,49.78,15.75,79.81,8.67,29.15,20.88,190.95,50.53,51.5,6.11,17.74,41.18,67.82,299.94,230.13,107.75,43.28,59.09,11.31,48.47,214.64,6.48,33.87,21.78,12.53,22.04,103.03,17.99,21.0,55.72,15.32,28.04,53.27,27.75,29.48,28.77,12.01,37.34,58.16,23.18,34.02,13.4,24.63
89.48,65.21,86.47,54.84,55.66,21.07,17.84,74.51,49.26,15.41,80.63,8.97,28.44,20.9,190.68,51.97,52.45,5.98,16.92,39.86,65.91,290.6,225.27,108.62,42.97,60.77,11.23,47.34,217.47,6.55,34.6,21.61,12.37,22.2,105.02,17.89,20.58,55.0,15.39,27.74,53.63,27.68,29.81,28.5,12.01,37.18,58.78,22.76,33.7,13.38,23.83
89.29,65.12,88.64,55.44,54.09,20.29,18.48,72.66,50.13,14.57,79.5,8.89,28.19,21.36,192.56,52.1,51.89,5.93,17.51,39.85,65.07,293.61,221.74,108.97,43.95,62.54,11.15,47.48,215.19,6.33,35.49,21.45,12.49,21.82,105.34,17.71,20.43,52.29,15.18,28.07,52.77,26.98,30.04,28.4,12.07,38.21,59.02,23.15,32.39,13.5,23.15
89.41,62.27,87.62,54.67,54.38,19.13,17.81,72.86,50.68,14.53,78.62,8.61,28.09,21.45,188.55,51.3,51.32,6.14,18.27,42.47,65.57,302.26,219.95,112.51,45.61,64.95,11.44,46.48,209.19,6.31,37.91,21.67,12.55,21.6,104.67,18.44,20.76,54.03,15.31,28.42,51.98,26.94,29.76,28.14,11.64,37.94,58.32,23.09,33.9,13.78,23.15
90.09,62.49,88.11,57.19,55.21,19.57,18.34,75.3,52.78,15.1,80.23,8.55,27.86,21.34,188.79,51.88,51.97,6.14,17.73,43.06,65.75,292.02,218.1,114.61,45.82,67.53,11.31,47.07,217.5,6.44,38.05,21.81,12.93,22.22,106.94,18.65,21.03,52.55,15.63,29.13,54.24,26.9,30.17,28.3,11.61,38.84,58.32,22.41,34.27,13.61,23.38
89.36,61.67,89.74,56.61,54.46,19.77,18.0,73.2,52.79,14.8,80.96,8.62,27.55,21.55,186.81,53.48,51.33,6.09,17.51,42.02,65.14,294.38,216.72,109.71,44.07,66.31,10.94,46.57,208.97,6.53,36.64,21.96,12.74,22.55,105.94,18.8,20.52,50.62,15.93,28.84,51.7,27.13,30.05,27.69,11.65,38.21,59.19,22.77,33.47,13.35,22.03
87.81,62.59,86.6,55.53,53.61,19.17,17.59,71.65,51.3,14.36,78.78,8.54,27.41,21.24,189.12,52.38,49.98,5.85,16.08,43.02,67.86,280.82,211.98,110.16,43.68,62.97,11.03,46.39,207.16,6.46,35.02,21.82,12.97,22.36,103.4,18.32,20.49,51.02,15.43,27.57,51.67,27.32,29.91,26.83,11.43,38.24,58.64,22.08,33.61,13.14,22.18
86.96,63.41,84.02,54.64,54.58,18.46,16.6,70.9,50.19,14.36,79.14,8.21,27.33,21.3,184.89,52.11,49.78,5.91,16.06,42.52,67.54,274.14,218.45,106.32,42.87,66.45,11.18,45.87,205.6,6.31,36.17,22.03,12.89,21.75,102.93,18.5,20.53,52.58,15.02,25.86,52.93,26.69,29.37,26.87,11.13,37.52,57.32,21.61,33.06,12.57,21.73
86.68,61.8,82.04,54.05,54.39,18.33,16.12,69.03,50.91,14.55,76.89,8.03,26.38,21.74,181.82,52.25,49.78,5.81,16.08,42.93,66.2,271.22,214.05,105.56,43.37,69.07,11.19,45.4,199.13,6.38,36.61,22.04,12.78,21.69,101.98,18.62,20.24,56.69,15.46,26.08,54.57,26.7,28.94,26.9,11.2,38.69,57.33,21.56,33.21,12.46,21.53
87.12,60.0,80.58,53.02,53.91,18.17,16.2,69.56,51.24,14.6,76.41,7.84,26.45,21.74,180.51,50.88,49.46,6.0,16.28,44.72,65.01,277.16,219.92,107.53,43.67,72.15,11.6,45.01,201.05,6.51,37.48,21.78,13.35,22.15,102.53,19.0,20.16,60.23,15.63,25.67,54.17,27.31,28.75,26.73,11.28,37.89,57.29,21.98,33.39,12.51,20.72
85.86,56.98,81.17,52.49,53.67,17.87,16.15,68.47,50.96,14.26,73.14,7.74,24.87,21.49,179.44,50.15,48.86,5.92,16.19,44.03,63.06,266.36,223.2,105.45,42.95,73.69,11.3,45.16,194.55,6.35,36.24,21.72,13.01,21.07,101.32,18.26,20.11,59.73,15.18,26.49,54.44,27.02,28.4,26.99,11.22,37.43,56.69,21.72,32.91,12.72,20.63
84.65,55.3,78.13,52.43,53.6,17.93,16.16,66.46,50.56,13.53,74.3,7.58,24.6,21.34,178.67,48.58,47.26,5.72,15.56,44.32,61.06,262.37,218.19,103.1,41.51,71.69,10.9,45.65,188.37,6.27,36.02,21.41,12.78,21.16,102.66,17.5,19.79,59.89,15.53,26.13,52.39,26.85,28.41,27.24,10.94,36.12,56.05,21.31,32.46,12.61,21.01
83.25,55.35,74.54,52.59,53.11,17.29,16.02,65.5,49.52,13.45,73.08,7.56,23.93,21.98,177.72,47.32,46.42,5.78,15.68,42.62,59.58,257.09,214.69,104.62,41.04,70.97,10.97,45.44,192.65,6.3,33.85,20.81,12.71,20.81,99.12,17.43,20.05,57.79,14.75,25.76,51.45,26.54,28.49,26.43,10.59,34.51,54.63,20.69,32.09,12.28,20.5
82.73,54.28,72.11,50.97,53.71,17.22,15.73,63.78,50.23,12.93,70.4,7.53,23.48,21.8,173.15,46.46,45.71,5.69,15.37,42.83,59.81,264.12,212.09,102.41,43.24,72.77,11.28,45.38,191.86,6.45,32.95,20.99,12.1,20.57,96.7,17.98,19.38,58.92,15.43,24.84,49.92,25.62,28.33,27.22,10.34,34.6,53.62,20.48,31.76,11.72,20.23
83.22,54.26,72.9,50.62,53.46,16.82,15.21,62.93,51.09,13.01,70.74,7.33,23.18,22.86,175.51,46.37,46.62,5.71,15.39,42.95,58.79,267.85,217.41,103.15,43.88,72.96,11.44,45.37,194.18,6.54,32.09,21.37,12.22,20.76,94.01,18.27,19.68,59.6,15.75,24.8,50.39,25.67,28.46,27.32,10.46,34.3,54.27,20.7,32.08,11.7,20.7
83.31,54.04,71.76,50.01,54.33,16.45,15.56,63.04,49.33,13.43,71.75,7.2,23.5,22.38,174.69,47.37,45.44,5.68,15.77,43.09,56.28,273.19,217.85,103.65,45.42,72.22,11.42,46.32,197.31,6.66,33.75,20.9,12.41,20.41,93.1,18.86,19.02,63.12,15.58,25.43,49.25,24.96,28.45,26.76,10.48,33.56,53.9,20.04,31.65,11.41,21.4
83.15,54.16,74.17,49.95,54.97,16.72,15.31,64.95,50.66,13.43,71.6,7.05,24.32,22.46,172.57,47.91,44.49,5.76,16.68,42.36,54.99,267.89,219.69,103.95,44.63,73.16,11.57,46.68,196.66,6.5,34.15,21.16,12.6,20.6,92.18,18.77,19.09,60.37,15.35,24.54,49.49,24.58,28.46,26.31,10.34,34.17,53.83,20.1,30.68,11.3,21.17
83.99,55.74,76.88,50.29,57.09,16.77,15.68,64.88,50.06,13.46,72.46,6.85,24.8,22.58,175.36,50.13,45.8,5.91,16.53,41.45,56.34,271.48,222.24,104.24,45.28,70.13,11.63,46.91,195.56,6.62,35.84,20.93,12.69,20.79,91.94,19.05,19.21,62.67,15.32,25.2,47.99,24.68,29.06,26.03,10.72,35.25,54.38,20.39,30.27,11.56,20.78
84.19,55.04,76.76,49.53,57.22,16.36,15.7,63.44,48.71,13.31,71.39,6.75,24.43,22.89,173.65,50.75,46.04,5.94,16.56,41.03,57.44,276.75,222.28,105.7,45.59,70.72,11.56,47.53,192.79,6.83,38.06,20.74,12.79,20.81,94.27,19.65,19.23,64.49,15.83,25.92,46.68,25.06,28.98,26.34,10.58,34.21,54.52,20.7,30.52,11.38,20.44
84.09,55.68,73.59,50.41,58.89,16.48,15.5,63.56,50.11,12.9,70.98,6.66,24.8,22.38,173.51,49.69,45.65,6.07,17.44,41.12,57.35,280.87,221.34,107.04,45.54,69.51,11.52,45.99,190.77,7.02,37.55,20.34,12.35,20.23,92.14,20.28,19.16,65.07,15.59,26.69,47.04,24.57,28.84,26.51,10.76,34.66,54.25,20.47,30.42,11.27,20.53
82.72,56.29,75.23,50.45,59.34,16.07,14.99,63.95,50.34,12.75,69.6,6.7,23.59,22.73,170.59,51.07,47.45,6.01,17.78,39.95,56.67,261.07,213.77,109.86,43.78,65.78,11.5,44.59,191.7,7.06,35.28,20.06,12.35,19.69,90.95,18.11,18.96,65.72,16.18,25.31,45.39,24.79,28.99,25.77,10.74,33.98,53.37,21.08,30.18,11.4,20.12
83.53,57.47,78.31,51.73,60.41,15.66,15.52,64.22,49.8,12.93,67.5,6.7,24.08,22.81,171.45,51.37,48.82,5.9,18.15,40.39,57.44,272.2,220.89,108.85,45.96,67.91,11.46,44.65,190.84,6.84,33.82,20.04,12.87,20.23,92.3,18.23,19.02,68.3,16.52,24.65,44.75,24.85,29.03,25.25,10.72,35.1,52.8,21.63,30.05,11.16,20.28
83.17,57.07,79.3,50.46,58.69,14.97,15.59,63.69,50.33,12.51,68.9,6.48,23.99,22.9,167.21,50.62,46.67,5.88,17.66,39.21,57.3,280.11,224.88,103.64,46.67,66.61,11.14,43.74,192.74,6.61,32.17,19.85,12.67,19.96,91.4,19.24,18.92,71.23,16.09,25.86,43.44,24.44,28.44,25.33,10.79,35.12,52.61,21.1,29.74,11.23,21.04
82.69,56.03,78.41,50.31,59.13,14.81,15.97,64.15,50.34,12.69,65.58,6.36,24.06,22.81,169.56,52.95,45.35,5.89,17.29,39.92,57.16,258.72,227.0,105.87,46.87,69.8,11.51,44.34,194.45,6.6,29.56,19.74,12.48,19.74,91.42,18.42,19.03,70.04,16.41,26.34,42.51,24.52,28.36,24.94,10.66,36.07,52.59,22.2,29.95,11.73,21.35
83.11,55.95,78.08,50.16,60.0,15.08,16.09,63.34,49.9,12.81,66.26,6.31,24.52,22.95,166.41,52.12,45.77,6.02,17.82,41.88,55.81,270.55,227.98,107.9,46.72,70.12,11.71,44.35,187.85,6.76,29.37,19.12,12.03,19.52,92.54,18.45,19.12,71.6,16.5,26.81,42.24,24.14,28.66,24.74,10.74,35.9,52.37,23.02,30.08,11.68,21.69
83.26,56.54,81.84,48.88,59.31,15.19,16.34,63.32,49.45,12.44,66.84,6.31,24.7,22.71,165.8,51.86,45.08,6.06,18.13,41.01,56.62,270.3,222.64,108.22,45.73,67.95,11.96,43.53,190.68,6.6,29.09,19.19,12.38,19.95,94.26,18.79,19.0,75.05,16.55,26.84,43.63,24.23,28.83,24.64,10.6,37.23,52.24,23.38,30.01,11.53,21.98
83.28,55.38,84.58,48.82,58.34,15.69,16.4,63.59,49.83,12.9,65.59,6.59,25.1,23.36,162.64,53.71,45.8,6.15,17.27,40.28,56.59,269.97,212.54,109.68,47.03,69.17,11.84,43.76,188.23,6.4,29.1,19.05,12.05,19.71,94.73,18.7,19.18,76.66,16.54,27.02,43.05,24.49,28.91,24.01,10.84,38.1,51.81,23.42,29.65,11.33,21.67
84.51,55.97,90.52,49.8,58.52,15.38,16.94,64.71,52.57,13.11,66.07,6.73,25.58,23.55,162.72,54.1,46.21,6.23,17.96,42.58,57.86,277.82,214.76,105.77,48.11,71.91,12.11,43.87,187.47,6.49,28.57,19.27,11.82,20.08,96.37,18.98,19.38,76.67,16.84,28.25,44.26,24.52,29.14,24.29,10.85,38.42,51.87,23.86,29.9,11.32,22.76
85.23,56.43,91.11,50.65,60.02,16.2,17.08,63.92,52.6,13.27,66.03,6.78,26.1,23.53,163.56,54.2,45.38,6.04,17.78,42.68,57.26,295.55,212.65,109.93,49.18,72.13,12.18,44.28,182.63,6.48,29.34,19.62,11.99,19.83,95.23,19.66,19.84,76.22,16.92,28.09,43.08,24.82,28.82,24.99,10.94,37.39,51.65,23.92,29.38,11.43,22.72
86.75,56.2,91.37,51.11,58.26,17.06,16.53,62.8,54.05,13.12,64.15,6.94,26.85,23.8,164.39,53.98,47.68,6.05,18.21,44.11,57.82,327.23,210.61,111.21,49.75,72.22,12.82,45.98,187.57,6.37,29.86,19.76,12.28,20.45,96.88,20.01,19.76,78.66,17.04,27.24,44.67,25.19,28.72,25.35,11.13,38.25,51.98,23.99,30.04,11.53,23.27
85.84,55.58,88.86,49.91,57.85,16.6,15.77,61.33,52.77,12.9,64.62,6.85,25.98,23.44,162.0,50.67,47.17,5.95,18.11,43.25,59.04,335.21,211.09,108.39,48.12,72.1,12.82,44.65,186.58,6.2,30.77,19.45,12.2,20.26,97.11,19.11,19.39,74.66,17.33,26.55,42.95,24.67,27.94,25.4,11.0,40.35,51.02,24.18,29.69,11.88,23.13
86.24,54.33,90.19,49.48,57.97,16.32,16.09,62.39,52.58,12.95,65.33,6.97,26.13,23.02,161.76,51.25,46.3,5.94,18.28,43.89,59.62,334.87,218.67,109.07,47.72,71.27,13.02,43.74,192.96,6.41,29.2,19.94,12.45,20.21,98.99,19.41,19.54,75.58,16.87,26.51,42.7,24.76,28.11,25.64,10.76,41.79,50.75,25.03,30.13,12.2,22.89
85.42,53.33,86.94,48.52,57.73,15.91,16.4,61.11,50.94,12.57,65.55,6.87,26.32,22.29,159.95,50.07,43.96,5.79,18.56,42.75,58.25,341.57,213.84,105.27,47.81,73.33,12.9,42.75,187.9,6.62,30.23,19.47,12.11,20.04,97.38,19.18,19.25,74.37,16.81,26.25,42.33,24.5,27.93,25.17,10.79,40.5,49.52,24.81,29.81,12.34,22.95
84.91,52.6,84.48,48.39,58.48,15.42,16.57,60.92,50.83,13.02,64.9,6.69,26.77,22.93,159.59,50.5,44.68,5.81,18.54,44.28,58.54,327.51,219.46,103.09,47.72,75.33,12.8,42.5,184.87,6.59,28.15,19.42,12.22,20.11,95.94,18.93,19.51,74.58,17.06,26.85,40.98,24.54,27.7,25.37,10.45,39.14,48.83,23.73,29.72,12.6,23.49
86.03,53.06,86.12,49.38,57.83,15.49,16.79,60.65,50.47,13.12,67.24,6.63,26.57,23.29,163.09,51.84,45.69,5.87,18.7,44.44,60.31,339.26,217.2,103.91,49.02,77.53,12.75,42.43,185.27,6.38,28.11,19.43,12.46,20.41,96.17,18.62,19.54,76.25,16.88,27.91,44.45,24.97,28.63,25.32,10.72,37.89,48.67,24.54,29.2,12.67,23.43
85.58,53.75,83.87,49.22,55.95,15.77,16.98,59.19,50.77,13.04,65.98,6.52,26.3,22.97,162.91,51.2,46.03,6.03,17.87,44.64,60.58,331.78,222.28,100.73,48.67,75.12,12.63,42.37,185.46,6.4,27.4,18.85,12.78,20.59,98.01,18.67,19.37,75.49,16.96,27.83,44.92,24.73,28.59,24.92,10.99,37.85,49.79,24.68,28.87,12.5,23.51
85.61,53.55,82.29,49.16,55.54,15.5,17.27,58.95,48.8,12.41,63.96,6.32,26.45,22.54,162.92,49.86,46.06,6.21,18.41,45.25,59.97,351.81,222.55,98.54,48.47,76.03,12.65,42.33,185.5,6.32,25.47,18.87,12.88,19.98,99.34,19.24,19.88,76.0,16.96,28.46,44.6,24.75,28.48,24.93,10.95,36.24,48.9,24.27,29.41,12.43,22.88
84.93,52.72,80.46,49.26,54.74,14.87,16.0,58.33,47.63,12.38,63.89,6.28,26.21,22.47,161.81,48.29,45.02,6.14,19.49,45.76,58.58,357.4,224.49,97.22,48.8,77.56,12.34,42.09,186.79,6.07,25.89,18.41,12.71,19.95,97.87,18.44,19.62,78.6,16.5,28.63,43.11,24.65,28.01,24.46,10.93,35.94,48.47,23.64,28.53,12.44,23.26
86.43,54.27,84.25,49.51,55.9,15.57,16.58,59.43,49.04,12.89,65.86,6.5,26.91,22.6,167.98,49.4,46.67,6.34,18.51,44.57,59.48,343.27,226.46,98.88,49.82,78.72,12.73,43.91,191.17,5.94,26.5,19.47,13.09,20.47,101.06,19.02,20.08,79.89,16.46,28.71,45.23,25.26,28.97,24.73,11.35,38.58,49.31,23.6,29.34,12.84,23.34
87.79,53.88,85.69,49.67,57.66,15.74,17.24,59.3,49.21,12.82,64.95,6.43,27.35,23.32,168.8,50.38,46.25,6.24,17.78,46.14,58.95,360.76,222.57,100.49,50.92,79.06,12.83,43.79,186.79,6.09,29.22,19.8,13.14,20.49,102.82,19.16,20.35,82.72,16.68,30.25,46.38,25.31,29.69,25.4,11.42,39.96,50.09,23.78,30.02,13.0,23.44
89.17,54.37,87.16,50.81,58.55,15.49,17.54,59.13,49.79,12.61,66.07,6.43,28.51,22.92,166.7,50.42,46.09,6.29,17.81,47.07,60.11,382.9,219.42,103.19,53.97,82.67,12.51,45.05,187.23,6.23,29.48,19.76,13.18,20.84,103.03,18.91,20.62,89.03,17.13,30.51,47.33,25.64,29.61,25.66,11.69,38.73,49.72,24.35,29.9,13.0,23.71
88.4,53.44,85.96,50.09,58.79,15.03,17.39,59.06,50.46,12.43,67.09,6.28,28.87,23.42,167.77,50.38,45.7,6.41,17.94,46.76,62.71,366.46,218.04,102.74,53.95,83.67,12.08,45.1,185.27,6.11,29.17,19.57,13.37,20.71,103.76,18.65,20.47,84.73,17.57,31.16,47.01,25.72,29.31,24.96,11.44,38.17,49.29,24.31,29.5,13.16,23.28
89.96,54.21,90.02,50.84,59.88,15.32,17.61,59.25,51.36,12.57,68.15,6.3,29.12,24.29,171.67,51.58,46.0,6.49,18.08,45.8,62.45,400.27,219.43,100.14,53.19,84.07,12.28,43.44,183.52,6.16,29.23,20.09,13.24,20.93,108.17,18.62,20.42,86.12,17.05,31.26,46.71,26.28,29.61,25.22,11.57,39.39,49.93,24.49,29.54,13.18,23.34
89.96,55.02,90.53,50.14,58.75,15.55,17.79,59.74,51.84,12.82,68.64,6.3,29.19,24.69,169.22,51.56,46.24,6.58,18.9,46.68,64.43,385.81,221.27,97.59,52.86,84.61,12.43,43.48,186.31,5.94,28.78,20.31,13.61,21.39,109.86,17.75,20.74,84.75,17.37,30.94,46.5,26.32,29.4,25.4,11.44,40.29,50.69,24.83,29.5,13.33,24.16
91.6,56.94,91.83,51.47,60.0,16.48,17.99,60.38,52.88,12.88,67.3,6.46,30.29,24.59,171.93,52.41,47.65,6.68,19.11,47.75,67.31,408.41,219.28,97.77,52.75,89.15,12.38,45.39,189.86,5.89,29.22,20.38,13.24,21.82,113.62,17.74,20.65,88.43,16.56,31.34,47.85,26.72,29.76,25.41,11.45,40.52,51.4,25.83,29.61,13.57,24.45
91.88,56.86,87.94,51.13,61.66,16.18,17.63,60.99,53.23,12.9,67.58,6.39,31.32,25.17,173.54,52.29,48.36,6.81,19.3,49.92,66.63,396.23,224.85,100.08,51.74,89.74,12.55,45.63,196.52,5.93,30.36,20.79,13.14,21.73,112.77,17.59,20.57,87.85,16.74,28.73,50.75,27.62,29.79,25.44,11.7,41.72,51.44,26.45,29.73,13.53,25.69
92.18,57.47,87.87,52.3,62.87,16.58,17.77,62.18,52.89,12.94,69.6,6.28,31.08,25.47,169.98,49.79,49.41,6.82,19.38,50.34,67.36,381.2,227.98,100.74,52.08,95.58,12.55,46.08,195.61,6.32,32.28,20.61,12.9,22.14,112.12,18.31,20.59,88.34,16.73,29.69,51.7,27.66,29.98,25.16,11.9,41.4,51.74,26.53,30.59,13.56,25.89
93.35,57.53,87.7,52.63,64.76,16.38,17.72,64.08,52.94,13.01,73.03,6.37,31.82,25.65,170.41,53.25,48.36,7.17,19.92,52.6,66.16,384.6,245.09,102.24,51.85,90.27,13.17,45.27,198.56,6.39,33.07,20.76,13.44,22.27,112.89,17.96,21.41,89.62,16.59,29.86,49.67,28.1,29.99,25.97,12.37,41.13,52.73,26.33,30.54,13.92,26.25
94.45,57.83,94.01,54.01,65.78,16.4,18.15,64.31,54.92,13.3,75.17,6.57,31.98,25.88,177.03,53.03,49.64,7.27,20.66,51.89,67.87,368.74,244.42,103.33,52.25,92.96,13.14,46.9,202.67,6.44,31.58,20.57,13.76,22.46,116.55,18.39,21.72,95.88,17.09,30.77,51.57,27.94,30.62,26.27,12.68,43.18,53.87,26.04,29.57,14.07,26.49
94.68,58.3,97.65,53.04,65.19,16.1,17.93,64.14,54.0,13.49,72.0,6.6,32.35,25.25,175.45,52.45,49.8,7.25,18.94,49.92,67.27,392.41,243.19,101.77,51.71,92.16,13.47,46.3,209.76,6.27,32.2,20.54,13.63,22.26,116.01,17.83,21.69,97.9,17.59,31.11,51.58,27.97,30.62,26.13,12.45,43.57,53.88,26.2,29.22,14.01,26.97
96.24,59.56,102.65,54.09,65.27,16.6,18.65,65.87,55.77,13.51,73.49,6.7,32.06,25.88,179.62,52.96,50.88,7.26,18.8,48.94,67.53,390.12,247.73,104.71,52.66,96.17,13.43,47.7,211.12,6.13,32.09,20.58,14.58,22.52,119.25,18.32,22.03,100.02,17.85,30.85,53.96,28.65,30.96,27.05,12.64,44.8,55.06,25.99,30.0,14.24,28.0
95.84,58.62,98.65,54.86,63.25,17.19,18.77,66.64,56.51,13.61,75.56,6.58,31.7,25.28,181.46,52.22,50.99,7.23,18.07,49.16,67.4,396.37,250.06,106.48,51.74,95.74,13.87,46.97,207.92,6.25,30.51,20.34,14.2,22.37,119.93,18.69,21.9,96.02,17.81,30.85,50.5,28.32,30.92,26.43,12.87,44.05,54.73,25.3,29.5,14.11,27.88
93.23,59.79,97.83,54.81,62.84,16.57,18.85,64.75,55.36,13.3,73.04,6.42,31.47,24.5,179.03,50.26,50.49,7.08,18.29,48.89,68.24,357.23,244.02,106.15,49.4,92.32,13.59,46.29,202.35,6.0,28.13,19.98,14.64,22.02,118.2,17.83,22.19,89.51,17.99,29.13,49.59,28.54,30.27,25.99,12.76,43.66,54.11,24.68,29.86,13.65,27.74
92.43,60.23,97.51,55.18,63.02,15.84,18.08,64.9,52.67,13.22,71.55,6.31,30.99,24.26,176.13,51.06,50.18,7.34,19.09,47.4,65.07,365.2,242.13,101.87,49.68,89.79,13.33,46.24,201.79,5.93,27.6,19.72,14.8,22.4,115.72,17.5,21.82,84.98,17.84,27.97,50.21,28.69,29.76,25.24,12.78,43.46,53.18,24.86,29.58,13.14,27.76
92.23,60.77,93.95,54.97,63.06,15.84,17.64,65.17,51.64,13.46,72.22,6.07,30.51,23.94,179.39,51.12,51.63,7.43,19.28,48.07,65.15,361.1,239.41,100.87,51.36,91.55,13.16,46.05,197.96,5.95,29.39,19.8,14.53,22.15,113.54,17.72,21.9,85.5,17.13,26.52,49.95,28.59,29.67,24.97,12.76,45.42,51.89,24.88,29.24,13.21,28.27
93.61,61.49,96.9,55.4,63.08,16.25,18.28,64.94,52.45,13.28,72.94,6.08,31.38,24.92,181.08,52.43,50.37,7.5,20.0,47.34,67.09,384.39,240.24,98.87,52.81,94.08,13.52,47.38,206.04,5.73,29.62,19.97,14.79,21.89,115.41,18.25,22.19,85.75,17.19,26.34,50.1,28.69,30.02,24.93,13.2,45.85,51.36,24.44,29.63,12.98,28.18
94.34,62.32,102.56,57.25,64.46,16.95,18.67,65.42,52.12,13.32,72.94,6.28,32.37,24.82,185.53,53.84,51.83,7.95,20.06,46.73,68.46,370.1,243.89,99.97,53.56,94.85,13.16,47.52,209.36,5.72,29.64,20.19,15.16,22.46,122.16,18.1,22.44,83.52,16.57,28.2,49.61,29.04,30.31,25.05,13.52,45.69,52.18,24.73,29.63,12.84,28.07
94.55,62.18,97.79,56.92,64.01,17.01,18.95,65.57,52.47,13.42,74.04,6.26,32.61,24.81,183.59,53.06,51.98,7.55,19.79,45.55,67.98,396.89,239.56,97.28,53.83,92.01,13.04,47.46,207.08,5.65,29.49,20.21,15.27,21.95,120.76,18.52,22.16,87.58,16.68,27.73,49.7,28.76,30.02,25.18,13.1,44.2,52.64,24.13,29.06,12.84,27.96
94.82,63.51,98.11,57.67,61.7,17.57,18.88,66.02,52.57,13.0,75.82,6.52,31.95,24.31,188.72,56.26,52.28,7.1,21.31,45.47,67.93,398.67,232.45,93.54,54.03,91.56,13.17,48.59,214.35,5.21,29.0,20.14,15.31,22.17,121.51,18.97,22.24,83.74,16.06,26.97,52.86,28.95,30.13,24.95,13.37,44.95,54.31,23.65,28.9,12.53,28.04
94.83,64.36,95.08,58.37,61.61,17.6,18.6,66.79,50.65,12.75,76.52,6.52,31.14,25.44,188.25,56.52,52.86,7.13,21.78,43.46,68.1,405.89,239.66,90.57,55.06,89.96,12.77,48.19,210.14,5.39,29.31,20.16,14.58,22.36,123.41,19.32,22.49,84.32,15.86,25.6,51.04,28.87,30.37,25.1,13.31,44.79,54.09,24.36,28.27,12.12,27.26
93.85,64.31,90.11,58.68,63.17,17.03,18.05,66.55,51.29,12.57,75.66,6.5,31.32,24.9,190.96,55.9,52.51,7.24,21.7,43.68,69.43,392.51,242.24,88.23,54.62,89.61,12.93,49.11,214.34,5.43,27.11,20.18,15.17,21.77,119.29,18.88,22.27,79.5,15.75,23.65,50.35,29.09,30.39,24.75,12.95,44.95,53.97,24.65,28.15,12.31,27.34
93.01,63.67,92.0,56.58,60.52,16.04,17.89,65.48,51.23,12.34,75.57,6.61,31.23,24.95,191.37,54.86,52.41,7.2,21.33,43.03,69.61,379.63,245.7,89.32,54.18,88.08,12.48,48.98,218.14,5.3,27.89,20.04,14.99,21.15,120.14,19.12,22.15,78.65,15.99,23.51,48.92,29.13,30.26,24.46,12.94,44.96,54.04,24.95,27.32,12.25,27.34
93.39,64.19,94.46,58.15,60.52,15.28,18.42,67.1,52.92,12.17,72.85,6.48,31.27,25.86,196.34,56.76,52.63,7.4,21.84,42.38,70.3,369.97,248.12,91.33,55.71,88.27,12.44,50.0,218.67,5.41,26.64,20.14,14.94,21.22,121.97,19.55,22.61,76.47,15.66,23.39,51.34,29.05,30.96,24.78,12.98,44.95,54.9,24.35,27.96,12.17,26.63
93.81,63.26,97.43,57.93,60.97,15.33,18.73,69.55,53.34,12.16,74.38,6.36,31.36,26.16,195.87,56.93,52.68,7.49,22.15,44.3,70.49,353.63,245.36,91.35,53.77,89.24,12.58,51.12,220.4,5.42,27.05,20.44,15.26,21.87,123.76,20.03,23.16,77.61,16.31,24.37,52.33,28.96,31.03,24.94,12.99,45.87,56.31,24.55,28.93,12.04,26.34
94.37,63.67,94.87,58.21,60.85,15.11,19.62,69.62,54.8,12.52,76.63,6.35,31.95,26.1,195.19,59.25,51.71,7.26,21.35,42.93,71.76,341.5,251.45,90.61,54.6,91.1,12.62,51.0,222.13,5.47,25.9,20.85,15.52,21.72,124.41,20.38,23.43,80.11,16.35,24.68,56.36,28.99,31.41,25.48,13.4,47.16,56.0,24.66,28.46,11.96,25.72
93.62,63.5,92.88,59.6,59.85,14.9,20.25,68.64,53.47,12.36,77.12,6.36,32.78,26.12,191.0,58.2,50.93,7.42,21.6,43.24,70.45,336.46,247.05,89.66,54.38,91.73,12.79,50.95,215.1,5.42,25.35,20.59,15.19,21.53,121.91,20.46,22.96,77.84,16.17,24.53,58.1,28.37,31.52,25.32,13.11,46.45,55.66,23.57,27.39,12.29,25.06
94.24,64.08,91.92,60.46,60.11,15.39,19.97,69.66,54.66,12.3,78.48,6.38,32.81,25.64,195.61,58.36,50.49,7.55,21.48,45.2,71.43,325.62,254.56,93.19,54.7,90.88,12.95,51.55,214.3,5.47,24.79,21.21,14.93,21.84,125.36,20.2,23.28,77.64,16.76,25.83,60.18,28.63,31.51,25.51,13.27,47.49,55.55,23.59,27.63,12.68,25.67
91.48,64.75,88.4,59.39,58.64,14.87,19.09,68.94,53.6,11.58,75.06,6.24,32.03,25.03,187.58,54.83,49.58,7.51,21.61,43.78,68.84,316.2,254.78,91.5,51.64,88.05,12.32,48.74,214.41,5.44,22.92,20.44,14.5,20.93,123.71,19.16,23.13,73.86,16.74,26.51,55.95,28.34,30.87,24.97,12.95,45.09,53.95,23.11,27.28,12.32,25.1
93.43,65.76,89.07,60.02,59.08,15.48,19.89,71.05,54.32,11.63,74.66,6.41,32.97,25.82,196.0,55.29,49.57,7.57,22.15,43.29,70.21,335.39,257.17,91.93,53.17,90.04,12.42,49.74,223.46,5.5,22.56,20.65,15.02,21.56,125.17,19.44,23.1,78.87,17.21,26.89,55.22,29.02,31.33,25.33,13.21,46.52,54.59,23.55,27.34,12.37,25.07
94.0,67.7,89.1,60.4,59.17,15.97,19.46,71.88,56.06,11.67,75.66,6.55,32.79,26.49,198.74,54.04,50.11,7.5,22.59,43.35,72.51,334.54,259.02,90.31,53.43,87.0,12.42,51.3,232.6,5.55,22.67,20.55,14.79,22.08,127.7,19.02,23.06,79.09,17.6,26.66,56.55,29.09,31.41,25.45,13.49,47.36,55.05,23.86,27.01,12.58,24.91
93.63,67.91,88.75,60.39,59.69,15.96,19.47,72.37,54.85,12.03,75.11,6.29,32.0,26.1,197.45,54.98,46.67,7.38,21.61,43.88,72.03,333.76,264.16,89.52,50.33,89.82,12.25,50.34,238.78,5.58,21.96,20.32,14.92,22.41,131.37,18.4,22.96,77.96,18.18,26.5,58.18,29.41,31.15,25.24,13.38,46.83,55.37,23.1,26.65,12.76,25.03
93.76,67.39,88.76,61.56,61.8,16.09,19.92,74.27,54.31,11.78,76.79,6.43,32.1,26.3,202.24,56.75,45.53,7.31,19.85,44.43,71.12,313.35,262.12,89.12,50.63,89.3,12.27,50.15,245.41,5.58,22.73,20.46,15.15,22.52,134.45,18.36,22.78,81.51,18.6,25.95,61.23,29.22,31.28,25.3,13.22,46.07,56.48,23.15,27.03,12.72,24.72
93.9,67.2,87.69,59.89,61.61,16.38,19.97,74.11,53.87,11.59,74.82,6.25,31.82,26.99,201.96,59.32,45.45,7.23,19.92,45.21,70.82,316.22,264.8,89.81,50.81,91.82,11.84,50.41,242.18,5.51,23.55,20.31,15.09,23.14,134.22,17.92,22.68,80.62,19.35,26.95,60.34,29.45,31.24,25.04,13.31,46.43,56.93,23.13,27.18,12.49,24.51
94.53,66.88,89.41,60.03,62.7,16.7,20.22,74.04,53.65,11.52,72.79,6.33,32.14,26.88,203.02,59.5,46.61,7.08,19.96,44.38,70.37,331.32,263.72,89.28,50.1,94.37,11.76,48.99,238.06,5.67,24.6,20.18,15.05,23.13,132.16,17.99,22.37,83.24,19.87,25.08,60.68,30.04,31.02,25.81,13.5,48.15,56.64,23.5,27.76,12.52,24.36
96.36,67.59,89.83,60.11,62.95,17.23,20.47,75.74,53.25,11.93,74.96,6.48,32.48,28.25,208.7,57.83,47.35,7.09,20.36,43.96,71.93,353.62,262.94,86.96,51.96,98.24,12.13,50.79,238.75,5.69,24.6,20.23,15.2,23.75,138.43,18.5,22.46,87.94,19.48,24.3,63.66,30.17,31.4,25.89,13.7,47.15,56.87,24.36,27.54,12.44,24.68
96.95,68.82,91.44,60.6,64.55,17.77,20.46,75.54,53.92,11.7,75.84,6.62,33.83,29.0,210.37,58.51,50.82,7.14,19.74,44.08,74.16,343.49,268.4,87.62,50.15,97.32,12.69,51.14,243.28,5.81,24.43,20.32,15.88,24.19,140.28,18.84,23.03,84.56,20.1,24.28,61.59,30.33,31.2,26.1,13.75,46.43,57.47,25.17,27.56,12.92,25.1
97.95,70.67,93.76,62.36,65.31,18.17,20.92,77.57,54.56,11.91,76.83,6.74,34.18,30.18,218.49,60.9,51.3,7.13,19.7,42.94,77.71,329.79,272.82,88.48,51.24,100.56,12.42,50.84,250.72,5.95,25.62,21.16,16.74,24.4,139.35,18.93,23.26,82.76,20.35,24.43,59.12,31.09,31.87,26.27,14.16,48.04,57.97,24.44,27.25,13.41,25.37
99.36,70.42,94.42,63.33,66.15,18.37,21.26,78.41,54.76,11.88,75.77,6.92,36.37,30.94,220.63,60.85,50.85,7.5,20.02,43.78,77.19,338.72,273.53,87.66,55.04,101.26,12.89,50.66,256.02,6.15,25.6,21.51,17.34,24.75,136.02,19.97,23.44,85.35,19.6,24.61,60.35,31.33,32.31,26.26,14.44,48.31,58.96,24.72,28.03,13.78,25.53
100.02,70.33,94.99,62.59,66.44,19.11,20.71,77.4,55.1,11.8,79.13,6.78,36.3,30.1,218.48,61.6,50.05,7.25,20.72,43.93,76.75,365.93,264.09,86.94,54.7,105.63,12.58,49.83,254.28,6.0,25.12,21.11,17.42,25.38,134.8,19.81,23.59,88.05,19.15,24.24,62.16,31.21,32.09,26.13,14.6,49.15,58.85,25.62,28.08,13.76,25.2
101.22,71.84,91.72,63.67,67.72,19.85,21.69,78.82,54.74,11.99,80.13,6.91,36.1,30.11,217.99,62.52,52.09,7.39,20.04,44.35,79.49,382.49,263.97,86.51,55.17,104.03,12.59,49.22,254.96,5.95,24.9,20.9,17.57,25.16,135.04,19.73,23.58,93.27,19.71,25.22,62.6,31.12,32.18,25.73,14.5,50.26,60.11,26.14,26.73,13.98,25.85
104.03,75.07,91.97,65.06,68.11,21.28,22.67,80.63,55.66,12.38,83.14,7.32,37.55,31.71,220.27,62.23,51.69,7.62,21.05,46.5,79.63,417.43,270.17,88.81,56.31,104.6,13.25,50.39,253.12,6.1,25.34,21.02,17.65,25.6,137.3,20.0,23.91,95.82,20.06,25.53,60.12,31.94,32.75,26.2,14.89,51.24,61.53,26.44,27.38,14.81,27.43
104.44,75.64,91.42,65.98,68.8,21.73,22.22,80.54,54.38,12.36,81.31,7.48,37.51,32.56,224.58,62.72,51.56,7.63,22.05,46.43,80.31,410.33,264.08,91.63,57.08,111.61,13.13,50.71,256.96,6.2,26.97,21.47,17.08,26.36,138.88,21.27,23.83,97.59,19.93,25.51,60.4,32.35,32.6,26.32,14.79,50.28,61.6,26.88,27.57,14.62,27.85
103.59,74.14,92.11,65.0,68.05,22.29,22.51,78.4,54.9,12.21,77.72,7.31,36.94,32.58,221.28,59.48,51.16,7.66,21.93,47.19,81.06,411.62,267.3,88.11,56.61,113.26,12.63,50.81,253.76,6.21,26.71,21.17,16.93,25.96,135.63,21.96,23.55,94.23,20.01,25.69,59.83,32.13,32.22,26.85,14.49,49.67,60.2,26.39,28.01,14.46,27.99
104.17,75.03,92.12,66.34,68.8,21.18,22.33,79.84,54.85,12.4,77.28,7.17,36.78,33.58,221.81,61.29,51.21,7.75,22.55,47.93,81.04,418.25,259.79,89.3,56.42,116.27,12.94,49.9,255.33,6.2,27.93,21.64,16.71,25.46,132.27,21.45,24.2,93.53,19.87,25.52,59.43,32.4,32.58,27.2,14.86,50.31,61.07,26.49,29.43,14.61,28.72
103.9,74.74,92.52,65.93,68.36,21.35,22.1,78.74,52.97,12.02,78.27,6.95,36.92,32.71,221.44,62.8,52.28,7.57,22.4,48.64,81.77,405.81,267.53,87.6,57.1,115.1,13.07,50.45,253.03,6.13,27.71,21.73,16.45,25.57,129.55,21.75,24.01,92.35,20.66,26.27,58.97,32.59,32.96,27.48,14.81,50.52,61.22,25.61,29.63,14.81,29.02
103.45,74.97,89.5,66.12,69.82,21.81,22.69,79.26,53.41,12.44,78.85,6.95,37.28,32.11,219.05,62.75,53.82,7.54,22.21,49.25,82.67,381.16,266.94,87.43,59.18,112.59,12.97,51.19,250.86,6.11,26.27,21.45,16.66,26.34,124.98,22.23,24.29,91.53,20.31,25.62,60.2,32.33,33.34,27.44,14.64,50.22,60.03,26.21,30.2,14.9,28.72
104.04,76.82,90.11,65.37,69.82,21.93,22.67,81.38,52.19,12.42,78.76,6.92,37.53,32.43,219.7,64.52,53.56,7.46,22.05,49.83,86.49,375.95,270.36,89.36,59.56,107.14,13.0,51.24,255.67,6.21,26.98,22.37,16.72,26.77,124.47,22.02,24.59,92.81,20.9,26.62,62.13,32.65,33.58,27.59,14.56,51.22,60.23,26.65,30.06,14.84,28.38
104.8,78.67,90.74,65.97,69.69,22.32,22.38,81.22,52.6,12.77,78.67,6.86,37.8,32.57,220.39,63.35,54.75,7.49,22.61,50.5,85.98,399.18,268.87,91.57,60.07,106.8,12.7,50.99,256.43,6.37,26.83,22.75,16.13,26.8,126.38,22.01,24.63,93.26,21.05,26.0,59.82,32.39,34.31,27.77,14.69,50.83,59.89,27.12,29.98,15.15,28.08
103.87,77.06,89.68,63.93,70.26,21.72,22.04,81.38,52.29,12.49,77.14,6.87,38.48,31.26,217.85,62.57,53.78,7.49,22.46,49.81,86.73,387.36,270.54,92.97,58.72,107.32,12.8,49.37,254.28,6.39,26.39,22.98,16.55,25.96,126.23,21.49,24.62,93.95,21.12,26.65,60.28,32.61,33.75,27.79,14.34,50.09,58.57,27.41,30.58,15.16,27.95
102.42,77.68,88.12,63.09,69.99,21.13,22.3,79.88,52.28,12.45,77.72,6.8,36.76,30.97,214.36,59.96,53.23,7.51,21.03,48.46,85.09,374.34,259.94,91.27,58.04,105.23,12.86,48.56,251.39,6.25,25.87,22.81,16.54,26.14,122.6,21.44,24.01,92.43,21.26,27.06,61.23,32.29,34.0,27.07,14.33,50.26,57.47,27.33,30.33,14.85,26.91
102.14,77.49,90.68,64.11,69.46,20.85,22.42,80.65,51.78,12.27,78.31,6.67,36.13,31.35,215.88,59.75,54.2,7.65,21.11,45.4,84.02,359.65,263.17,89.35,57.05,105.89,13.12,48.28,250.83,6.14,25.34,22.94,16.49,26.43,123.29,20.8,24.29,93.17,21.24,27.01,62.4,32.56,33.74,26.63,14.39,49.71,57.75,27.57,30.73,14.77,27.31
103.5,78.82,92.58,63.19,71.75,20.67,23.22,81.71,51.19,12.27,79.83,6.72,38.33,31.59,212.09,60.19,52.68,7.76,22.41,47.7,83.47,369.11,261.82,92.07,58.34,111.02,13.5,48.18,246.65,6.28,25.4,22.7,16.65,26.43,123.07,21.41,24.71,96.99,21.22,25.56,63.24,32.59,34.48,26.36,14.24,50.27,58.59,29.68,30.72,15.51,28.16
104.96,78.21,93.99,61.73,71.82,21.16,23.54,82.96,53.46,12.3,80.64,6.79,38.59,31.61,213.61,61.43,53.87,8.21,22.66,47.98,83.47,373.84,263.03,94.18,56.19,115.1,13.75,49.35,251.12,6.51,26.82,22.99,17.51,26.84,123.75,22.33,24.9,100.68,21.25,27.01,65.3,33.48,34.96,26.02,14.5,51.63,59.57,29.54,31.62,15.67,27.84
106.9,76.81,95.24,62.72,71.64,21.86,23.87,85.33,52.55,12.48,83.4,6.83,40.16,32.53,214.55,62.68,53.55,8.74,24.21,50.22,83.08,402.81,266.67,94.72,55.61,110.97,13.81,49.27,252.79,6.54,28.12,23.52,18.2,27.19,124.55,22.83,25.16,102.18,22.04,28.4,62.33,33.86,35.38,26.44,14.51,52.02,60.74,30.02,32.19,15.67,28.07
106.49,77.39,95.15,62.18,72.02,22.18,23.87,85.33,50.71,12.13,81.28,6.85,39.59,32.28,209.32,62.47,52.59,8.72,23.41,49.49,84.24,402.78,265.43,92.84,55.22,108.19,13.88,50.29,249.18,6.5,27.88,23.42,18.15,26.77,126.28,22.78,25.21,101.16,22.13,27.98,63.55,33.87,35.24,26.62,14.63,52.02,61.36,30.19,32.19,15.71,28.35
107.11,79.26,97.53,62.92,71.33,22.1,23.6,85.56,51.57,11.89,82.28,6.73,39.77,32.58,212.79,63.58,52.68,8.69,24.06,50.87,85.9,402.49,271.84,94.46,54.54,110.33,14.17,49.3,246.38,6.43,28.39,23.27,18.17,27.15,123.89,23.95,25.02,101.84,21.89,28.83,63.94,33.72,35.29,26.76,14.64,54.13,61.92,29.88,32.96,16.27,27.53
105.2,78.06,94.16,63.25,70.45,21.09,24.67,86.59,50.35,11.52,82.5,6.51,38.64,31.57,206.33,62.75,51.14,8.39,23.88,49.71,82.04,392.37,265.23,92.79,53.3,102.64,13.8,49.09,242.76,6.43,26.78,22.98,18.02,27.69,119.6,23.78,24.63,99.75,21.36,28.87,63.2,33.17,35.24,26.3,14.3,52.29,60.3,29.36,32.34,16.24,27.5
105.69,78.68,97.45,63.2,72.43,20.21,24.73,84.09,51.32,11.75,82.57,6.49,39.13,31.14,207.6,61.85,50.81,8.46,24.63,51.6,81.32,396.34,264.98,92.22,53.55,98.76,14.21,49.74,248.31,6.41,25.95,22.85,18.37,27.61,121.46,23.54,24.95,98.42,22.53,29.21,64.48,33.15,35.76,26.73,14.33,50.96,60.33,29.72,33.26,16.89,27.84
105.51,80.47,99.78,62.48,73.39,20.06,25.03,86.83,49.96,11.71,79.04,6.42,39.73,30.64,203.98,62.18,52.53,8.81,23.01,53.53,84.58,391.06,258.93,91.55,52.53,95.42,14.21,49.91,254.53,6.6,25.52,23.24,18.74,27.77,119.51,22.22,25.68,96.68,22.39,29.31,63.99,33.5,35.83,26.56,14.35,51.88,60.61,29.01,34.59,17.16,27.77
105.45,79.78,101.41,62.42,70.59,19.54,25.64,86.58,49.45,11.7,79.0,6.48,40.29,30.46,198.07,62.57,52.29,8.74,22.89,52.9,86.79,399.97,253.95,88.5,51.78,97.8,14.25,50.39,261.93,6.55,24.31,22.89,18.1,27.94,121.05,21.15,26.04,99.91,22.68,30.04,65.41,33.41,35.8,26.27,14.49,50.46,59.78,29.16,34.21,16.61,27.0
106.14,80.51,102.18,62.4,71.35,19.03,24.34,84.97,48.23,11.58,79.55,6.46,40.72,29.98,200.05,63.35,52.68,8.91,22.72,54.54,84.41,407.09,261.36,87.19,52.61,103.92,14.44,49.88,273.95,6.73,24.15,22.7,18.22,27.9,120.81,21.84,26.23,102.8,22.89,29.28,68.12,33.86,35.54,26.62,14.61,50.43,58.98,29.49,34.04,16.9,27.38
105.37,79.7,99.93,62.06,70.88,18.97,25.72,85.4,48.42,11.48,77.93,6.32,40.48,30.19,199.01,62.89,52.14,9.05,22.07,53.13,83.48,394.68,267.63,87.97,51.8,98.84,14.23,51.05,273.17,6.55,23.03,22.91,17.69,27.91,122.0,20.92,25.97,98.27,22.89,29.84,69.58,33.17,35.95,26.5,14.44,49.8,57.97,29.09,33.86,16.78,28.07
105.99,78.02,100.55,63.01,70.57,19.22,24.99,88.94,48.26,11.52,79.56,6.35,41.47,30.33,197.85,60.32,52.46,8.97,22.58,52.8,85.34,404.73,271.68,85.96,51.14,96.24,14.13,51.66,272.57,6.6,22.81,23.7,17.67,27.87,121.19,21.05,25.88,100.41,22.99,31.56,71.03,33.63,36.76,26.51,14.03,49.19,58.2,28.98,34.06,17.18,28.63
106.07,77.69,98.13,64.13,72.39,19.34,25.48,91.87,50.5,11.91,76.76,6.29,40.77,30.88,199.15,62.47,53.03,8.69,22.76,53.25,85.39,401.97,270.21,86.21,49.99,90.74,14.02,52.78,279.0,6.67,22.59,23.98,17.43,28.01,123.9,20.87,25.65,101.64,23.39,31.49,68.07,33.44,37.23,26.86,14.43,48.43,58.34,28.58,33.06,16.72,29.73
106.73,79.48,100.25,64.78,72.84,19.85,26.4,92.5,51.62,12.09,77.96,6.43,39.74,30.62,203.65,61.84,53.83,9.01,22.55,54.54,86.27,395.14,278.7,86.47,48.86,92.57,13.84,53.54,280.19,6.64,23.71,24.52,17.61,28.11,124.06,20.53,25.77,100.06,23.3,30.35,68.58,33.86,37.96,27.36,14.55,49.67,58.66,27.87,32.99,17.45,29.32
107.25,80.44,100.56,63.73,73.0,19.5,26.2,93.45,51.83,12.24,77.84,6.48,40.81,30.26,201.54,64.15,54.84,8.9,22.17,55.83,88.58,413.41,281.89,86.99,48.15,90.27,13.8,54.19,279.14,6.98,23.42,24.85,17.07,27.6,125.3,20.11,25.79,99.44,23.75,31.31,65.7,34.26,38.65,27.71,14.4,48.08,58.73,27.28,32.8,17.14,30.51
106.31,79.53,103.79,64.63,73.01,19.61,26.01,94.58,51.7,11.95,78.6,6.43,40.63,28.43,200.23,63.85,54.53,9.23,21.08,57.08,88.27,390.25,278.38,87.5,47.66,92.49,13.95,53.55,274.02,7.05,23.83,24.68,17.61,27.76,126.32,20.43,26.39,95.76,23.87,30.67,63.84,34.5,37.98,27.55,14.16,47.44,58.36,27.52,33.04,16.91,30.53
106.88,81.37,106.04,64.6,73.45,19.89,26.63,95.69,52.1,12.57,81.48,6.56,41.77,27.79,203.63,65.0,54.54,9.3,21.26,57.09,86.32,368.45,284.57,87.4,46.6,94.23,14.04,53.36,277.66,7.14,24.06,24.98,18.1,27.8,128.51,20.14,27.0,98.42,24.17,30.84,64.43,34.96,38.6,27.5,14.08,47.87,58.76,27.91,33.83,17.01,31.5
104.43,79.94,106.76,62.29,71.54,18.99,26.39,92.51,50.48,12.66,79.1,6.5,41.98,26.97,198.07,64.36,53.04,9.28,21.05,55.62,84.89,345.85,285.54,85.95,44.57,88.85,14.37,52.47,263.49,6.88,23.74,24.88,17.87,27.08,128.94,19.12,26.63,95.56,22.73,30.45,63.11,34.59,38.16,27.07,13.81,47.5,58.27,27.76,33.2,16.05,31.05
103.8,77.64,109.75,61.55,70.65,19.98,25.49,90.68,51.92,12.27,80.19,6.36,41.57,27.16,199.57,63.8,53.73,9.37,21.14,54.37,84.74,334.6,288.7,83.62,42.66,89.62,14.68,52.31,266.39,7.0,23.75,24.56,17.86,26.9,128.91,19.03,26.76,94.01,23.15,30.35,61.38,34.09,37.77,27.35,13.68,47.88,57.37,27.1,32.98,16.21,31.3
104.73,77.9,108.36,61.93,70.45,19.75,26.55,90.28,51.6,12.36,81.18,6.41,41.57,27.12,203.37,62.65,55.21,9.34,21.72,55.62,82.02,339.17,290.15,84.38,44.54,93.07,14.5,52.39,273.09,6.84,23.8,24.6,18.18,27.05,129.28,19.36,27.05,95.41,23.84,31.1,61.94,34.47,37.91,27.59,13.65,48.18,57.96,26.55,32.9,17.04,31.25
105.3,78.66,112.06,62.34,71.01,19.59,26.7,89.94,51.99,12.73,83.9,6.51,39.99,27.47,205.96,63.87,55.09,9.13,22.5,55.62,85.37,339.63,282.92,85.6,44.59,95.52,14.57,52.04,272.69,6.86,23.59,24.32,18.18,27.68,133.43,18.59,27.37,99.7,23.82,29.6,63.57,34.38,38.84,27.35,13.69,47.5,59.99,26.19,32.88,16.62,31.27
104.38,77.85,111.9,62.33,70.17,18.87,27.9,91.26,52.41,12.25,87.46,6.52,38.27,27.05,205.61,63.55,56.58,8.92,21.9,52.94,83.95,334.44,277.42,83.17,43.23,96.14,14.45,53.41,277.83,6.73,23.07,23.97,17.1,27.69,136.27,18.45,26.4,91.94,22.76,28.34,64.32,34.04,39.44,26.73,13.66,45.85,58.95,26.21,31.86,16.45,31.9
104.83,79.33,111.87,62.87,72.25,19.37,26.37,92.63,53.05,12.47,87.24,6.54,38.51,26.98,209.28,64.5,57.19,8.95,20.91,54.89,85.08,323.18,282.84,82.93,43.57,91.41,14.54,52.17,281.35,6.78,23.71,24.69,17.77,28.94,141.02,17.83,26.48,91.99,22.86,28.61,67.36,34.29,39.93,27.27,13.68,46.26,59.36,25.89,31.79,16.68,31.57
104.76,77.88,109.89,63.03,72.97,19.39,27.49,91.88,52.47,12.14,90.25,6.59,38.66,27.41,209.04,65.97,58.43,8.74,20.93,54.3,83.74,311.99,282.44,81.42,42.93,94.63,14.56,51.82,276.83,6.77,22.69,24.2,18.14,28.87,138.21,17.48,26.4,89.29,23.93,29.01,67.21,34.07,40.52,27.13,13.66,46.25,59.49,26.35,32.7,16.76,31.59
103.28,76.95,112.53,60.95,72.61,18.44,28.07,90.21,52.1,11.98,89.57,6.45,38.6,27.29,209.65,66.23,56.5,8.47,19.79,52.77,83.48,310.37,276.41,81.34,42.59,88.87,14.26,49.93,283.27,6.77,22.71,22.87,17.79,28.86,137.43,16.49,25.95,90.83,22.81,28.69,65.06,33.56,39.59,26.01,13.16,46.38,58.64,25.65,31.9,17.33,31.72
102.9,76.43,111.14,61.07,72.34,18.23,27.15,91.1,53.2,12.05,89.01,6.26,38.4,27.51,208.65,64.4,58.55,8.12,18.98,53.75,83.65,317.74,269.99,78.97,42.9,88.26,13.98,51.19,278.26,6.5,23.09,23.45,17.88,28.22,137.06,15.82,25.36,92.42,22.97,27.88,65.19,33.18,39.31,26.03,12.86,46.83,58.76,25.19,31.3,17.27,31.4
102.58,77.41,111.17,62.63,72.83,19.0,27.26,90.58,54.04,12.08,84.94,6.25,38.44,27.64,210.37,64.68,56.91,8.29,18.14,54.21,86.21,323.98,267.48,78.25,41.84,86.78,13.69,51.47,279.84,6.47,23.65,22.96,17.27,27.99,138.83,15.79,25.88,88.28,21.59,27.07,62.22,32.98,39.43,25.82,13.1,47.81,60.04,25.46,31.51,16.98,32.0
101.84,77.2,112.23,62.61,70.41,19.16,26.0,89.43,55.08,11.92,82.9,6.29,36.82,27.78,210.24,64.52,55.58,8.12,16.75,54.42,87.63,324.14,266.06,77.9,40.49,88.63,13.45,52.21,282.39,6.39,23.79,22.69,17.3,27.57,137.44,15.99,25.52,86.25,22.08,26.2,63.08,33.3,38.96,25.4,13.09,47.13,60.03,25.64,32.17,17.24,32.27
102.71,78.49,112.26,61.64,71.18,18.72,26.35,89.74,55.05,11.74,83.21,6.34,37.93,27.79,209.81,65.5,54.87,8.15,16.26,55.19,86.11,341.22,260.81,78.77,40.26,87.8,13.25,52.1,275.65,6.37,24.51,22.58,17.17,28.35,141.16,16.19,25.48,90.19,21.81,29.44,61.51,33.44,39.06,25.31,13.08,47.42,61.27,25.88,32.09,17.61,34.15
103.75,81.06,114.21,62.48,70.99,19.23,26.97,90.08,55.53,11.74,84.17,6.68,37.53,28.87,211.52,66.74,54.27,8.34,15.98,55.89,86.43,342.75,264.76,78.37,41.33,87.68,13.32,53.38,282.11,6.28,25.55,22.77,17.34,28.97,140.41,15.72,25.55,93.94,22.18,28.81,62.14,33.98,39.26,25.67,13.01,48.66,62.6,25.41,31.25,17.42,34.97
102.32,79.83,112.14,62.02,73.2,18.2,26.59,90.23,55.31,11.92,84.64,6.66,37.95,27.84,208.62,64.41,53.44,8.2,15.7,57.33,85.04,330.54,263.95,76.99,40.36,80.52,12.7,52.08,282.0,6.3,24.67,22.49,17.24,28.62,140.97,15.71,25.35,88.77,22.02,28.78,59.65,33.67,38.96,25.33,13.2,48.67,61.73,24.65,31.34,17.67,36.45
102.86,79.54,112.14,63.18,71.73,18.36,26.81,88.9,56.38,12.13,86.27,6.54,38.21,27.89,213.43,63.19,51.42,8.14,15.36,56.88,89.4,340.89,272.99,77.82,41.35,79.57,12.93,50.72,271.95,6.47,24.99,22.6,16.96,28.9,141.32,15.96,24.88,86.73,22.27,28.41,62.94,33.8,39.17,25.48,13.11,47.79,61.24,23.55,31.63,18.32,37.64
102.22,80.81,112.98,63.86,70.25,18.1,26.01,88.51,56.34,12.3,83.86,6.51,37.44,27.16,215.88,61.35,51.74,8.06,14.74,57.96,85.34,342.45,267.54,77.5,39.14,80.73,13.17,51.94,267.1,6.58,24.57,22.47,16.45,28.19,142.09,15.25,24.58,84.02,23.36,28.89,63.44,33.71,39.44,25.48,13.19,47.37,60.3,23.71,32.63,18.4,37.62
101.84,78.44,111.89,63.95,71.18,17.44,25.67,89.38,57.39,11.97,81.56,6.62,38.32,26.81,215.9,61.9,51.5,8.25,15.11,59.55,86.24,326.64,268.35,77.16,39.67,81.5,12.95,51.94,262.02,6.61,24.5,22.45,15.83,28.26,140.4,15.61,24.44,81.9,24.12,30.14,61.29,33.91,39.76,25.99,13.35,47.3,60.22,24.57,32.47,18.76,37.42
101.9,76.81,112.59,63.55,69.69,17.35,25.87,87.35,57.54,11.8,81.51,6.53,38.38,26.23,215.0,63.94,51.07,8.41,14.9,58.96,85.38,333.74,267.52,77.85,39.19,84.67,12.62,52.56,258.65,6.61,23.95,23.05,15.61,28.66,142.54,16.21,24.32,78.07,23.49,30.39,63.74,33.82,39.63,25.6,13.22,47.9,59.29,24.01,32.65,19.12,38.29
101.9,75.97,112.1,63.98,70.53,17.0,25.48,86.51,59.83,11.86,81.42,6.54,38.28,26.09,207.42,62.6,52.7,8.27,15.45,58.14,85.15,334.4,269.03,79.21,38.94,85.44,12.75,51.84,256.34,6.9,25.74,23.26,15.21,28.4,142.93,15.91,25.04,78.41,24.22,29.3,63.57,34.15,39.16,25.59,13.56,46.92,59.21,24.68,33.78,19.1,36.72
103.84,77.59,111.41,64.5,73.13,17.37,26.01,86.54,60.68,11.69,82.53,6.6,38.25,26.65,211.07,63.31,52.05,8.34,15.79,57.6,86.53,364.96,270.82,78.18,41.3,86.58,13.17,51.67,258.49,7.11,25.97,23.94,15.34,28.16,144.17,15.78,24.86,80.68,24.95,30.83,63.58,34.49,39.22,26.1,13.46,46.53,61.18,25.34,34.52,19.01,37.37
104.42,78.19,112.26,64.63,73.21,16.68,25.05,85.37,61.26,11.54,86.84,6.68,39.28,26.81,214.22,63.2,51.46,8.5,15.8,56.93,85.23,364.62,281.45,78.38,39.1,88.72,13.43,51.63,266.63,7.1,26.11,24.12,15.32,28.74,140.86,15.17,25.13,78.72,25.71,32.87,62.79,34.52,38.77,26.86,13.3,47.45,60.34,26.9,34.64,19.76,38.76
102.17,75.04,109.52,63.63,72.15,17.03,24.58,82.86,58.73,11.36,89.5,6.55,38.73,26.53,205.47,61.69,50.92,8.34,16.89,57.91,81.79,339.63,270.23,77.52,39.29,83.51,12.97,51.38,263.2,7.05,24.84,24.17,14.93,28.51,140.95,14.47,24.74,77.25,24.51,33.67,60.35,34.2,38.25,26.86,13.12,45.82,60.43,25.69,32.67,19.34,37.94
101.57,73.39,108.49,64.1,72.02,16.28,24.8,84.48,56.69,11.38,86.17,6.41,38.32,26.79,201.41,61.53,48.85,8.08,17.46,56.6,81.25,343.38,272.79,77.72,39.98,82.67,12.99,51.73,260.25,7.11,24.86,23.54,15.14,28.09,143.65,14.92,24.39,76.64,24.61,33.12,58.49,34.25,37.78,26.3,13.36,44.76,61.13,25.08,33.29,19.08,37.17
102.37,74.67,108.35,66.66,72.86,17.33,24.77,83.63,57.0,11.59,85.2,6.37,38.69,25.99,206.72,62.35,49.1,8.32,17.41,57.77,82.24,348.92,274.48,76.99,39.68,85.09,13.12,51.33,263.23,7.29,25.12,23.28,15.18,29.01,143.06,14.95,24.71,76.43,26.15,32.18,58.76,34.1,38.4,26.65,13.55,45.06,61.32,25.08,34.15,18.75,36.78
102.49,77.1,110.8,66.34,72.97,17.12,25.49,84.76,56.34,11.33,83.65,6.3,38.21,24.95,205.39,62.29,50.7,8.62,17.07,58.5,82.91,341.28,273.22,76.98,40.54,88.55,12.96,50.64,263.13,7.57,24.66,23.2,15.32,29.26,144.07,15.27,24.82,75.67,26.67,31.53,60.85,34.64,38.41,26.64,13.63,46.15,61.67,25.17,33.82,17.59,36.44
102.95,80.28,112.61,68.46,72.03,16.88,25.42,86.38,56.88,11.47,85.55,6.38,39.66,25.08,204.33,63.34,50.86,8.92,17.99,57.99,82.53,335.92,268.06,76.16,41.63,88.12,13.05,50.56,264.04,7.47,24.23,22.96,15.24,29.64,145.42,16.11,24.55,77.11,24.87,31.07,64.8,35.08,38.92,26.88,13.49,47.31,62.71,25.22,34.35,17.14,35.88
103.95,80.18,114.64,68.01,71.89,17.69,26.78,87.89,55.85,11.32,83.38,6.39,38.98,25.31,206.54,62.83,50.91,9.29,18.27,60.33,83.92,341.84,276.47,78.3,42.71,88.3,13.38,50.04,265.21,7.61,25.3,23.09,14.89,29.19,144.09,16.34,24.54,81.61,25.84,31.36,62.39,35.1,39.18,28.06,13.47,47.39,62.36,25.44,34.38,17.68,35.84
103.92,81.06,114.15,68.8,72.89,17.81,26.49,89.24,55.74,11.38,85.75,6.5,40.31,24.97,211.99,63.03,51.85,9.58,18.84,62.35,84.13,312.29,280.03,81.07,41.06,84.02,13.42,50.79,270.87,7.75,25.6,23.63,15.33,29.87,145.79,15.88,24.94,81.15,25.94,31.91,62.23,35.38,39.61,28.36,13.18,46.64,63.12,24.87,34.19,18.22,35.46
102.37,80.83,108.44,67.28,72.88,17.21,25.91,85.6,53.71,11.33,82.73,6.12,39.74,25.86,199.99,61.36,49.44,9.53,18.3,61.02,82.6,318.43,285.74,79.26,41.12,83.13,13.58,50.24,264.6,7.51,24.27,23.01,14.79,28.69,140.09,15.55,24.98,80.65,25.71,33.22,59.11,35.19,38.97,27.5,13.08,45.63,62.64,25.27,33.74,18.42,36.8
101.83,82.53,105.25,65.61,73.06,17.02,24.36,84.59,51.82,11.1,84.02,6.12,39.6,25.65,200.13,60.66,50.06,9.29,17.89,61.64,82.64,312.83,289.19,78.6,40.91,84.95,13.31,49.66,266.02,7.38,25.96,22.34,14.42,28.08,136.61,16.36,25.09,80.36,25.4,33.04,60.16,35.6,38.67,27.23,12.9,45.13,61.83,26.47,33.58,19.54,37.14
100.64,81.1,107.3,65.35,71.68,16.66,23.68,82.38,51.67,11.06,81.94,6.23,38.82,24.79,195.44,59.71,49.16,9.42,17.07,60.69,83.14,301.89,293.21,76.33,40.46,85.38,13.34,48.6,262.95,7.43,25.31,22.55,13.91,28.04,137.95,16.45,24.78,75.75,25.32,32.51,59.7,35.99,38.9,26.86,13.15,45.43,61.03,26.51,33.15,19.34,36.49
100.27,79.92,109.23,66.77,71.77,16.46,22.86,83.09,52.03,11.2,81.35,6.34,38.39,25.18,194.84,59.66,48.61,9.64,16.76,60.51,85.85,282.76,298.93,78.48,40.02,87.36,12.88,49.19,264.27,7.31,25.74,22.71,13.82,28.07,136.13,16.45,25.05,76.99,25.32,33.57,59.56,36.21,38.96,26.51,13.31,45.5,61.57,25.96,32.78,19.02,36.5
101.35,79.27,110.67,68.44,70.81,16.57,23.19,83.23,52.73,11.49,82.69,6.15,38.27,25.37,198.49,60.95,48.01,9.56,16.76,61.21,85.87,300.18,301.37,80.0,39.51,88.88,12.69,49.03,266.01,7.16,27.37,22.3,13.79,28.63,139.07,15.78,25.2,79.26,25.69,32.6,59.6,36.05,38.87,26.25,13.57,47.75,62.74,26.78,32.54,18.94,37.43
101.25,77.6,111.22,67.82,69.82,16.45,23.65,85.26,52.61,11.47,82.33,6.2,38.02,25.15,199.99,62.16,48.22,9.54,16.42,60.13,85.15,306.94,292.07,78.08,38.72,89.77,12.01,48.94,267.1,7.3,27.85,21.98,13.37,28.47,141.26,15.3,24.85,81.87,25.64,32.51,57.92,36.04,38.04,26.26,13.88,48.85,62.63,27.0,32.28,18.77,37.11
100.92,76.73,115.93,66.64,69.75,16.52,23.26,83.66,52.64,11.54,82.53,6.49,38.1,24.35,204.37,60.82,48.6,9.28,16.6,60.18,85.03,299.44,293.08,76.83,39.02,91.35,12.33,50.44,268.42,7.32,26.54,22.07,13.37,28.7,141.49,15.08,25.55,77.91,25.51,30.65,58.5,35.99,37.89,26.34,14.0,47.91,63.69,25.97,32.88,18.21,36.69
99.35,75.26,113.64,65.56,68.32,16.72,21.7,83.46,51.78,11.48,82.4,6.49,37.1,24.63,205.08,60.34,47.69,9.17,16.13,58.89,84.26,295.09,280.82,76.03,38.23,89.9,11.87,49.88,268.67,7.2,25.4,21.9,13.19,29.0,142.67,14.5,25.26,77.55,25.12,30.17,55.88,36.01,37.15,26.06,13.98,47.28,62.69,25.85,31.72,17.67,35.24
97.68,73.97,112.63,65.38,65.75,16.27,20.62,82.98,51.16,11.04,79.98,6.35,35.8,24.91,201.03,59.16,46.61,8.89,15.79,56.82,80.51,301.71,272.34,76.74,38.17,88.95,11.69,48.96,266.2,7.04,24.08,21.67,13.26,28.55,139.98,14.77,25.05,72.58,24.91,28.82,55.86,35.54,36.61,25.86,13.93,44.47,60.88,25.7,31.82,17.67,33.86
97.47,73.86,118.07,64.77,65.52,15.79,19.7,83.44,50.55,11.05,79.67,6.27,37.18,25.27,202.51,59.04,46.06,8.95,16.05,59.29,79.89,295.32,266.79,76.87,38.66,90.96,11.63,47.55,264.87,6.9,23.7,21.51,13.54,28.21,139.56,14.6,25.62,70.93,25.99,28.84,55.97,35.96,36.8,25.88,13.79,44.42,59.69,26.14,31.95,17.61,33.69
98.75,74.8,124.55,65.99,67.01,15.43,19.94,85.55,50.2,11.67,80.11,6.62,36.7,25.97,205.39,61.66,47.69,8.99,16.23,57.74,80.27,304.42,270.66,75.23,38.88,88.02,11.65,47.23,268.36,6.96,23.81,21.57,14.02,28.25,144.55,14.22,26.33,71.03,26.32,28.47,58.61,36.04,37.42,26.24,14.01,43.15,59.68,27.39,31.82,17.4,34.06
98.77,74.95,122.38,66.27,67.23,15.11,20.0,83.79,50.85,11.61,79.12,6.4,36.35,26.07,199.25,60.85,50.41,8.89,15.66,54.46,79.73,322.09,281.32,76.04,37.14,87.57,11.49,47.05,269.14,7.07,23.44,21.4,14.19,28.67,144.5,14.06,26.35,70.95,26.45,27.65,57.23,35.41,37.27,25.77,14.09,43.19,59.44,26.94,31.91,17.33,34.34
96.94,74.59,119.34,66.0,68.2,15.38,19.74,82.65,49.16,11.58,77.8,6.21,36.85,25.97,199.13,61.37,49.99,8.54,15.61,53.73,77.63,301.63,278.93,72.89,35.64,85.66,11.29,45.77,272.18,7.23,23.57,21.19,13.82,27.43,138.66,13.61,25.65,71.72,24.72,27.16,55.44,35.12,37.3,25.64,13.83,42.42,58.48,25.87,32.39,17.13,34.09
98.33,75.98,120.03,68.01,68.26,15.07,19.2,84.67,50.87,12.15,80.2,6.22,37.74,26.2,204.79,61.55,50.04,8.54,15.37,53.28,78.24,313.39,282.0,72.3,35.25,88.44,11.45,46.3,275.19,7.37,24.26,21.5,13.58,28.31,136.84,13.28,26.23,70.76,24.9,27.82,56.99,35.24,37.81,26.11,14.06,42.9,59.44,26.28,32.9,17.7,35.1
98.2,76.48,120.01,67.87,68.44,15.24,20.05,85.14,51.37,12.11,81.39,6.23,37.18,25.74,198.57,62.54,49.34,8.56,15.25,53.2,79.11,300.87,288.08,73.72,34.78,88.42,11.5,46.63,269.66,7.53,23.93,21.96,14.09,28.67,139.43,12.91,26.43,68.65,25.06,27.33,55.49,35.4,37.96,26.55,13.59,42.13,60.04,26.84,32.64,17.76,35.04
100.32,76.22,120.15,69.3,68.66,15.26,20.41,86.42,53.82,12.16,83.81,6.47,37.05,25.64,200.09,62.77,49.66,8.6,15.65,54.74,78.64,319.79,299.29,74.34,36.29,92.73,11.52,46.3,273.03,7.86,26.06,22.7,14.66,28.91,139.18,13.96,26.59,72.91,25.99,26.32,58.05,36.28,38.47,26.97,13.52,43.79,61.43,26.85,32.47,18.1,35.04
99.94,74.68,122.85,69.64,68.96,15.48,20.07,86.84,53.27,12.16,83.58,6.67,35.77,25.71,205.36,62.63,51.06,8.36,14.78,56.06,79.55,318.5,297.77,76.13,36.06,93.12,11.21,46.66,273.93,7.62,24.09,22.72,13.96,27.92,139.28,13.72,25.83,73.56,25.58,25.56,58.11,36.27,37.65,27.09,13.67,43.83,60.55,26.66,32.71,18.26,35.44
97.76,75.26,122.73,68.66,66.84,14.94,20.19,86.14,50.34,11.94,78.0,6.57,35.64,25.28,200.94,61.36,49.17,8.35,14.88,55.94,77.16,299.91,301.4,77.04,33.79,89.75,11.03,45.88,267.64,7.48,21.93,22.78,13.93,27.67,139.32,13.12,25.47,69.15,25.46,24.07,57.14,35.65,37.18,26.87,13.63,43.88,59.27,25.68,32.28,17.62,35.21
97.6,75.01,123.2,68.14,67.26,15.08,19.91,85.23,50.36,11.84,77.92,6.7,35.46,25.68,198.32,61.15,49.93,8.16,15.58,54.02,77.54,305.08,310.98,76.69,34.23,90.62,10.9,44.85,268.23,7.29,20.7,22.3,13.45,27.52,139.9,13.37,25.41,69.77,24.97,23.55,55.94,35.06,37.35,26.75,13.73,43.25,59.42,25.32,32.02,17.17,35.09
97.78,77.08,117.04,67.5,65.33,15.27,20.45,85.08,50.83,12.08,78.95,6.83,35.16,26.37,198.12,61.54,50.06,8.02,15.95,52.28,80.8,304.51,310.61,77.64,34.43,86.9,10.84,45.76,271.84,7.16,20.61,22.57,13.47,27.61,139.04,13.62,25.4,71.81,25.39,23.73,54.84,35.21,37.91,26.76,13.88,43.44,60.18,25.97,31.13,16.76,33.77
100.48,77.85,121.08,68.33,68.36,16.36,20.18,85.77,52.74,12.14,79.55,6.93,35.49,27.24,201.42,63.14,51.09,8.13,16.53,54.03,84.55,341.96,318.22,79.65,35.37,89.16,11.06,47.53,281.02,7.22,20.84,23.21,13.8,28.43,141.96,14.51,25.46,75.79,26.08,23.41,55.12,35.79,38.49,27.44,13.88,43.69,61.09,25.7,31.29,16.74,33.9
101.13,80.44,121.67,69.16,68.3,16.54,20.8,85.54,52.28,11.88,82.33,7.23,34.7,27.05,206.67,65.61,51.78,8.12,15.65,54.04,85.2,334.37,315.97,81.43,35.33,86.89,10.77,48.5,288.68,7.15,21.02,24.04,13.98,28.12,143.37,14.39,25.85,74.45,26.96,24.42,55.1,35.85,38.99,27.95,14.01,43.99,61.81,26.92,31.42,16.66,33.76
98.54,79.18,118.92,70.25,68.13,16.06,20.45,84.07,51.69,11.7,82.08,7.3,33.47,26.23,201.09,63.81,50.54,8.08,15.59,52.55,84.29,312.79,298.21,81.03,34.71,82.35,10.33,48.2,291.34,6.93,20.71,22.88,13.61,27.33,138.68,14.16,25.36,69.42,25.98,25.05,54.6,34.65,39.01,27.35,13.63,44.67,60.66,26.37,31.09,15.55,33.41
99.35,78.97,120.22,69.76,69.35,16.11,20.94,83.15,51.87,12.01,82.79,7.39,33.4,25.56,202.78,63.91,48.91,8.16,15.54,54.28,82.12,318.65,303.5,80.78,35.46,83.01,10.46,47.1,288.68,6.79,21.12,22.97,14.08,27.18,140.89,14.47,26.08,70.48,26.5,26.39,53.88,35.13,39.26,28.22,13.6,44.35,61.4,26.67,31.51,15.97,34.23
100.16,79.02,122.81,70.08,69.72,16.69,20.98,81.45,52.26,12.23,84.65,7.36,33.94,25.62,200.52,65.85,49.63,8.21,15.92,52.76,84.3,333.56,308.1,79.04,35.42,82.26,10.18,47.54,294.91,6.92,21.13,22.6,13.69,27.22,139.5,14.42,26.71,65.91,26.38,27.56,55.75,35.72,39.47,28.63,13.53,43.89,61.97,27.12,32.07,16.15,33.62
99.65,77.6,119.32,68.99,68.93,16.69,20.33,79.65,53.24,12.17,83.01,7.25,34.54,25.08,200.25,65.42,49.39,8.22,16.26,53.22,82.77,342.17,310.22,77.99,36.19,83.99,10.13,45.96,287.48,6.93,21.94,22.99,13.69,26.11,136.47,14.84,26.99,66.25,25.08,27.77,53.48,35.43,39.01,29.1,13.21,42.76,61.0,27.75,31.94,16.06,33.27
99.09,78.24,116.13,68.18,68.69,16.34,20.29,77.9,53.63,11.92,85.44,7.22,34.69,25.73,195.9,65.17,49.11,7.99,16.15,52.24,83.66,342.16,311.03,76.29,36.58,82.11,9.84,45.22,279.59,6.82,21.79,22.58,13.28,25.47,138.2,14.23,26.43,64.94,24.99,28.2,55.29,34.46,38.88,28.4,13.07,42.21,60.79,29.41,31.53,15.69,33.15
100.01,75.83,116.03,68.4,69.78,16.35,20.78,76.7,53.63,11.81,85.45,7.24,35.23,25.68,199.61,65.4,50.01,8.13,16.67,52.44,86.27,352.27,310.37,77.3,36.61,81.9,9.92,45.46,279.55,6.84,21.4,22.97,13.64,26.1,140.72,14.27,26.55,66.0,24.6,28.33,55.97,35.23,38.96,28.68,13.04,43.07,61.61,29.38,32.75,16.28,32.24
100.95,76.94,119.78,67.79,71.27,17.24,20.56,77.63,55.03,11.43,85.58,7.28,36.21,26.44,197.88,61.72,48.85,8.19,17.22,53.39,86.29,366.05,312.16,76.47,37.24,86.37,9.96,45.34,288.53,7.2,21.89,23.18,13.7,25.76,139.33,14.98,26.45,67.83,24.65,28.48,56.85,35.45,39.21,28.9,12.91,42.45,62.55,29.14,32.75,16.47,32.46
99.43,77.88,117.67,67.62,69.2,17.43,21.14,78.2,54.56,11.95,86.04,7.22,36.95,25.89,194.22,62.55,47.74,7.88,16.09,54.51,85.82,340.57,302.19,75.07,37.09,81.8,9.66,46.75,292.21,6.75,21.8,22.52,14.01,25.56,137.96,15.1,26.08,62.19,23.83,28.51,56.57,35.32,39.23,28.14,13.1,42.01,62.94,28.56,32.14,16.14,32.09
99.3,77.77,115.08,67.9,69.24,16.52,22.01,77.59,52.65,12.28,82.56,6.84,37.82,25.47,191.53,62.67,48.66,8.05,15.95,55.48,83.97,359.12,299.42,75.76,36.64,81.87,9.52,44.84,293.31,6.63,21.78,22.07,14.24,25.82,134.2,14.63,25.73,64.82,23.3,30.16,53.74,35.68,38.96,27.77,13.06,39.91,62.57,28.52,32.92,15.72,32.62
100.39,76.5,113.85,68.33,68.08,16.86,21.43,79.01,53.75,11.92,82.55,6.79,38.84,25.64,191.3,64.29,50.29,8.09,15.94,57.41,84.03,373.9,299.0,77.56,36.83,80.54,9.68,45.44,301.1,6.4,21.95,22.48,14.78,26.83,134.11,14.54,26.15,61.97,24.28,32.48,55.79,35.67,38.79,27.4,13.12,40.91,63.08,27.52,33.79,15.84,34.66
102.56,77.18,118.43,68.3,68.89,16.21,20.61,80.91,55.11,12.09,83.71,6.79,40.34,26.27,195.62,65.34,49.18,8.11,16.62,56.45,83.99,419.25,303.42,78.69,38.17,82.31,10.0,44.81,304.35,6.49,22.09,22.99,15.14,26.56,135.27,14.74,26.34,63.77,26.15,33.0,55.17,36.4,38.95,27.6,12.88,41.18,64.45,27.23,33.62,15.98,35.94
105.62,79.45,122.61,70.52,72.05,17.03,20.52,81.8,57.17,12.32,85.72,6.91,40.7,27.76,203.01,65.63,49.59,8.32,18.08,58.86,85.74,437.09,308.47,84.55,39.46,84.89,10.36,46.5,311.73,6.87,23.01,23.42,15.69,27.19,137.39,14.99,27.01,69.46,26.71,34.06,55.81,37.27,39.43,28.28,13.33,42.67,65.44,29.52,35.03,16.5,36.8
105.24,78.81,126.34,70.86,72.27,16.66,20.97,82.05,56.36,12.14,84.3,6.83,40.37,27.05,201.62,64.61,50.03,8.25,18.82,58.67,82.71,430.98,313.74,82.04,38.93,83.59,10.06,46.26,307.55,6.79,23.54,23.02,14.93,27.18,139.85,15.66,27.16,70.14,26.58,32.36,55.0,36.66,39.16,28.31,13.19,43.3,66.87,30.33,34.56,16.7,37.29
104.71,77.24,125.09,70.77,71.49,16.19,21.08,79.61,57.83,12.06,83.95,6.85,39.51,27.07,204.03,65.03,51.81,8.37,19.33,59.13,83.97,421.2,313.86,79.77,40.19,85.78,10.16,45.96,314.51,6.69,24.09,22.87,15.06,27.84,139.68,16.58,27.05,66.5,25.77,31.84,54.77,36.65,39.09,28.55,12.92,42.65,65.57,29.04,34.31,15.97,36.66
104.75,78.57,130.09,72.12,74.02,16.28,21.48,79.96,56.6,11.69,85.31,6.91,39.06,27.54,203.8,64.26,51.23,8.36,18.58,57.35,85.14,409.89,309.35,82.43,40.56,81.68,10.22,46.13,317.18,6.75,24.22,22.85,15.02,28.04,139.99,16.96,26.68,67.14,25.99,31.59,56.72,36.45,39.48,28.5,13.22,44.51,64.89,29.81,34.45,15.66,35.59
105.45,78.51,133.5,72.35,73.16,15.66,21.35,80.43,55.31,11.52,86.4,6.92,39.33,27.71,204.47,63.76,51.33,8.35,19.23,55.92,84.79,428.09,317.66,81.44,41.95,81.68,10.32,46.42,303.84,6.81,23.81,22.7,15.0,27.75,140.53,17.48,27.07,71.4,25.61,31.82,58.23,36.24,40.2,28.29,12.99,44.85,65.15,29.96,34.77,15.28,35.14
106.48,77.89,132.98,69.86,72.41,16.03,20.72,80.02,54.5,11.43,86.21,6.88,39.47,28.59,202.84,63.62,51.42,8.14,20.81,54.77,83.54,447.0,314.91,82.17,43.64,80.16,10.7,46.88,299.53,7.07,24.97,23.08,14.98,28.59,142.87,17.29,27.63,75.95,26.07,31.08,64.04,35.67,39.61,28.37,13.07,45.51,64.32,29.96,35.44,15.47,35.98
105.79,76.82,132.12,69.31,72.6,15.4,20.89,80.44,53.26,11.0,85.76,6.91,40.28,27.74,199.16,62.77,53.15,8.4,19.59,54.82,81.94,442.25,324.45,82.41,42.59,82.17,10.75,46.84,298.35,7.1,24.93,22.26,15.28,27.68,136.2,17.04,27.83,72.19,24.79,31.58,62.76,35.58,39.44,28.8,12.83,45.26,63.34,30.72,36.29,15.79,35.4
108.24,79.85,132.99,69.95,71.25,16.12,21.18,81.03,52.99,11.37,90.07,7.23,40.39,28.21,202.15,62.95,51.44,8.67,19.66,55.75,82.37,469.13,329.36,85.04,43.47,86.48,11.27,48.4,297.67,6.98,26.84,23.06,15.25,28.74,139.84,17.39,27.5,77.51,24.69,32.81,64.02,35.71,40.88,29.28,13.2,45.97,64.34,31.55,36.17,15.65,35.87
107.93,81.56,135.23,70.75,70.71,15.85,21.03,81.21,52.25,11.43,86.4,7.15,40.07,28.37,203.05,62.54,52.06,8.83,19.27,56.03,81.86,463.19,330.49,85.19,42.44,88.13,11.63,49.33,293.94,6.93,27.51,22.87,14.78,28.07,141.19,16.69,27.65,76.76,24.3,33.77,62.51,36.04,40.97,29.47,13.01,45.39,64.95,31.66,35.93,16.38,36.9
108.12,79.4,135.87,72.12,68.63,15.92,20.89,81.44,51.38,11.31,86.87,7.18,39.51,29.24,201.56,64.18,53.76,8.83,19.07,56.78,83.55,471.69,317.18,85.73,42.68,87.6,11.58,49.21,290.45,6.73,27.65,23.26,14.59,27.93,139.9,16.63,27.67,77.25,24.21,35.03,63.44,36.26,40.49,28.93,12.98,46.15,65.38,31.94,36.22,16.72,36.59
107.33,79.98,138.72,70.69,68.23,15.86,20.3,81.6,51.25,11.35,88.79,7.19,40.27,30.04,199.9,63.78,54.43,8.9,18.59,58.72,82.79,453.53,315.29,83.82,42.32,84.33,11.58,50.0,281.56,7.05,27.44,23.05,14.24,27.17,138.54,15.88,27.15,75.58,24.0,35.18,62.69,36.47,39.85,28.81,13.12,46.45,65.04,31.94,35.38,16.9,37.3
106.64,80.55,139.95,73.03,68.18,16.3,20.31,83.46,49.46,10.95,86.87,7.05,40.41,29.6,196.36,61.26,53.3,8.64,18.31,58.05,81.06,458.18,311.92,81.54,41.63,82.45,11.53,48.86,278.21,7.06,26.82,22.94,13.7,26.95,137.81,15.41,27.25,74.95,23.99,34.17,65.61,35.37,39.34,28.63,13.01,47.28,65.0,31.24,34.99,16.87,36.73
108.01,80.98,140.53,72.92,69.96,16.11,19.86,81.63,49.91,11.09,87.83,7.11,40.77,30.68,198.4,61.37,52.42,9.06,18.8,61.42,80.8,476.67,322.82,82.68,41.0,80.54,12.14,50.12,285.52,7.08,25.91,23.09,13.62,26.71,138.61,15.22,27.58,75.41,25.07,35.37,67.03,36.42,39.07,28.61,13.11,49.01,65.51,31.02,35.82,17.43,37.17
107.97,77.95,138.52,73.36,71.22,15.71,20.58,82.88,49.64,11.15,85.03,7.25,40.94,30.56,194.47,61.47,52.81,9.01,18.54,60.11,81.82,489.91,321.95,81.69,41.11,77.38,11.67,50.24,280.68,7.05,24.87,23.22,13.11,27.35,142.41,15.12,28.12,73.14,25.28,36.74,68.57,36.07,39.35,28.11,13.2,46.57,64.49,30.93,35.79,16.71,37.52
108.77,76.67,139.96,71.79,71.0,15.84,20.7,82.28,47.98,11.02,86.07,7.18,39.49,30.49,197.4,60.22,51.31,9.08,18.56,59.96,84.53,533.01,319.99,81.96,42.03,79.18,11.51,50.37,281.32,7.1,25.88,23.22,13.14,27.05,142.46,15.54,27.54,74.71,25.14,35.83,69.55,35.8,39.01,28.11,12.84,45.0,64.1,30.47,34.85,16.87,36.98
110.75,76.97,137.8,70.58,71.06,15.41,21.02,82.74,48.06,10.87,87.6,7.09,40.06,29.87,201.15,59.82,50.38,9.06,19.01,62.57,81.43,597.82,323.93,85.09,42.62,79.98,11.28,49.4,278.83,7.25,26.69,23.77,12.94,27.74,137.9,16.36,27.73,75.8,25.19,35.9,70.67,35.7,38.24,27.83,12.69,45.01,63.11,31.7,35.6,17.43,36.77
112.85,79.11,136.7,69.6,73.56,16.21,21.26,83.8,48.97,10.89,92.12,7.15,39.28,29.66,201.61,59.91,53.23,8.91,19.34,61.55,83.07,645.87,325.11,84.82,43.67,80.38,11.29,50.64,285.88,7.13,25.8,24.26,13.3,27.64,137.08,16.71,27.93,76.65,25.7,36.15,69.33,36.18,38.14,28.24,12.62,44.4,62.6,32.05,36.42,17.9,37.31
112.69,80.83,131.79,71.27,74.85,16.16,20.73,85.81,50.01,11.0,91.11,7.31,38.27,29.24,200.77,59.41,53.5,8.78,19.9,61.57,84.18,629.77,328.13,83.6,44.52,80.51,11.15,50.51,288.04,7.04,25.25,24.84,13.28,27.42,137.4,16.38,28.33,80.09,26.34,36.19,69.03,36.39,37.92,28.17,12.84,44.4,63.77,32.13,36.86,18.04,36.42
115.08,81.62,135.44,71.33,75.43,16.18,20.39,87.53,51.3,11.29,92.4,7.42,39.51,30.15,203.52,61.81,53.66,8.97,20.48,63.18,83.78,675.58,330.63,83.99,45.95,84.25,11.45,50.82,292.09,7.25,27.02,24.34,13.08,27.58,138.09,16.48,28.45,82.92,25.29,35.07,68.57,37.11,38.61,28.26,13.08,46.1,64.55,34.34,36.86,18.27,35.86
117.48,83.16,131.96,72.29,77.21,15.94,20.77,86.95,51.28,11.01,93.75,7.48,41.58,30.78,206.64,60.32,52.99,9.13,21.57,68.92,84.63,729.55,340.97,83.17,46.58,84.47,11.6,52.33,294.76,7.47,27.62,24.34,13.49,27.84,137.46,16.61,28.57,84.71,25.83,34.82,68.01,37.42,38.62,29.04,13.31,44.45,65.24,35.16,35.6,18.41,36.93
118.94,85.35,131.25,70.78,78.06,15.7,21.87,86.6,53.0,11.1,96.29,7.57,41.25,30.62,210.37,58.79,52.15,8.97,20.51,67.76,87.09,772.23,345.94,80.85,46.71,84.38,11.87,52.8,302.1,7.42,28.87,23.87,13.98,28.02,136.84,16.86,28.93,83.75,26.19,32.0,68.9,37.59,38.76,28.45,13.48,45.99,65.5,34.76,35.66,18.51,37.61
119.66,83.57,128.63,70.74,78.58,15.47,22.74,85.76,51.45,10.74,97.02,7.56,38.96,30.69,212.07,58.06,50.94,8.89,20.99,67.44,84.59,805.86,357.12,81.9,46.94,86.59,11.74,52.49,298.04,7.85,29.11,24.02,14.16,27.73,134.81,17.79,28.83,81.1,26.34,31.17,67.81,37.66,37.76,28.33,13.85,45.38,65.88,35.03,36.15,17.79,38.08
119.08,82.69,134.22,70.85,77.98,15.34,23.56,86.67,52.1,10.58,96.45,7.49,37.39,30.44,212.61,59.38,51.07,8.68,21.96,67.31,84.98,780.56,350.07,80.79,49.01,87.4,11.96,52.24,307.58,7.8,29.04,23.52,13.9,27.93,134.09,17.66,27.98,87.2,25.25,31.84,68.05,37.52,37.88,27.94,13.77,44.97,66.48,33.79,36.21,17.75,37.63
118.3,81.74,130.15,71.66,77.7,15.29,23.06,86.81,52.07,10.7,97.95,7.54,38.65,29.54,210.02,60.92,51.29,8.7,21.84,67.24,83.48,740.73,362.72,79.92,49.15,90.36,11.71,52.21,313.45,7.88,30.15,23.76,13.97,28.03,134.66,17.84,27.59,87.14,24.48,33.3,66.68,37.02,38.31,27.82,13.61,45.41,66.92,33.72,36.64,17.41,37.91
119.5,81.57,133.61,71.44,77.17,15.21,23.46,85.39,53.7,10.47,99.01,7.44,38.92,30.16,209.58,61.2,51.8,8.63,22.57,65.03,82.73,756.9,359.4,79.71,51.83,92.55,12.02,52.57,310.54,7.85,32.12,23.45,14.38,28.05,132.24,18.74,27.46,89.98,25.18,34.69,66.22,36.5,38.38,27.84,13.9,45.65,68.2,33.96,36.87,17.51,39.16
120.41,78.94,134.18,71.34,77.93,15.3,22.4,83.24,53.75,10.47,101.71,7.31,39.66,29.46,206.33,60.63,53.68,8.71,22.03,67.0,80.56,782.46,361.94,81.08,51.2,91.36,11.9,51.79,308.83,8.07,33.63,24.07,14.48,27.92,132.75,17.9,27.8,89.63,25.63,37.23,68.04,37.02,38.3,28.66,13.9,45.86,67.85,33.19,36.82,17.72,39.49
120.93,77.04,135.65,70.2,79.34,15.17,21.9,82.89,54.62,10.67,101.13,7.09,40.26,29.04,205.22,59.37,53.44,8.73,22.29,66.5,80.86,799.62,377.09,79.69,51.14,92.99,11.96,52.21,299.73,8.41,33.23,24.99,14.71,27.35,131.93,18.15,27.55,88.07,26.91,36.67,65.84,36.92,38.0,29.11,13.61,46.57,67.91,33.13,37.51,17.63,39.53
120.92,77.59,133.28,70.37,78.65,14.74,22.01,83.08,55.18,10.44,98.94,7.12,40.96,29.29,206.44,59.21,51.62,8.5,22.01,68.69,79.89,809.85,392.62,80.5,50.41,89.57,12.05,51.97,296.91,8.21,31.62,25.32,14.25,26.96,130.05,18.18,27.42,88.76,26.83,36.07,66.48,36.5,37.67,29.76,13.66,45.2,67.62,33.33,37.84,17.4,39.68
118.51,77.73,130.24,68.05,77.87,14.64,22.17,81.36,53.43,10.29,97.1,7.08,40.98,28.76,206.74,58.19,51.73,8.4,21.29,67.32,78.78,772.88,388.83,80.91,47.63,88.18,11.92,51.91,295.55,8.2,30.22,25.29,14.12,26.09,126.69,17.2,27.37,82.65,26.94,34.76,64.95,35.95,38.05,28.8,13.48,44.99,67.89,32.7,37.18,17.29,39.12
117.16,75.69,128.89,67.92,76.28,14.19,22.8,83.12,55.13,10.24,97.09,6.92,41.34,29.46,206.11,56.34,51.17,8.13,20.81,65.21,79.54,750.4,378.86,79.38,46.32,85.05,11.74,53.43,301.56,8.15,28.65,25.16,13.68,26.67,129.84,16.88,26.77,79.37,26.12,33.94,63.82,36.26,37.65,28.78,13.69,45.09,67.3,31.42,35.71,17.43,39.91
